id;instrumento;acorde;acorde_enarmonico;tonica;tonica_pt;qualidade;formula_intervalar;variacao;afinacao_grave_para_agudo;casas_grave_para_agudo;dedos_grave_para_agudo;notas_resultantes;casa_inicial;pestana;cordas_abafadas;cordas_soltas;baixo;dificuldade;observacoes;fonte
violao-C-1;violao;C;;C;Dó;maior;1 3 5;1;E-A-D-G-B-E;8-7-X-0-8-0;2-1-X-0-3-0;C-E-X-G-G-E;7;não;3;4,6;C;avançado;"Numeração das cordas no CSV segue a ordem grave→agudo. X=abafada; 0=solta.";Dicionário anexado e voicings normalizados/gerados a partir da afinação padrão.
violao-C-2;violao;C;;C;Dó;maior;1 3 5;2;E-A-D-G-B-E;X-3-2-0-1-0;X-3-2-0-1-0;X-C-E-G-C-E;1;não;1;4,6;C;iniciante;"Numeração das cordas no CSV segue a ordem grave→agudo. X=abafada; 0=solta.";Dicionário anexado e voicings normalizados/gerados a partir da afinação padrão.
violao-C-3;violao;C;;C;Dó;maior;1 3 5;3;E-A-D-G-B-E;8-10-10-0-8-0;1-2-3-0-1-0;C-G-C-G-G-E;8;"sim; dedo 1 na casa 8, cordas 1 a 5";;4,6;C;avançado;"Numeração das cordas no CSV segue a ordem grave→agudo. X=abafada; 0=solta.";Dicionário anexado e voicings normalizados/gerados a partir da afinação padrão.
violao-Cm-1;violao;Cm;;C;Dó;menor;1 b3 5;1;E-A-D-G-B-E;X-3-1-0-1-3;X-2-1-0-1-3;X-C-D#-G-C-G;1;"sim; dedo 1 na casa 1, cordas 3 a 5";1;4;C;intermediário;"Numeração das cordas no CSV segue a ordem grave→agudo. X=abafada; 0=solta.";Dicionário anexado e voicings normalizados/gerados a partir da afinação padrão.
violao-Cm-2;violao;Cm;;C;Dó;menor;1 b3 5;2;E-A-D-G-B-E;X-3-5-0-4-3;X-1-3-0-2-1;X-C-G-G-D#-G;3;"sim; dedo 1 na casa 3, cordas 2 a 6";1;4;C;intermediário;"Numeração das cordas no CSV segue a ordem grave→agudo. X=abafada; 0=solta.";Dicionário anexado e voicings normalizados/gerados a partir da afinação padrão.
violao-Cm-3;violao;Cm;;C;Dó;menor;1 b3 5;3;E-A-D-G-B-E;X-3-X-0-4-3;X-1-X-0-2-1;X-C-X-G-D#-G;3;"sim; dedo 1 na casa 3, cordas 2 a 6";1,3;4;C;intermediário;"Numeração das cordas no CSV segue a ordem grave→agudo. X=abafada; 0=solta.";Dicionário anexado e voicings normalizados/gerados a partir da afinação padrão.
violao-C7-1;violao;C7;;C;Dó;sétima dominante;1 3 5 b7;1;E-A-D-G-B-E;8-7-8-0-8-0;2-1-3-0-4-0;C-E-A#-G-G-E;7;não;;4,6;C;avançado;"Numeração das cordas no CSV segue a ordem grave→agudo. X=abafada; 0=solta.";Dicionário anexado e voicings normalizados/gerados a partir da afinação padrão.
violao-C7-2;violao;C7;;C;Dó;sétima dominante;1 3 5 b7;2;E-A-D-G-B-E;8-X-8-0-8-0;1-X-1-0-1-0;C-X-A#-G-G-E;8;"sim; dedo 1 na casa 8, cordas 1 a 5";2;4,6;C;avançado;"Numeração das cordas no CSV segue a ordem grave→agudo. X=abafada; 0=solta.";Dicionário anexado e voicings normalizados/gerados a partir da afinação padrão.
violao-C7-3;violao;C7;;C;Dó;sétima dominante;1 3 5 b7;3;E-A-D-G-B-E;8-7-8-0-8-8;2-1-3-0-4-4;C-E-A#-G-G-C;7;não;;4;C;avançado;"Numeração das cordas no CSV segue a ordem grave→agudo. X=abafada; 0=solta.";Dicionário anexado e voicings normalizados/gerados a partir da afinação padrão.
violao-Cmaj7-1;violao;Cmaj7;;C;Dó;sétima maior;1 3 5 7;1;E-A-D-G-B-E;X-3-2-0-0-0;X-2-1-0-0-0;X-C-E-G-B-E;2;não;1;4,5,6;C;iniciante;"Numeração das cordas no CSV segue a ordem grave→agudo. X=abafada; 0=solta.";Dicionário anexado e voicings normalizados/gerados a partir da afinação padrão.
violao-Cmaj7-2;violao;Cmaj7;;C;Dó;sétima maior;1 3 5 7;2;E-A-D-G-B-E;X-3-X-0-0-0;X-1-X-0-0-0;X-C-X-G-B-E;3;não;1,3;4,5,6;C;iniciante;"Numeração das cordas no CSV segue a ordem grave→agudo. X=abafada; 0=solta.";Dicionário anexado e voicings normalizados/gerados a partir da afinação padrão.
violao-Cmaj7-3;violao;Cmaj7;;C;Dó;sétima maior;1 3 5 7;3;E-A-D-G-B-E;X-3-2-0-0-3;X-2-1-0-0-3;X-C-E-G-B-G;2;não;1;4,5;C;iniciante;"Numeração das cordas no CSV segue a ordem grave→agudo. X=abafada; 0=solta.";Dicionário anexado e voicings normalizados/gerados a partir da afinação padrão.
violao-Cm7-1;violao;Cm7;;C;Dó;menor com sétima;1 b3 5 b7;1;E-A-D-G-B-E;8-6-8-0-8-6;2-1-3-0-4-1;C-D#-A#-G-G-A#;6;"sim; dedo 1 na casa 6, cordas 2 a 6";;4;C;avançado;"Numeração das cordas no CSV segue a ordem grave→agudo. X=abafada; 0=solta.";Dicionário anexado e voicings normalizados/gerados a partir da afinação padrão.
violao-Cm7-2;violao;Cm7;;C;Dó;menor com sétima;1 b3 5 b7;2;E-A-D-G-B-E;8-6-8-0-8-8;2-1-3-0-4-4;C-D#-A#-G-G-C;6;não;;4;C;avançado;"Numeração das cordas no CSV segue a ordem grave→agudo. X=abafada; 0=solta.";Dicionário anexado e voicings normalizados/gerados a partir da afinação padrão.
violao-Cm7-3;violao;Cm7;;C;Dó;menor com sétima;1 b3 5 b7;3;E-A-D-G-B-E;8-X-8-8-8-8;1-X-1-1-1-1;C-X-A#-D#-G-C;8;"sim; dedo 1 na casa 8, cordas 1 a 6";2;;C;avançado;"Numeração das cordas no CSV segue a ordem grave→agudo. X=abafada; 0=solta.";Dicionário anexado e voicings normalizados/gerados a partir da afinação padrão.
violao-C6-1;violao;C6;;C;Dó;sexta;1 3 5 6;1;E-A-D-G-B-E;8-0-7-0-8-0;2-0-1-0-3-0;C-A-A-G-G-E;7;não;;2,4,6;C;avançado;"Numeração das cordas no CSV segue a ordem grave→agudo. X=abafada; 0=solta.";Dicionário anexado e voicings normalizados/gerados a partir da afinação padrão.
violao-C6-2;violao;C6;;C;Dó;sexta;1 3 5 6;2;E-A-D-G-B-E;8-0-X-0-8-0;1-0-X-0-1-0;C-A-X-G-G-E;8;"sim; dedo 1 na casa 8, cordas 1 a 5";3;2,4,6;C;avançado;"Numeração das cordas no CSV segue a ordem grave→agudo. X=abafada; 0=solta.";Dicionário anexado e voicings normalizados/gerados a partir da afinação padrão.
violao-C6-3;violao;C6;;C;Dó;sexta;1 3 5 6;3;E-A-D-G-B-E;8-7-7-0-8-0;2-1-1-0-3-0;C-E-A-G-G-E;7;"sim; dedo 1 na casa 7, cordas 2 a 3";;4,6;C;avançado;"Numeração das cordas no CSV segue a ordem grave→agudo. X=abafada; 0=solta.";Dicionário anexado e voicings normalizados/gerados a partir da afinação padrão.
violao-Cm6-1;violao;Cm6;;C;Dó;menor com sexta;1 b3 5 6;1;E-A-D-G-B-E;8-0-7-8-8-8;2-0-1-3-4-4;C-A-A-D#-G-C;7;não;;2;C;avançado;"Numeração das cordas no CSV segue a ordem grave→agudo. X=abafada; 0=solta.";Dicionário anexado e voicings normalizados/gerados a partir da afinação padrão.
violao-Cm6-2;violao;Cm6;;C;Dó;menor com sexta;1 b3 5 6;2;E-A-D-G-B-E;8-0-X-8-8-8;1-0-X-1-1-1;C-A-X-D#-G-C;8;"sim; dedo 1 na casa 8, cordas 1 a 6";3;2;C;avançado;"Numeração das cordas no CSV segue a ordem grave→agudo. X=abafada; 0=solta.";Dicionário anexado e voicings normalizados/gerados a partir da afinação padrão.
violao-Cm6-3;violao;Cm6;;C;Dó;menor com sexta;1 b3 5 6;3;E-A-D-G-B-E;8-6-7-0-8-8;3-1-2-0-4-4;C-D#-A-G-G-C;6;não;;4;C;avançado;"Numeração das cordas no CSV segue a ordem grave→agudo. X=abafada; 0=solta.";Dicionário anexado e voicings normalizados/gerados a partir da afinação padrão.
violao-Cdim-1;violao;Cdim;;C;Dó;diminuto;1 b3 b5;1;E-A-D-G-B-E;8-6-X-8-7-8;3-1-X-4-2-4;C-D#-X-D#-F#-C;6;não;3;;C;avançado;"Numeração das cordas no CSV segue a ordem grave→agudo. X=abafada; 0=solta.";Dicionário anexado e voicings normalizados/gerados a partir da afinação padrão.
violao-Cdim-2;violao;Cdim;;C;Dó;diminuto;1 b3 b5;2;E-A-D-G-B-E;8-9-X-8-7-8;2-4-X-3-1-4;C-F#-X-D#-F#-C;7;não;3;;C;avançado;"Numeração das cordas no CSV segue a ordem grave→agudo. X=abafada; 0=solta.";Dicionário anexado e voicings normalizados/gerados a partir da afinação padrão.
violao-Cdim-3;violao;Cdim;;C;Dó;diminuto;1 b3 b5;3;E-A-D-G-B-E;8-X-X-8-7-8;2-X-X-3-1-4;C-X-X-D#-F#-C;7;não;2,3;;C;avançado;"Numeração das cordas no CSV segue a ordem grave→agudo. X=abafada; 0=solta.";Dicionário anexado e voicings normalizados/gerados a partir da afinação padrão.
violao-Caug-1;violao;Caug;;C;Dó;aumentado;1 3 #5;1;E-A-D-G-B-E;X-3-2-1-1-0;X-3-2-1-1-0;X-C-E-G#-C-E;1;"sim; dedo 1 na casa 1, cordas 4 a 5";1;6;C;intermediário;"Numeração das cordas no CSV segue a ordem grave→agudo. X=abafada; 0=solta.";Dicionário anexado e voicings normalizados/gerados a partir da afinação padrão.
violao-Caug-2;violao;Caug;;C;Dó;aumentado;1 3 #5;2;E-A-D-G-B-E;8-7-6-5-5-0;4-3-2-1-1-0;C-E-G#-C-E-E;5;"sim; dedo 1 na casa 5, cordas 4 a 5";;6;C;avançado;"Numeração das cordas no CSV segue a ordem grave→agudo. X=abafada; 0=solta.";Dicionário anexado e voicings normalizados/gerados a partir da afinação padrão.
violao-Caug-3;violao;Caug;;C;Dó;aumentado;1 3 #5;3;E-A-D-G-B-E;8-7-6-9-9-0;3-2-1-4-4-0;C-E-G#-E-G#-E;6;não;;6;C;avançado;"Numeração das cordas no CSV segue a ordem grave→agudo. X=abafada; 0=solta.";Dicionário anexado e voicings normalizados/gerados a partir da afinação padrão.
violao-Csus2-1;violao;Csus2;;C;Dó;suspenso com segunda;1 2 5;1;E-A-D-G-B-E;X-3-0-0-3-3;X-1-0-0-1-1;X-C-D-G-D-G;3;"sim; dedo 1 na casa 3, cordas 2 a 6";1;3,4;C;intermediário;"Numeração das cordas no CSV segue a ordem grave→agudo. X=abafada; 0=solta.";Dicionário anexado e voicings normalizados/gerados a partir da afinação padrão.
violao-Csus2-2;violao;Csus2;;C;Dó;suspenso com segunda;1 2 5;2;E-A-D-G-B-E;8-X-0-0-8-8;1-X-0-0-1-1;C-X-D-G-G-C;8;"sim; dedo 1 na casa 8, cordas 1 a 6";2;3,4;C;avançado;"Numeração das cordas no CSV segue a ordem grave→agudo. X=abafada; 0=solta.";Dicionário anexado e voicings normalizados/gerados a partir da afinação padrão.
violao-Csus2-3;violao;Csus2;;C;Dó;suspenso com segunda;1 2 5;3;E-A-D-G-B-E;X-3-0-0-X-3;X-1-0-0-X-1;X-C-D-G-X-G;3;"sim; dedo 1 na casa 3, cordas 2 a 6";1,5;3,4;C;intermediário;"Numeração das cordas no CSV segue a ordem grave→agudo. X=abafada; 0=solta.";Dicionário anexado e voicings normalizados/gerados a partir da afinação padrão.
violao-Csus4-1;violao;Csus4;;C;Dó;suspenso com quarta;1 4 5;1;E-A-D-G-B-E;8-8-X-0-8-8;1-1-X-0-1-1;C-F-X-G-G-C;8;"sim; dedo 1 na casa 8, cordas 1 a 6";3;4;C;avançado;"Numeração das cordas no CSV segue a ordem grave→agudo. X=abafada; 0=solta.";Dicionário anexado e voicings normalizados/gerados a partir da afinação padrão.
violao-Csus4-2;violao;Csus4;;C;Dó;suspenso com quarta;1 4 5;2;E-A-D-G-B-E;X-3-3-0-X-3;X-1-1-0-X-1;X-C-F-G-X-G;3;"sim; dedo 1 na casa 3, cordas 2 a 6";1,5;4;C;intermediário;"Numeração das cordas no CSV segue a ordem grave→agudo. X=abafada; 0=solta.";Dicionário anexado e voicings normalizados/gerados a partir da afinação padrão.
violao-Csus4-3;violao;Csus4;;C;Dó;suspenso com quarta;1 4 5;3;E-A-D-G-B-E;X-3-3-0-1-1;X-2-3-0-1-1;X-C-F-G-C-F;1;"sim; dedo 1 na casa 1, cordas 5 a 6";1;4;C;intermediário;"Numeração das cordas no CSV segue a ordem grave→agudo. X=abafada; 0=solta.";Dicionário anexado e voicings normalizados/gerados a partir da afinação padrão.
violao-Cadd9-1;violao;Cadd9;;C;Dó;com nona adicionada;1 3 5 9;1;E-A-D-G-B-E;X-3-0-0-3-0;X-1-0-0-1-0;X-C-D-G-D-E;3;"sim; dedo 1 na casa 3, cordas 2 a 5";1;3,4,6;C;intermediário;"Numeração das cordas no CSV segue a ordem grave→agudo. X=abafada; 0=solta.";Dicionário anexado e voicings normalizados/gerados a partir da afinação padrão.
violao-Cadd9-2;violao;Cadd9;;C;Dó;com nona adicionada;1 3 5 9;2;E-A-D-G-B-E;8-7-0-0-8-0;2-1-0-0-3-0;C-E-D-G-G-E;7;não;;3,4,6;C;avançado;"Numeração das cordas no CSV segue a ordem grave→agudo. X=abafada; 0=solta.";Dicionário anexado e voicings normalizados/gerados a partir da afinação padrão.
violao-Cadd9-3;violao;Cadd9;;C;Dó;com nona adicionada;1 3 5 9;3;E-A-D-G-B-E;8-X-0-0-8-0;1-X-0-0-1-0;C-X-D-G-G-E;8;"sim; dedo 1 na casa 8, cordas 1 a 5";2;3,4,6;C;avançado;"Numeração das cordas no CSV segue a ordem grave→agudo. X=abafada; 0=solta.";Dicionário anexado e voicings normalizados/gerados a partir da afinação padrão.
violao-C9-1;violao;C9;;C;Dó;nona dominante;1 3 5 b7 9;1;E-A-D-G-B-E;X-3-0-3-3-0;X-1-0-1-1-0;X-C-D-A#-D-E;3;"sim; dedo 1 na casa 3, cordas 2 a 5";1;3,6;C;intermediário;"Numeração das cordas no CSV segue a ordem grave→agudo. X=abafada; 0=solta.";Dicionário anexado e voicings normalizados/gerados a partir da afinação padrão.
violao-C9-2;violao;C9;;C;Dó;nona dominante;1 3 5 b7 9;2;E-A-D-G-B-E;8-7-8-7-8-0;2-1-3-1-4-0;C-E-A#-D-G-E;7;"sim; dedo 1 na casa 7, cordas 2 a 4";;6;C;avançado;"Numeração das cordas no CSV segue a ordem grave→agudo. X=abafada; 0=solta.";Dicionário anexado e voicings normalizados/gerados a partir da afinação padrão.
violao-C9-3;violao;C9;;C;Dó;nona dominante;1 3 5 b7 9;3;E-A-D-G-B-E;8-7-0-0-8-6;3-2-0-0-4-1;C-E-D-G-G-A#;6;não;;3,4;C;avançado;"Numeração das cordas no CSV segue a ordem grave→agudo. X=abafada; 0=solta.";Dicionário anexado e voicings normalizados/gerados a partir da afinação padrão.
violao-C5-1;violao;C5;;C;Dó;quinta (power chord);1 5;1;E-A-D-G-B-E;8-10-10-0-8-8;1-2-3-0-1-1;C-G-C-G-G-C;8;"sim; dedo 1 na casa 8, cordas 1 a 6";;4;C;avançado;"Numeração das cordas no CSV segue a ordem grave→agudo. X=abafada; 0=solta.";Dicionário anexado e voicings normalizados/gerados a partir da afinação padrão.
violao-C5-2;violao;C5;;C;Dó;quinta (power chord);1 5;2;E-A-D-G-B-E;8-X-X-0-8-8;1-X-X-0-1-1;C-X-X-G-G-C;8;"sim; dedo 1 na casa 8, cordas 1 a 6";2,3;4;C;avançado;"Numeração das cordas no CSV segue a ordem grave→agudo. X=abafada; 0=solta.";Dicionário anexado e voicings normalizados/gerados a partir da afinação padrão.
violao-C5-3;violao;C5;;C;Dó;quinta (power chord);1 5;3;E-A-D-G-B-E;X-3-X-0-X-3;X-1-X-0-X-1;X-C-X-G-X-G;3;"sim; dedo 1 na casa 3, cordas 2 a 6";1,3,5;4;C;intermediário;"Numeração das cordas no CSV segue a ordem grave→agudo. X=abafada; 0=solta.";Dicionário anexado e voicings normalizados/gerados a partir da afinação padrão.
violao-C7b5-1;violao;C7b5;;C;Dó;sétima com quinta diminuta;1 3 b5 b7;1;E-A-D-G-B-E;8-7-8-9-7-0;2-1-3-4-1-0;C-E-A#-E-F#-E;7;"sim; dedo 1 na casa 7, cordas 2 a 5";;6;C;avançado;"Numeração das cordas no CSV segue a ordem grave→agudo. X=abafada; 0=solta.";Dicionário anexado e voicings normalizados/gerados a partir da afinação padrão.
violao-C7b5-2;violao;C7b5;;C;Dó;sétima com quinta diminuta;1 3 b5 b7;2;E-A-D-G-B-E;8-9-8-9-7-0;2-4-3-4-1-0;C-F#-A#-E-F#-E;7;não;;6;C;avançado;"Numeração das cordas no CSV segue a ordem grave→agudo. X=abafada; 0=solta.";Dicionário anexado e voicings normalizados/gerados a partir da afinação padrão.
violao-C7b5-3;violao;C7b5;;C;Dó;sétima com quinta diminuta;1 3 b5 b7;3;E-A-D-G-B-E;8-7-8-X-7-0;2-1-3-X-1-0;C-E-A#-X-F#-E;7;"sim; dedo 1 na casa 7, cordas 2 a 5";4;6;C;avançado;"Numeração das cordas no CSV segue a ordem grave→agudo. X=abafada; 0=solta.";Dicionário anexado e voicings normalizados/gerados a partir da afinação padrão.
violao-C#-1;violao;C#;Db;C#;Dó sustenido;maior;1 3 5;1;E-A-D-G-B-E;X-4-6-6-6-4;X-1-2-3-4-1;X-C#-G#-C#-F-G#;4;"sim; dedo 1 na casa 4, cordas 2 a 6";1;;C#;intermediário;"Numeração das cordas no CSV segue a ordem grave→agudo. X=abafada; 0=solta.";Dicionário anexado e voicings normalizados/gerados a partir da afinação padrão.
violao-C#-2;violao;C#;Db;C#;Dó sustenido;maior;1 3 5;2;E-A-D-G-B-E;X-4-3-1-2-1;X-4-3-1-2-1;X-C#-F-G#-C#-F;1;"sim; dedo 1 na casa 1, cordas 4 a 6";1;;C#;intermediário;"Numeração das cordas no CSV segue a ordem grave→agudo. X=abafada; 0=solta.";Dicionário anexado e voicings normalizados/gerados a partir da afinação padrão.
violao-C#-3;violao;C#;Db;C#;Dó sustenido;maior;1 3 5;3;E-A-D-G-B-E;X-4-3-1-2-4;X-4-3-1-2-4;X-C#-F-G#-C#-G#;1;não;1;;C#;intermediário;"Numeração das cordas no CSV segue a ordem grave→agudo. X=abafada; 0=solta.";Dicionário anexado e voicings normalizados/gerados a partir da afinação padrão.
violao-C#m-1;violao;C#m;Dbm;C#;Dó sustenido;menor;1 b3 5;1;E-A-D-G-B-E;9-11-11-9-9-0;1-2-3-1-1-0;C#-G#-C#-E-G#-E;9;"sim; dedo 1 na casa 9, cordas 1 a 5";;6;C#;avançado;"Numeração das cordas no CSV segue a ordem grave→agudo. X=abafada; 0=solta.";Dicionário anexado e voicings normalizados/gerados a partir da afinação padrão.
violao-C#m-2;violao;C#m;Dbm;C#;Dó sustenido;menor;1 b3 5;2;E-A-D-G-B-E;9-X-X-9-9-0;1-X-X-1-1-0;C#-X-X-E-G#-E;9;"sim; dedo 1 na casa 9, cordas 1 a 5";2,3;6;C#;avançado;"Numeração das cordas no CSV segue a ordem grave→agudo. X=abafada; 0=solta.";Dicionário anexado e voicings normalizados/gerados a partir da afinação padrão.
violao-C#m-3;violao;C#m;Dbm;C#;Dó sustenido;menor;1 b3 5;3;E-A-D-G-B-E;X-4-6-6-5-0;X-1-3-4-2-0;X-C#-G#-C#-E-E;4;não;1;6;C#;intermediário;"Numeração das cordas no CSV segue a ordem grave→agudo. X=abafada; 0=solta.";Dicionário anexado e voicings normalizados/gerados a partir da afinação padrão.
violao-C#7-1;violao;C#7;Db7;C#;Dó sustenido;sétima dominante;1 3 5 b7;1;E-A-D-G-B-E;X-4-3-4-0-4;X-2-1-3-0-4;X-C#-F-B-B-G#;3;não;1;5;C#;intermediário;"Numeração das cordas no CSV segue a ordem grave→agudo. X=abafada; 0=solta.";Dicionário anexado e voicings normalizados/gerados a partir da afinação padrão.
violao-C#7-2;violao;C#7;Db7;C#;Dó sustenido;sétima dominante;1 3 5 b7;2;E-A-D-G-B-E;9-11-9-10-0-9;1-3-1-2-0-1;C#-G#-B-F-B-C#;9;"sim; dedo 1 na casa 9, cordas 1 a 6";;5;C#;avançado;"Numeração das cordas no CSV segue a ordem grave→agudo. X=abafada; 0=solta.";Dicionário anexado e voicings normalizados/gerados a partir da afinação padrão.
violao-C#7-3;violao;C#7;Db7;C#;Dó sustenido;sétima dominante;1 3 5 b7;3;E-A-D-G-B-E;9-11-11-10-0-9;1-3-4-2-0-1;C#-G#-C#-F-B-C#;9;"sim; dedo 1 na casa 9, cordas 1 a 6";;5;C#;avançado;"Numeração das cordas no CSV segue a ordem grave→agudo. X=abafada; 0=solta.";Dicionário anexado e voicings normalizados/gerados a partir da afinação padrão.
violao-C#maj7-1;violao;C#maj7;Dbmaj7;C#;Dó sustenido;sétima maior;1 3 5 7;1;E-A-D-G-B-E;9-X-10-10-9-9;1-X-2-3-1-1;C#-X-C-F-G#-C#;9;"sim; dedo 1 na casa 9, cordas 1 a 6";2;;C#;avançado;"Numeração das cordas no CSV segue a ordem grave→agudo. X=abafada; 0=solta.";Dicionário anexado e voicings normalizados/gerados a partir da afinação padrão.
violao-C#maj7-2;violao;C#maj7;Dbmaj7;C#;Dó sustenido;sétima maior;1 3 5 7;2;E-A-D-G-B-E;X-4-6-5-6-4;X-1-3-2-4-1;X-C#-G#-C-F-G#;4;"sim; dedo 1 na casa 4, cordas 2 a 6";1;;C#;intermediário;"Numeração das cordas no CSV segue a ordem grave→agudo. X=abafada; 0=solta.";Dicionário anexado e voicings normalizados/gerados a partir da afinação padrão.
violao-C#maj7-3;violao;C#maj7;Dbmaj7;C#;Dó sustenido;sétima maior;1 3 5 7;3;E-A-D-G-B-E;X-4-3-1-1-1;X-3-2-1-1-1;X-C#-F-G#-C-F;1;"sim; dedo 1 na casa 1, cordas 4 a 6";1;;C#;intermediário;"Numeração das cordas no CSV segue a ordem grave→agudo. X=abafada; 0=solta.";Dicionário anexado e voicings normalizados/gerados a partir da afinação padrão.
violao-C#m7-1;violao;C#m7;Dbm7;C#;Dó sustenido;menor com sétima;1 b3 5 b7;1;E-A-D-G-B-E;9-X-9-9-9-0;1-X-1-1-1-0;C#-X-B-E-G#-E;9;"sim; dedo 1 na casa 9, cordas 1 a 5";2;6;C#;avançado;"Numeração das cordas no CSV segue a ordem grave→agudo. X=abafada; 0=solta.";Dicionário anexado e voicings normalizados/gerados a partir da afinação padrão.
violao-C#m7-2;violao;C#m7;Dbm7;C#;Dó sustenido;menor com sétima;1 b3 5 b7;2;E-A-D-G-B-E;9-11-9-9-0-0;1-2-1-1-0-0;C#-G#-B-E-B-E;9;"sim; dedo 1 na casa 9, cordas 1 a 4";;5,6;C#;avançado;"Numeração das cordas no CSV segue a ordem grave→agudo. X=abafada; 0=solta.";Dicionário anexado e voicings normalizados/gerados a partir da afinação padrão.
violao-C#m7-3;violao;C#m7;Dbm7;C#;Dó sustenido;menor com sétima;1 b3 5 b7;3;E-A-D-G-B-E;9-11-11-9-0-0;1-2-3-1-0-0;C#-G#-C#-E-B-E;9;"sim; dedo 1 na casa 9, cordas 1 a 4";;5,6;C#;avançado;"Numeração das cordas no CSV segue a ordem grave→agudo. X=abafada; 0=solta.";Dicionário anexado e voicings normalizados/gerados a partir da afinação padrão.
violao-C#6-1;violao;C#6;Db6;C#;Dó sustenido;sexta;1 3 5 6;1;E-A-D-G-B-E;9-8-8-X-9-9;2-1-1-X-3-4;C#-F-A#-X-G#-C#;8;"sim; dedo 1 na casa 8, cordas 2 a 3";4;;C#;avançado;"Numeração das cordas no CSV segue a ordem grave→agudo. X=abafada; 0=solta.";Dicionário anexado e voicings normalizados/gerados a partir da afinação padrão.
violao-C#6-2;violao;C#6;Db6;C#;Dó sustenido;sexta;1 3 5 6;2;E-A-D-G-B-E;X-4-3-3-2-4;X-4-2-3-1-4;X-C#-F-A#-C#-G#;2;não;1;;C#;intermediário;"Numeração das cordas no CSV segue a ordem grave→agudo. X=abafada; 0=solta.";Dicionário anexado e voicings normalizados/gerados a partir da afinação padrão.
violao-C#6-3;violao;C#6;Db6;C#;Dó sustenido;sexta;1 3 5 6;3;E-A-D-G-B-E;X-4-3-3-X-4;X-2-1-1-X-3;X-C#-F-A#-X-G#;3;"sim; dedo 1 na casa 3, cordas 3 a 4";1,5;;C#;intermediário;"Numeração das cordas no CSV segue a ordem grave→agudo. X=abafada; 0=solta.";Dicionário anexado e voicings normalizados/gerados a partir da afinação padrão.
violao-C#m6-1;violao;C#m6;Dbm6;C#;Dó sustenido;menor com sexta;1 b3 5 6;1;E-A-D-G-B-E;9-7-8-9-9-0;3-1-2-4-4-0;C#-E-A#-E-G#-E;7;não;;6;C#;avançado;"Numeração das cordas no CSV segue a ordem grave→agudo. X=abafada; 0=solta.";Dicionário anexado e voicings normalizados/gerados a partir da afinação padrão.
violao-C#m6-2;violao;C#m6;Dbm6;C#;Dó sustenido;menor com sexta;1 b3 5 6;2;E-A-D-G-B-E;9-X-8-9-9-0;2-X-1-3-4-0;C#-X-A#-E-G#-E;8;não;2;6;C#;avançado;"Numeração das cordas no CSV segue a ordem grave→agudo. X=abafada; 0=solta.";Dicionário anexado e voicings normalizados/gerados a partir da afinação padrão.
violao-C#m6-3;violao;C#m6;Dbm6;C#;Dó sustenido;menor com sexta;1 b3 5 6;3;E-A-D-G-B-E;9-11-11-9-11-0;1-2-3-1-4-0;C#-G#-C#-E-A#-E;9;"sim; dedo 1 na casa 9, cordas 1 a 4";;6;C#;avançado;"Numeração das cordas no CSV segue a ordem grave→agudo. X=abafada; 0=solta.";Dicionário anexado e voicings normalizados/gerados a partir da afinação padrão.
violao-C#dim-1;violao;C#dim;Dbdim;C#;Dó sustenido;diminuto;1 b3 b5;1;E-A-D-G-B-E;X-4-5-0-5-0;X-1-2-0-3-0;X-C#-G-G-E-E;4;não;1;4,6;C#;intermediário;"Numeração das cordas no CSV segue a ordem grave→agudo. X=abafada; 0=solta.";Dicionário anexado e voicings normalizados/gerados a partir da afinação padrão.
violao-C#dim-2;violao;C#dim;Dbdim;C#;Dó sustenido;diminuto;1 b3 b5;2;E-A-D-G-B-E;X-4-2-0-2-0;X-2-1-0-1-0;X-C#-E-G-C#-E;2;"sim; dedo 1 na casa 2, cordas 3 a 5";1;4,6;C#;intermediário;"Numeração das cordas no CSV segue a ordem grave→agudo. X=abafada; 0=solta.";Dicionário anexado e voicings normalizados/gerados a partir da afinação padrão.
violao-C#dim-3;violao;C#dim;Dbdim;C#;Dó sustenido;diminuto;1 b3 b5;3;E-A-D-G-B-E;X-4-X-0-5-0;X-1-X-0-2-0;X-C#-X-G-E-E;4;não;1,3;4,6;C#;intermediário;"Numeração das cordas no CSV segue a ordem grave→agudo. X=abafada; 0=solta.";Dicionário anexado e voicings normalizados/gerados a partir da afinação padrão.
violao-C#aug-1;violao;C#aug;Dbaug;C#;Dó sustenido;aumentado;1 3 #5;1;E-A-D-G-B-E;9-0-11-10-10-9;1-0-4-2-3-1;C#-A-C#-F-A-C#;9;"sim; dedo 1 na casa 9, cordas 1 a 6";;2;C#;avançado;"Numeração das cordas no CSV segue a ordem grave→agudo. X=abafada; 0=solta.";Dicionário anexado e voicings normalizados/gerados a partir da afinação padrão.
violao-C#aug-2;violao;C#aug;Dbaug;C#;Dó sustenido;aumentado;1 3 #5;2;E-A-D-G-B-E;9-0-X-10-10-9;1-0-X-2-3-1;C#-A-X-F-A-C#;9;"sim; dedo 1 na casa 9, cordas 1 a 6";3;2;C#;avançado;"Numeração das cordas no CSV segue a ordem grave→agudo. X=abafada; 0=solta.";Dicionário anexado e voicings normalizados/gerados a partir da afinação padrão.
violao-C#aug-3;violao;C#aug;Dbaug;C#;Dó sustenido;aumentado;1 3 #5;3;E-A-D-G-B-E;9-0-7-6-6-9;3-0-2-1-1-4;C#-A-A-C#-F-C#;6;"sim; dedo 1 na casa 6, cordas 4 a 5";;2;C#;avançado;"Numeração das cordas no CSV segue a ordem grave→agudo. X=abafada; 0=solta.";Dicionário anexado e voicings normalizados/gerados a partir da afinação padrão.
violao-C#sus2-1;violao;C#sus2;Dbsus2;C#;Dó sustenido;suspenso com segunda;1 2 5;1;E-A-D-G-B-E;X-4-6-6-4-4;X-1-2-3-1-1;X-C#-G#-C#-D#-G#;4;"sim; dedo 1 na casa 4, cordas 2 a 6";1;;C#;intermediário;"Numeração das cordas no CSV segue a ordem grave→agudo. X=abafada; 0=solta.";Dicionário anexado e voicings normalizados/gerados a partir da afinação padrão.
violao-C#sus2-2;violao;C#sus2;Dbsus2;C#;Dó sustenido;suspenso com segunda;1 2 5;2;E-A-D-G-B-E;X-4-X-X-4-4;X-1-X-X-1-1;X-C#-X-X-D#-G#;4;"sim; dedo 1 na casa 4, cordas 2 a 6";1,3,4;;C#;intermediário;"Numeração das cordas no CSV segue a ordem grave→agudo. X=abafada; 0=solta.";Dicionário anexado e voicings normalizados/gerados a partir da afinação padrão.
violao-C#sus2-3;violao;C#sus2;Dbsus2;C#;Dó sustenido;suspenso com segunda;1 2 5;3;E-A-D-G-B-E;X-4-1-1-2-4;X-3-1-1-2-4;X-C#-D#-G#-C#-G#;1;"sim; dedo 1 na casa 1, cordas 3 a 4";1;;C#;intermediário;"Numeração das cordas no CSV segue a ordem grave→agudo. X=abafada; 0=solta.";Dicionário anexado e voicings normalizados/gerados a partir da afinação padrão.
violao-C#sus4-1;violao;C#sus4;Dbsus4;C#;Dó sustenido;suspenso com quarta;1 4 5;1;E-A-D-G-B-E;9-9-X-X-9-9;1-1-X-X-1-1;C#-F#-X-X-G#-C#;9;"sim; dedo 1 na casa 9, cordas 1 a 6";3,4;;C#;avançado;"Numeração das cordas no CSV segue a ordem grave→agudo. X=abafada; 0=solta.";Dicionário anexado e voicings normalizados/gerados a partir da afinação padrão.
violao-C#sus4-2;violao;C#sus4;Dbsus4;C#;Dó sustenido;suspenso com quarta;1 4 5;2;E-A-D-G-B-E;X-4-4-X-X-4;X-1-1-X-X-1;X-C#-F#-X-X-G#;4;"sim; dedo 1 na casa 4, cordas 2 a 6";1,4,5;;C#;intermediário;"Numeração das cordas no CSV segue a ordem grave→agudo. X=abafada; 0=solta.";Dicionário anexado e voicings normalizados/gerados a partir da afinação padrão.
violao-C#sus4-3;violao;C#sus4;Dbsus4;C#;Dó sustenido;suspenso com quarta;1 4 5;3;E-A-D-G-B-E;X-4-4-1-2-2;X-4-4-1-2-3;X-C#-F#-G#-C#-F#;1;não;1;;C#;intermediário;"Numeração das cordas no CSV segue a ordem grave→agudo. X=abafada; 0=solta.";Dicionário anexado e voicings normalizados/gerados a partir da afinação padrão.
violao-C#add9-1;violao;C#add9;Dbadd9;C#;Dó sustenido;com nona adicionada;1 3 5 9;1;E-A-D-G-B-E;9-8-X-8-9-9;2-1-X-1-3-4;C#-F-X-D#-G#-C#;8;"sim; dedo 1 na casa 8, cordas 2 a 4";3;;C#;avançado;"Numeração das cordas no CSV segue a ordem grave→agudo. X=abafada; 0=solta.";Dicionário anexado e voicings normalizados/gerados a partir da afinação padrão.
violao-C#add9-2;violao;C#add9;Dbadd9;C#;Dó sustenido;com nona adicionada;1 3 5 9;2;E-A-D-G-B-E;X-4-3-X-4-4;X-2-1-X-3-4;X-C#-F-X-D#-G#;3;não;1,4;;C#;intermediário;"Numeração das cordas no CSV segue a ordem grave→agudo. X=abafada; 0=solta.";Dicionário anexado e voicings normalizados/gerados a partir da afinação padrão.
violao-C#add9-3;violao;C#add9;Dbadd9;C#;Dó sustenido;com nona adicionada;1 3 5 9;3;E-A-D-G-B-E;X-4-1-1-2-1;X-3-1-1-2-1;X-C#-D#-G#-C#-F;1;"sim; dedo 1 na casa 1, cordas 3 a 6";1;;C#;intermediário;"Numeração das cordas no CSV segue a ordem grave→agudo. X=abafada; 0=solta.";Dicionário anexado e voicings normalizados/gerados a partir da afinação padrão.
violao-C#9-1;violao;C#9;Db9;C#;Dó sustenido;nona dominante;1 3 5 b7 9;1;E-A-D-G-B-E;9-8-9-8-0-9;2-1-3-1-0-4;C#-F-B-D#-B-C#;8;"sim; dedo 1 na casa 8, cordas 2 a 4";;5;C#;avançado;"Numeração das cordas no CSV segue a ordem grave→agudo. X=abafada; 0=solta.";Dicionário anexado e voicings normalizados/gerados a partir da afinação padrão.
violao-C#9-2;violao;C#9;Db9;C#;Dó sustenido;nona dominante;1 3 5 b7 9;2;E-A-D-G-B-E;X-4-3-4-4-4;X-2-1-3-4-4;X-C#-F-B-D#-G#;3;não;1;;C#;intermediário;"Numeração das cordas no CSV segue a ordem grave→agudo. X=abafada; 0=solta.";Dicionário anexado e voicings normalizados/gerados a partir da afinação padrão.
violao-C#9-3;violao;C#9;Db9;C#;Dó sustenido;nona dominante;1 3 5 b7 9;3;E-A-D-G-B-E;9-8-9-8-0-7;4-2-4-3-0-1;C#-F-B-D#-B-B;7;não;;5;C#;avançado;"Numeração das cordas no CSV segue a ordem grave→agudo. X=abafada; 0=solta.";Dicionário anexado e voicings normalizados/gerados a partir da afinação padrão.
violao-C#5-1;violao;C#5;Db5;C#;Dó sustenido;quinta (power chord);1 5;1;E-A-D-G-B-E;9-11-11-X-9-9;1-2-3-X-1-1;C#-G#-C#-X-G#-C#;9;"sim; dedo 1 na casa 9, cordas 1 a 6";4;;C#;avançado;"Numeração das cordas no CSV segue a ordem grave→agudo. X=abafada; 0=solta.";Dicionário anexado e voicings normalizados/gerados a partir da afinação padrão.
violao-C#5-2;violao;C#5;Db5;C#;Dó sustenido;quinta (power chord);1 5;2;E-A-D-G-B-E;9-X-X-X-9-9;1-X-X-X-1-1;C#-X-X-X-G#-C#;9;"sim; dedo 1 na casa 9, cordas 1 a 6";2,3,4;;C#;avançado;"Numeração das cordas no CSV segue a ordem grave→agudo. X=abafada; 0=solta.";Dicionário anexado e voicings normalizados/gerados a partir da afinação padrão.
violao-C#5-3;violao;C#5;Db5;C#;Dó sustenido;quinta (power chord);1 5;3;E-A-D-G-B-E;X-4-6-6-X-4;X-1-2-3-X-1;X-C#-G#-C#-X-G#;4;"sim; dedo 1 na casa 4, cordas 2 a 6";1,5;;C#;intermediário;"Numeração das cordas no CSV segue a ordem grave→agudo. X=abafada; 0=solta.";Dicionário anexado e voicings normalizados/gerados a partir da afinação padrão.
violao-C#7b5-1;violao;C#7b5;Db7b5;C#;Dó sustenido;sétima com quinta diminuta;1 3 b5 b7;1;E-A-D-G-B-E;9-8-9-0-0-9;2-1-3-0-0-4;C#-F-B-G-B-C#;8;não;;4,5;C#;avançado;"Numeração das cordas no CSV segue a ordem grave→agudo. X=abafada; 0=solta.";Dicionário anexado e voicings normalizados/gerados a partir da afinação padrão.
violao-C#7b5-2;violao;C#7b5;Db7b5;C#;Dó sustenido;sétima com quinta diminuta;1 3 b5 b7;2;E-A-D-G-B-E;X-4-3-0-0-3;X-2-1-0-0-1;X-C#-F-G-B-G;3;"sim; dedo 1 na casa 3, cordas 3 a 6";1;4,5;C#;intermediário;"Numeração das cordas no CSV segue a ordem grave→agudo. X=abafada; 0=solta.";Dicionário anexado e voicings normalizados/gerados a partir da afinação padrão.
violao-C#7b5-3;violao;C#7b5;Db7b5;C#;Dó sustenido;sétima com quinta diminuta;1 3 b5 b7;3;E-A-D-G-B-E;9-8-9-0-8-9;2-1-3-0-1-4;C#-F-B-G-G-C#;8;"sim; dedo 1 na casa 8, cordas 2 a 5";;4;C#;avançado;"Numeração das cordas no CSV segue a ordem grave→agudo. X=abafada; 0=solta.";Dicionário anexado e voicings normalizados/gerados a partir da afinação padrão.
violao-D-1;violao;D;;D;Ré;maior;1 3 5;1;E-A-D-G-B-E;10-0-0-11-10-10;1-0-0-2-1-1;D-A-D-F#-A-D;10;"sim; dedo 1 na casa 10, cordas 1 a 6";;2,3;D;avançado;"Numeração das cordas no CSV segue a ordem grave→agudo. X=abafada; 0=solta.";Dicionário anexado e voicings normalizados/gerados a partir da afinação padrão.
violao-D-2;violao;D;;D;Ré;maior;1 3 5;2;E-A-D-G-B-E;10-0-0-11-X-10;1-0-0-2-X-1;D-A-D-F#-X-D;10;"sim; dedo 1 na casa 10, cordas 1 a 6";5;2,3;D;avançado;"Numeração das cordas no CSV segue a ordem grave→agudo. X=abafada; 0=solta.";Dicionário anexado e voicings normalizados/gerados a partir da afinação padrão.
violao-D-3;violao;D;;D;Ré;maior;1 3 5;3;E-A-D-G-B-E;10-0-0-11-10-X;1-0-0-2-1-X;D-A-D-F#-A-X;10;"sim; dedo 1 na casa 10, cordas 1 a 5";6;2,3;D;avançado;"Numeração das cordas no CSV segue a ordem grave→agudo. X=abafada; 0=solta.";Dicionário anexado e voicings normalizados/gerados a partir da afinação padrão.
violao-Dm-1;violao;Dm;;D;Ré;menor;1 b3 5;1;E-A-D-G-B-E;10-0-0-10-10-10;1-0-0-1-1-1;D-A-D-F-A-D;10;"sim; dedo 1 na casa 10, cordas 1 a 6";;2,3;D;avançado;"Numeração das cordas no CSV segue a ordem grave→agudo. X=abafada; 0=solta.";Dicionário anexado e voicings normalizados/gerados a partir da afinação padrão.
violao-Dm-2;violao;Dm;;D;Ré;menor;1 b3 5;2;E-A-D-G-B-E;10-0-0-10-X-10;1-0-0-1-X-1;D-A-D-F-X-D;10;"sim; dedo 1 na casa 10, cordas 1 a 6";5;2,3;D;avançado;"Numeração das cordas no CSV segue a ordem grave→agudo. X=abafada; 0=solta.";Dicionário anexado e voicings normalizados/gerados a partir da afinação padrão.
violao-Dm-3;violao;Dm;;D;Ré;menor;1 b3 5;3;E-A-D-G-B-E;10-0-0-10-10-X;1-0-0-1-1-X;D-A-D-F-A-X;10;"sim; dedo 1 na casa 10, cordas 1 a 5";6;2,3;D;avançado;"Numeração das cordas no CSV segue a ordem grave→agudo. X=abafada; 0=solta.";Dicionário anexado e voicings normalizados/gerados a partir da afinação padrão.
violao-D7-1;violao;D7;;D;Ré;sétima dominante;1 3 5 b7;1;E-A-D-G-B-E;10-0-10-11-10-10;1-0-1-2-1-1;D-A-C-F#-A-D;10;"sim; dedo 1 na casa 10, cordas 1 a 6";;2;D;avançado;"Numeração das cordas no CSV segue a ordem grave→agudo. X=abafada; 0=solta.";Dicionário anexado e voicings normalizados/gerados a partir da afinação padrão.
violao-D7-2;violao;D7;;D;Ré;sétima dominante;1 3 5 b7;2;E-A-D-G-B-E;X-X-0-2-1-2;X-X-0-2-1-3;X-X-D-A-C-F#;1;não;1,2;3;D;iniciante;"Numeração das cordas no CSV segue a ordem grave→agudo. X=abafada; 0=solta.";Dicionário anexado e voicings normalizados/gerados a partir da afinação padrão.
violao-D7-3;violao;D7;;D;Ré;sétima dominante;1 3 5 b7;3;E-A-D-G-B-E;10-0-0-7-7-8;3-0-0-1-1-2;D-A-D-D-F#-C;7;"sim; dedo 1 na casa 7, cordas 4 a 5";;2,3;D;avançado;"Numeração das cordas no CSV segue a ordem grave→agudo. X=abafada; 0=solta.";Dicionário anexado e voicings normalizados/gerados a partir da afinação padrão.
violao-Dmaj7-1;violao;Dmaj7;;D;Ré;sétima maior;1 3 5 7;1;E-A-D-G-B-E;X-X-0-2-2-2;X-X-0-1-1-1;X-X-D-A-C#-F#;2;"sim; dedo 1 na casa 2, cordas 4 a 6";1,2;3;D;intermediário;"Numeração das cordas no CSV segue a ordem grave→agudo. X=abafada; 0=solta.";Dicionário anexado e voicings normalizados/gerados a partir da afinação padrão.
violao-Dmaj7-2;violao;Dmaj7;;D;Ré;sétima maior;1 3 5 7;2;E-A-D-G-B-E;10-0-11-11-10-10;1-0-2-3-1-1;D-A-C#-F#-A-D;10;"sim; dedo 1 na casa 10, cordas 1 a 6";;2;D;avançado;"Numeração das cordas no CSV segue a ordem grave→agudo. X=abafada; 0=solta.";Dicionário anexado e voicings normalizados/gerados a partir da afinação padrão.
violao-Dmaj7-3;violao;Dmaj7;;D;Ré;sétima maior;1 3 5 7;3;E-A-D-G-B-E;10-0-0-11-10-9;2-0-0-4-3-1;D-A-D-F#-A-C#;9;não;;2,3;D;avançado;"Numeração das cordas no CSV segue a ordem grave→agudo. X=abafada; 0=solta.";Dicionário anexado e voicings normalizados/gerados a partir da afinação padrão.
violao-Dm7-1;violao;Dm7;;D;Ré;menor com sétima;1 b3 5 b7;1;E-A-D-G-B-E;10-0-10-10-10-10;1-0-1-1-1-1;D-A-C-F-A-D;10;"sim; dedo 1 na casa 10, cordas 1 a 6";;2;D;avançado;"Numeração das cordas no CSV segue a ordem grave→agudo. X=abafada; 0=solta.";Dicionário anexado e voicings normalizados/gerados a partir da afinação padrão.
violao-Dm7-2;violao;Dm7;;D;Ré;menor com sétima;1 b3 5 b7;2;E-A-D-G-B-E;10-0-0-10-10-8;2-0-0-3-4-1;D-A-D-F-A-C;8;não;;2,3;D;avançado;"Numeração das cordas no CSV segue a ordem grave→agudo. X=abafada; 0=solta.";Dicionário anexado e voicings normalizados/gerados a partir da afinação padrão.
violao-Dm7-3;violao;Dm7;;D;Ré;menor com sétima;1 b3 5 b7;3;E-A-D-G-B-E;10-0-10-10-X-10;1-0-1-1-X-1;D-A-C-F-X-D;10;"sim; dedo 1 na casa 10, cordas 1 a 6";5;2;D;avançado;"Numeração das cordas no CSV segue a ordem grave→agudo. X=abafada; 0=solta.";Dicionário anexado e voicings normalizados/gerados a partir da afinação padrão.
violao-D6-1;violao;D6;;D;Ré;sexta;1 3 5 6;1;E-A-D-G-B-E;10-0-0-11-0-10;1-0-0-2-0-1;D-A-D-F#-B-D;10;"sim; dedo 1 na casa 10, cordas 1 a 6";;2,3,5;D;avançado;"Numeração das cordas no CSV segue a ordem grave→agudo. X=abafada; 0=solta.";Dicionário anexado e voicings normalizados/gerados a partir da afinação padrão.
violao-D6-2;violao;D6;;D;Ré;sexta;1 3 5 6;2;E-A-D-G-B-E;X-X-0-2-0-2;X-X-0-1-0-1;X-X-D-A-B-F#;2;"sim; dedo 1 na casa 2, cordas 4 a 6";1,2;3,5;D;intermediário;"Numeração das cordas no CSV segue a ordem grave→agudo. X=abafada; 0=solta.";Dicionário anexado e voicings normalizados/gerados a partir da afinação padrão.
violao-D6-3;violao;D6;;D;Ré;sexta;1 3 5 6;3;E-A-D-G-B-E;10-0-0-11-0-X;1-0-0-2-0-X;D-A-D-F#-B-X;10;não;6;2,3,5;D;avançado;"Numeração das cordas no CSV segue a ordem grave→agudo. X=abafada; 0=solta.";Dicionário anexado e voicings normalizados/gerados a partir da afinação padrão.
violao-Dm6-1;violao;Dm6;;D;Ré;menor com sexta;1 b3 5 6;1;E-A-D-G-B-E;10-0-0-10-0-10;1-0-0-1-0-1;D-A-D-F-B-D;10;"sim; dedo 1 na casa 10, cordas 1 a 6";;2,3,5;D;avançado;"Numeração das cordas no CSV segue a ordem grave→agudo. X=abafada; 0=solta.";Dicionário anexado e voicings normalizados/gerados a partir da afinação padrão.
violao-Dm6-2;violao;Dm6;;D;Ré;menor com sexta;1 b3 5 6;2;E-A-D-G-B-E;10-0-0-10-0-X;1-0-0-1-0-X;D-A-D-F-B-X;10;"sim; dedo 1 na casa 10, cordas 1 a 4";6;2,3,5;D;avançado;"Numeração das cordas no CSV segue a ordem grave→agudo. X=abafada; 0=solta.";Dicionário anexado e voicings normalizados/gerados a partir da afinação padrão.
violao-Dm6-3;violao;Dm6;;D;Ré;menor com sexta;1 b3 5 6;3;E-A-D-G-B-E;10-0-9-10-0-10;2-0-1-3-0-4;D-A-B-F-B-D;9;não;;2,5;D;avançado;"Numeração das cordas no CSV segue a ordem grave→agudo. X=abafada; 0=solta.";Dicionário anexado e voicings normalizados/gerados a partir da afinação padrão.
violao-Ddim-1;violao;Ddim;;D;Ré;diminuto;1 b3 b5;1;E-A-D-G-B-E;10-8-0-10-9-10;3-1-0-4-2-4;D-F-D-F-G#-D;8;não;;3;D;avançado;"Numeração das cordas no CSV segue a ordem grave→agudo. X=abafada; 0=solta.";Dicionário anexado e voicings normalizados/gerados a partir da afinação padrão.
violao-Ddim-2;violao;Ddim;;D;Ré;diminuto;1 b3 b5;2;E-A-D-G-B-E;10-11-0-10-9-10;2-4-0-3-1-4;D-G#-D-F-G#-D;9;não;;3;D;avançado;"Numeração das cordas no CSV segue a ordem grave→agudo. X=abafada; 0=solta.";Dicionário anexado e voicings normalizados/gerados a partir da afinação padrão.
violao-Ddim-3;violao;Ddim;;D;Ré;diminuto;1 b3 b5;3;E-A-D-G-B-E;X-X-0-1-X-1;X-X-0-1-X-1;X-X-D-G#-X-F;1;"sim; dedo 1 na casa 1, cordas 4 a 6";1,2,5;3;D;intermediário;"Numeração das cordas no CSV segue a ordem grave→agudo. X=abafada; 0=solta.";Dicionário anexado e voicings normalizados/gerados a partir da afinação padrão.
violao-Daug-1;violao;Daug;;D;Ré;aumentado;1 3 #5;1;E-A-D-G-B-E;10-9-0-11-11-10;2-1-0-4-4-3;D-F#-D-F#-A#-D;9;não;;3;D;avançado;"Numeração das cordas no CSV segue a ordem grave→agudo. X=abafada; 0=solta.";Dicionário anexado e voicings normalizados/gerados a partir da afinação padrão.
violao-Daug-2;violao;Daug;;D;Ré;aumentado;1 3 #5;2;E-A-D-G-B-E;X-X-0-3-3-2;X-X-0-2-3-1;X-X-D-A#-D-F#;2;não;1,2;3;D;iniciante;"Numeração das cordas no CSV segue a ordem grave→agudo. X=abafada; 0=solta.";Dicionário anexado e voicings normalizados/gerados a partir da afinação padrão.
violao-Daug-3;violao;Daug;;D;Ré;aumentado;1 3 #5;3;E-A-D-G-B-E;10-X-0-11-11-10;1-X-0-2-3-1;D-X-D-F#-A#-D;10;"sim; dedo 1 na casa 10, cordas 1 a 6";2;3;D;avançado;"Numeração das cordas no CSV segue a ordem grave→agudo. X=abafada; 0=solta.";Dicionário anexado e voicings normalizados/gerados a partir da afinação padrão.
violao-Dsus2-1;violao;Dsus2;;D;Ré;suspenso com segunda;1 2 5;1;E-A-D-G-B-E;10-0-0-9-10-0;2-0-0-1-3-0;D-A-D-E-A-E;9;não;;2,3,6;D;avançado;"Numeração das cordas no CSV segue a ordem grave→agudo. X=abafada; 0=solta.";Dicionário anexado e voicings normalizados/gerados a partir da afinação padrão.
violao-Dsus2-2;violao;Dsus2;;D;Ré;suspenso com segunda;1 2 5;2;E-A-D-G-B-E;10-0-0-X-10-0;1-0-0-X-1-0;D-A-D-X-A-E;10;"sim; dedo 1 na casa 10, cordas 1 a 5";4;2,3,6;D;avançado;"Numeração das cordas no CSV segue a ordem grave→agudo. X=abafada; 0=solta.";Dicionário anexado e voicings normalizados/gerados a partir da afinação padrão.
violao-Dsus2-3;violao;Dsus2;;D;Ré;suspenso com segunda;1 2 5;3;E-A-D-G-B-E;10-0-0-9-10-10;2-0-0-1-3-4;D-A-D-E-A-D;9;não;;2,3;D;avançado;"Numeração das cordas no CSV segue a ordem grave→agudo. X=abafada; 0=solta.";Dicionário anexado e voicings normalizados/gerados a partir da afinação padrão.
violao-Dsus4-1;violao;Dsus4;;D;Ré;suspenso com quarta;1 4 5;1;E-A-D-G-B-E;10-0-0-0-10-10;1-0-0-0-1-1;D-A-D-G-A-D;10;"sim; dedo 1 na casa 10, cordas 1 a 6";;2,3,4;D;avançado;"Numeração das cordas no CSV segue a ordem grave→agudo. X=abafada; 0=solta.";Dicionário anexado e voicings normalizados/gerados a partir da afinação padrão.
violao-Dsus4-2;violao;Dsus4;;D;Ré;suspenso com quarta;1 4 5;2;E-A-D-G-B-E;10-10-0-0-10-10;1-1-0-0-1-1;D-G-D-G-A-D;10;"sim; dedo 1 na casa 10, cordas 1 a 6";;3,4;D;avançado;"Numeração das cordas no CSV segue a ordem grave→agudo. X=abafada; 0=solta.";Dicionário anexado e voicings normalizados/gerados a partir da afinação padrão.
violao-Dsus4-3;violao;Dsus4;;D;Ré;suspenso com quarta;1 4 5;3;E-A-D-G-B-E;10-0-0-0-X-10;1-0-0-0-X-1;D-A-D-G-X-D;10;"sim; dedo 1 na casa 10, cordas 1 a 6";5;2,3,4;D;avançado;"Numeração das cordas no CSV segue a ordem grave→agudo. X=abafada; 0=solta.";Dicionário anexado e voicings normalizados/gerados a partir da afinação padrão.
violao-Dadd9-1;violao;Dadd9;;D;Ré;com nona adicionada;1 3 5 9;1;E-A-D-G-B-E;10-0-0-11-10-0;1-0-0-2-1-0;D-A-D-F#-A-E;10;"sim; dedo 1 na casa 10, cordas 1 a 5";;2,3,6;D;avançado;"Numeração das cordas no CSV segue a ordem grave→agudo. X=abafada; 0=solta.";Dicionário anexado e voicings normalizados/gerados a partir da afinação padrão.
violao-Dadd9-2;violao;Dadd9;;D;Ré;com nona adicionada;1 3 5 9;2;E-A-D-G-B-E;10-9-0-9-10-0;2-1-0-1-3-0;D-F#-D-E-A-E;9;"sim; dedo 1 na casa 9, cordas 2 a 4";;3,6;D;avançado;"Numeração das cordas no CSV segue a ordem grave→agudo. X=abafada; 0=solta.";Dicionário anexado e voicings normalizados/gerados a partir da afinação padrão.
violao-Dadd9-3;violao;Dadd9;;D;Ré;com nona adicionada;1 3 5 9;3;E-A-D-G-B-E;10-0-0-11-X-0;1-0-0-2-X-0;D-A-D-F#-X-E;10;não;5;2,3,6;D;avançado;"Numeração das cordas no CSV segue a ordem grave→agudo. X=abafada; 0=solta.";Dicionário anexado e voicings normalizados/gerados a partir da afinação padrão.
violao-D9-1;violao;D9;;D;Ré;nona dominante;1 3 5 b7 9;1;E-A-D-G-B-E;10-0-10-11-10-0;1-0-1-2-1-0;D-A-C-F#-A-E;10;"sim; dedo 1 na casa 10, cordas 1 a 5";;2,6;D;avançado;"Numeração das cordas no CSV segue a ordem grave→agudo. X=abafada; 0=solta.";Dicionário anexado e voicings normalizados/gerados a partir da afinação padrão.
violao-D9-2;violao;D9;;D;Ré;nona dominante;1 3 5 b7 9;2;E-A-D-G-B-E;10-9-10-9-10-0;2-1-3-1-4-0;D-F#-C-E-A-E;9;"sim; dedo 1 na casa 9, cordas 2 a 4";;6;D;avançado;"Numeração das cordas no CSV segue a ordem grave→agudo. X=abafada; 0=solta.";Dicionário anexado e voicings normalizados/gerados a partir da afinação padrão.
violao-D9-3;violao;D9;;D;Ré;nona dominante;1 3 5 b7 9;3;E-A-D-G-B-E;10-0-10-11-X-0;1-0-1-2-X-0;D-A-C-F#-X-E;10;"sim; dedo 1 na casa 10, cordas 1 a 3";5;2,6;D;avançado;"Numeração das cordas no CSV segue a ordem grave→agudo. X=abafada; 0=solta.";Dicionário anexado e voicings normalizados/gerados a partir da afinação padrão.
violao-D5-1;violao;D5;;D;Ré;quinta (power chord);1 5;1;E-A-D-G-B-E;10-0-0-X-10-10;1-0-0-X-1-1;D-A-D-X-A-D;10;"sim; dedo 1 na casa 10, cordas 1 a 6";4;2,3;D;avançado;"Numeração das cordas no CSV segue a ordem grave→agudo. X=abafada; 0=solta.";Dicionário anexado e voicings normalizados/gerados a partir da afinação padrão.
violao-D5-2;violao;D5;;D;Ré;quinta (power chord);1 5;2;E-A-D-G-B-E;10-0-0-X-X-10;1-0-0-X-X-1;D-A-D-X-X-D;10;"sim; dedo 1 na casa 10, cordas 1 a 6";4,5;2,3;D;avançado;"Numeração das cordas no CSV segue a ordem grave→agudo. X=abafada; 0=solta.";Dicionário anexado e voicings normalizados/gerados a partir da afinação padrão.
violao-D5-3;violao;D5;;D;Ré;quinta (power chord);1 5;3;E-A-D-G-B-E;10-0-0-X-10-X;1-0-0-X-1-X;D-A-D-X-A-X;10;"sim; dedo 1 na casa 10, cordas 1 a 5";4,6;2,3;D;avançado;"Numeração das cordas no CSV segue a ordem grave→agudo. X=abafada; 0=solta.";Dicionário anexado e voicings normalizados/gerados a partir da afinação padrão.
violao-D7b5-1;violao;D7b5;;D;Ré;sétima com quinta diminuta;1 3 b5 b7;1;E-A-D-G-B-E;X-X-0-1-1-2;X-X-0-1-1-2;X-X-D-G#-C-F#;1;"sim; dedo 1 na casa 1, cordas 4 a 5";1,2;3;D;intermediário;"Numeração das cordas no CSV segue a ordem grave→agudo. X=abafada; 0=solta.";Dicionário anexado e voicings normalizados/gerados a partir da afinação padrão.
violao-D7b5-2;violao;D7b5;;D;Ré;sétima com quinta diminuta;1 3 b5 b7;2;E-A-D-G-B-E;10-9-0-7-9-8;4-3-0-1-4-2;D-F#-D-D-G#-C;7;não;;3;D;avançado;"Numeração das cordas no CSV segue a ordem grave→agudo. X=abafada; 0=solta.";Dicionário anexado e voicings normalizados/gerados a partir da afinação padrão.
violao-D7b5-3;violao;D7b5;;D;Ré;sétima com quinta diminuta;1 3 b5 b7;3;E-A-D-G-B-E;10-9-10-X-9-10;2-1-3-X-1-4;D-F#-C-X-G#-D;9;"sim; dedo 1 na casa 9, cordas 2 a 5";4;;D;avançado;"Numeração das cordas no CSV segue a ordem grave→agudo. X=abafada; 0=solta.";Dicionário anexado e voicings normalizados/gerados a partir da afinação padrão.
violao-D#-1;violao;D#;Eb;D#;Ré sustenido;maior;1 3 5;1;E-A-D-G-B-E;11-10-X-0-11-11;2-1-X-0-3-4;D#-G-X-G-A#-D#;10;não;3;4;D#;avançado;"Numeração das cordas no CSV segue a ordem grave→agudo. X=abafada; 0=solta.";Dicionário anexado e voicings normalizados/gerados a partir da afinação padrão.
violao-D#-2;violao;D#;Eb;D#;Ré sustenido;maior;1 3 5;2;E-A-D-G-B-E;X-6-5-0-4-6;X-3-2-0-1-4;X-D#-G-G-D#-A#;4;não;1;4;D#;intermediário;"Numeração das cordas no CSV segue a ordem grave→agudo. X=abafada; 0=solta.";Dicionário anexado e voicings normalizados/gerados a partir da afinação padrão.
violao-D#-3;violao;D#;Eb;D#;Ré sustenido;maior;1 3 5;3;E-A-D-G-B-E;11-X-X-0-11-11;1-X-X-0-1-1;D#-X-X-G-A#-D#;11;"sim; dedo 1 na casa 11, cordas 1 a 6";2,3;4;D#;avançado;"Numeração das cordas no CSV segue a ordem grave→agudo. X=abafada; 0=solta.";Dicionário anexado e voicings normalizados/gerados a partir da afinação padrão.
violao-D#m-1;violao;D#m;Ebm;D#;Ré sustenido;menor;1 b3 5;1;E-A-D-G-B-E;11-X-X-11-11-11;1-X-X-1-1-1;D#-X-X-F#-A#-D#;11;"sim; dedo 1 na casa 11, cordas 1 a 6";2,3;;D#;avançado;"Numeração das cordas no CSV segue a ordem grave→agudo. X=abafada; 0=solta.";Dicionário anexado e voicings normalizados/gerados a partir da afinação padrão.
violao-D#m-2;violao;D#m;Ebm;D#;Ré sustenido;menor;1 b3 5;2;E-A-D-G-B-E;X-6-8-8-7-6;X-1-3-4-2-1;X-D#-A#-D#-F#-A#;6;"sim; dedo 1 na casa 6, cordas 2 a 6";1;;D#;avançado;"Numeração das cordas no CSV segue a ordem grave→agudo. X=abafada; 0=solta.";Dicionário anexado e voicings normalizados/gerados a partir da afinação padrão.
violao-D#m-3;violao;D#m;Ebm;D#;Ré sustenido;menor;1 b3 5;3;E-A-D-G-B-E;11-9-X-11-11-11;2-1-X-3-4-4;D#-F#-X-F#-A#-D#;9;não;3;;D#;avançado;"Numeração das cordas no CSV segue a ordem grave→agudo. X=abafada; 0=solta.";Dicionário anexado e voicings normalizados/gerados a partir da afinação padrão.
violao-D#7-1;violao;D#7;Eb7;D#;Ré sustenido;sétima dominante;1 3 5 b7;1;E-A-D-G-B-E;11-10-11-0-11-11;2-1-3-0-4-4;D#-G-C#-G-A#-D#;10;não;;4;D#;avançado;"Numeração das cordas no CSV segue a ordem grave→agudo. X=abafada; 0=solta.";Dicionário anexado e voicings normalizados/gerados a partir da afinação padrão.
violao-D#7-2;violao;D#7;Eb7;D#;Ré sustenido;sétima dominante;1 3 5 b7;2;E-A-D-G-B-E;11-X-11-0-11-11;1-X-1-0-1-1;D#-X-C#-G-A#-D#;11;"sim; dedo 1 na casa 11, cordas 1 a 6";2;4;D#;avançado;"Numeração das cordas no CSV segue a ordem grave→agudo. X=abafada; 0=solta.";Dicionário anexado e voicings normalizados/gerados a partir da afinação padrão.
violao-D#7-3;violao;D#7;Eb7;D#;Ré sustenido;sétima dominante;1 3 5 b7;3;E-A-D-G-B-E;11-10-11-0-11-9;3-2-4-0-4-1;D#-G-C#-G-A#-C#;9;não;;4;D#;avançado;"Numeração das cordas no CSV segue a ordem grave→agudo. X=abafada; 0=solta.";Dicionário anexado e voicings normalizados/gerados a partir da afinação padrão.
violao-D#maj7-1;violao;D#maj7;Ebmaj7;D#;Ré sustenido;sétima maior;1 3 5 7;1;E-A-D-G-B-E;11-10-0-0-11-10;2-1-0-0-3-1;D#-G-D-G-A#-D;10;"sim; dedo 1 na casa 10, cordas 2 a 6";;3,4;D#;avançado;"Numeração das cordas no CSV segue a ordem grave→agudo. X=abafada; 0=solta.";Dicionário anexado e voicings normalizados/gerados a partir da afinação padrão.
violao-D#maj7-2;violao;D#maj7;Ebmaj7;D#;Ré sustenido;sétima maior;1 3 5 7;2;E-A-D-G-B-E;11-10-0-0-11-11;2-1-0-0-3-4;D#-G-D-G-A#-D#;10;não;;3,4;D#;avançado;"Numeração das cordas no CSV segue a ordem grave→agudo. X=abafada; 0=solta.";Dicionário anexado e voicings normalizados/gerados a partir da afinação padrão.
violao-D#maj7-3;violao;D#maj7;Ebmaj7;D#;Ré sustenido;sétima maior;1 3 5 7;3;E-A-D-G-B-E;11-X-0-0-11-11;1-X-0-0-1-1;D#-X-D-G-A#-D#;11;"sim; dedo 1 na casa 11, cordas 1 a 6";2;3,4;D#;avançado;"Numeração das cordas no CSV segue a ordem grave→agudo. X=abafada; 0=solta.";Dicionário anexado e voicings normalizados/gerados a partir da afinação padrão.
violao-D#m7-1;violao;D#m7;Ebm7;D#;Ré sustenido;menor com sétima;1 b3 5 b7;1;E-A-D-G-B-E;11-X-11-11-11-11;1-X-1-1-1-1;D#-X-C#-F#-A#-D#;11;"sim; dedo 1 na casa 11, cordas 1 a 6";2;;D#;avançado;"Numeração das cordas no CSV segue a ordem grave→agudo. X=abafada; 0=solta.";Dicionário anexado e voicings normalizados/gerados a partir da afinação padrão.
violao-D#m7-2;violao;D#m7;Ebm7;D#;Ré sustenido;menor com sétima;1 b3 5 b7;2;E-A-D-G-B-E;X-6-4-6-4-6;X-2-1-3-1-4;X-D#-F#-C#-D#-A#;4;"sim; dedo 1 na casa 4, cordas 3 a 5";1;;D#;intermediário;"Numeração das cordas no CSV segue a ordem grave→agudo. X=abafada; 0=solta.";Dicionário anexado e voicings normalizados/gerados a partir da afinação padrão.
violao-D#m7-3;violao;D#m7;Ebm7;D#;Ré sustenido;menor com sétima;1 b3 5 b7;3;E-A-D-G-B-E;11-X-11-11-11-X;1-X-1-1-1-X;D#-X-C#-F#-A#-X;11;"sim; dedo 1 na casa 11, cordas 1 a 5";2,6;;D#;avançado;"Numeração das cordas no CSV segue a ordem grave→agudo. X=abafada; 0=solta.";Dicionário anexado e voicings normalizados/gerados a partir da afinação padrão.
violao-D#6-1;violao;D#6;Eb6;D#;Ré sustenido;sexta;1 3 5 6;1;E-A-D-G-B-E;11-10-10-0-11-11;2-1-1-0-3-4;D#-G-C-G-A#-D#;10;"sim; dedo 1 na casa 10, cordas 2 a 3";;4;D#;avançado;"Numeração das cordas no CSV segue a ordem grave→agudo. X=abafada; 0=solta.";Dicionário anexado e voicings normalizados/gerados a partir da afinação padrão.
violao-D#6-2;violao;D#6;Eb6;D#;Ré sustenido;sexta;1 3 5 6;2;E-A-D-G-B-E;11-X-10-0-11-11;2-X-1-0-3-4;D#-X-C-G-A#-D#;10;não;2;4;D#;avançado;"Numeração das cordas no CSV segue a ordem grave→agudo. X=abafada; 0=solta.";Dicionário anexado e voicings normalizados/gerados a partir da afinação padrão.
violao-D#6-3;violao;D#6;Eb6;D#;Ré sustenido;sexta;1 3 5 6;3;E-A-D-G-B-E;11-10-10-0-11-X;2-1-1-0-3-X;D#-G-C-G-A#-X;10;"sim; dedo 1 na casa 10, cordas 2 a 3";6;4;D#;avançado;"Numeração das cordas no CSV segue a ordem grave→agudo. X=abafada; 0=solta.";Dicionário anexado e voicings normalizados/gerados a partir da afinação padrão.
violao-D#m6-1;violao;D#m6;Ebm6;D#;Ré sustenido;menor com sexta;1 b3 5 6;1;E-A-D-G-B-E;11-X-10-11-11-11;2-X-1-3-4-4;D#-X-C-F#-A#-D#;10;não;2;;D#;avançado;"Numeração das cordas no CSV segue a ordem grave→agudo. X=abafada; 0=solta.";Dicionário anexado e voicings normalizados/gerados a partir da afinação padrão.
violao-D#m6-2;violao;D#m6;Ebm6;D#;Ré sustenido;menor com sexta;1 b3 5 6;2;E-A-D-G-B-E;X-6-4-5-4-6;X-3-1-2-1-4;X-D#-F#-C-D#-A#;4;"sim; dedo 1 na casa 4, cordas 3 a 5";1;;D#;intermediário;"Numeração das cordas no CSV segue a ordem grave→agudo. X=abafada; 0=solta.";Dicionário anexado e voicings normalizados/gerados a partir da afinação padrão.
violao-D#m6-3;violao;D#m6;Ebm6;D#;Ré sustenido;menor com sexta;1 b3 5 6;3;E-A-D-G-B-E;X-6-8-8-7-8;X-1-3-4-2-4;X-D#-A#-D#-F#-C;6;não;1;;D#;avançado;"Numeração das cordas no CSV segue a ordem grave→agudo. X=abafada; 0=solta.";Dicionário anexado e voicings normalizados/gerados a partir da afinação padrão.
violao-D#dim-1;violao;D#dim;Ebdim;D#;Ré sustenido;diminuto;1 b3 b5;1;E-A-D-G-B-E;11-0-X-11-10-11;2-0-X-3-1-4;D#-A-X-F#-A-D#;10;não;3;2;D#;avançado;"Numeração das cordas no CSV segue a ordem grave→agudo. X=abafada; 0=solta.";Dicionário anexado e voicings normalizados/gerados a partir da afinação padrão.
violao-D#dim-2;violao;D#dim;Ebdim;D#;Ré sustenido;diminuto;1 b3 b5;2;E-A-D-G-B-E;11-0-X-11-X-11;1-0-X-1-X-1;D#-A-X-F#-X-D#;11;"sim; dedo 1 na casa 11, cordas 1 a 6";3,5;2;D#;avançado;"Numeração das cordas no CSV segue a ordem grave→agudo. X=abafada; 0=solta.";Dicionário anexado e voicings normalizados/gerados a partir da afinação padrão.
violao-D#dim-3;violao;D#dim;Ebdim;D#;Ré sustenido;diminuto;1 b3 b5;3;E-A-D-G-B-E;11-0-X-11-10-X;2-0-X-3-1-X;D#-A-X-F#-A-X;10;não;3,6;2;D#;avançado;"Numeração das cordas no CSV segue a ordem grave→agudo. X=abafada; 0=solta.";Dicionário anexado e voicings normalizados/gerados a partir da afinação padrão.
violao-D#aug-1;violao;D#aug;Ebaug;D#;Ré sustenido;aumentado;1 3 #5;1;E-A-D-G-B-E;11-10-9-0-0-11;3-2-1-0-0-4;D#-G-B-G-B-D#;9;não;;4,5;D#;avançado;"Numeração das cordas no CSV segue a ordem grave→agudo. X=abafada; 0=solta.";Dicionário anexado e voicings normalizados/gerados a partir da afinação padrão.
violao-D#aug-2;violao;D#aug;Ebaug;D#;Ré sustenido;aumentado;1 3 #5;2;E-A-D-G-B-E;X-X-1-0-0-X;X-X-1-0-0-X;X-X-D#-G-B-X;1;não;1,2,6;4,5;D#;iniciante;"Numeração das cordas no CSV segue a ordem grave→agudo. X=abafada; 0=solta.";Dicionário anexado e voicings normalizados/gerados a partir da afinação padrão.
violao-D#aug-3;violao;D#aug;Ebaug;D#;Ré sustenido;aumentado;1 3 #5;3;E-A-D-G-B-E;11-10-X-0-0-11;2-1-X-0-0-3;D#-G-X-G-B-D#;10;não;3;4,5;D#;avançado;"Numeração das cordas no CSV segue a ordem grave→agudo. X=abafada; 0=solta.";Dicionário anexado e voicings normalizados/gerados a partir da afinação padrão.
violao-D#sus2-1;violao;D#sus2;Ebsus2;D#;Ré sustenido;suspenso com segunda;1 2 5;1;E-A-D-G-B-E;X-6-8-8-6-6;X-1-2-3-1-1;X-D#-A#-D#-F-A#;6;"sim; dedo 1 na casa 6, cordas 2 a 6";1;;D#;avançado;"Numeração das cordas no CSV segue a ordem grave→agudo. X=abafada; 0=solta.";Dicionário anexado e voicings normalizados/gerados a partir da afinação padrão.
violao-D#sus2-2;violao;D#sus2;Ebsus2;D#;Ré sustenido;suspenso com segunda;1 2 5;2;E-A-D-G-B-E;X-6-X-X-6-6;X-1-X-X-1-1;X-D#-X-X-F-A#;6;"sim; dedo 1 na casa 6, cordas 2 a 6";1,3,4;;D#;intermediário;"Numeração das cordas no CSV segue a ordem grave→agudo. X=abafada; 0=solta.";Dicionário anexado e voicings normalizados/gerados a partir da afinação padrão.
violao-D#sus2-3;violao;D#sus2;Ebsus2;D#;Ré sustenido;suspenso com segunda;1 2 5;3;E-A-D-G-B-E;X-6-3-3-4-6;X-3-1-1-2-4;X-D#-F-A#-D#-A#;3;"sim; dedo 1 na casa 3, cordas 3 a 4";1;;D#;intermediário;"Numeração das cordas no CSV segue a ordem grave→agudo. X=abafada; 0=solta.";Dicionário anexado e voicings normalizados/gerados a partir da afinação padrão.
violao-D#sus4-1;violao;D#sus4;Ebsus4;D#;Ré sustenido;suspenso com quarta;1 4 5;1;E-A-D-G-B-E;11-11-X-X-11-11;1-1-X-X-1-1;D#-G#-X-X-A#-D#;11;"sim; dedo 1 na casa 11, cordas 1 a 6";3,4;;D#;avançado;"Numeração das cordas no CSV segue a ordem grave→agudo. X=abafada; 0=solta.";Dicionário anexado e voicings normalizados/gerados a partir da afinação padrão.
violao-D#sus4-2;violao;D#sus4;Ebsus4;D#;Ré sustenido;suspenso com quarta;1 4 5;2;E-A-D-G-B-E;X-6-6-X-X-6;X-1-1-X-X-1;X-D#-G#-X-X-A#;6;"sim; dedo 1 na casa 6, cordas 2 a 6";1,4,5;;D#;intermediário;"Numeração das cordas no CSV segue a ordem grave→agudo. X=abafada; 0=solta.";Dicionário anexado e voicings normalizados/gerados a partir da afinação padrão.
violao-D#sus4-3;violao;D#sus4;Ebsus4;D#;Ré sustenido;suspenso com quarta;1 4 5;3;E-A-D-G-B-E;X-6-6-3-4-4;X-4-4-1-2-3;X-D#-G#-A#-D#-G#;3;não;1;;D#;intermediário;"Numeração das cordas no CSV segue a ordem grave→agudo. X=abafada; 0=solta.";Dicionário anexado e voicings normalizados/gerados a partir da afinação padrão.
violao-D#add9-1;violao;D#add9;Ebadd9;D#;Ré sustenido;com nona adicionada;1 3 5 9;1;E-A-D-G-B-E;X-6-5-0-6-6;X-2-1-0-3-4;X-D#-G-G-F-A#;5;não;1;4;D#;intermediário;"Numeração das cordas no CSV segue a ordem grave→agudo. X=abafada; 0=solta.";Dicionário anexado e voicings normalizados/gerados a partir da afinação padrão.
violao-D#add9-2;violao;D#add9;Ebadd9;D#;Ré sustenido;com nona adicionada;1 3 5 9;2;E-A-D-G-B-E;X-6-X-0-6-6;X-1-X-0-1-1;X-D#-X-G-F-A#;6;"sim; dedo 1 na casa 6, cordas 2 a 6";1,3;4;D#;intermediário;"Numeração das cordas no CSV segue a ordem grave→agudo. X=abafada; 0=solta.";Dicionário anexado e voicings normalizados/gerados a partir da afinação padrão.
violao-D#add9-3;violao;D#add9;Ebadd9;D#;Ré sustenido;com nona adicionada;1 3 5 9;3;E-A-D-G-B-E;X-6-8-0-6-6;X-1-2-0-1-1;X-D#-A#-G-F-A#;6;"sim; dedo 1 na casa 6, cordas 2 a 6";1;4;D#;avançado;"Numeração das cordas no CSV segue a ordem grave→agudo. X=abafada; 0=solta.";Dicionário anexado e voicings normalizados/gerados a partir da afinação padrão.
violao-D#9-1;violao;D#9;Eb9;D#;Ré sustenido;nona dominante;1 3 5 b7 9;1;E-A-D-G-B-E;X-6-5-6-6-6;X-2-1-3-4-4;X-D#-G-C#-F-A#;5;não;1;;D#;intermediário;"Numeração das cordas no CSV segue a ordem grave→agudo. X=abafada; 0=solta.";Dicionário anexado e voicings normalizados/gerados a partir da afinação padrão.
violao-D#9-2;violao;D#9;Eb9;D#;Ré sustenido;nona dominante;1 3 5 b7 9;2;E-A-D-G-B-E;X-X-1-0-2-1;X-X-1-0-2-1;X-X-D#-G-C#-F;1;"sim; dedo 1 na casa 1, cordas 3 a 6";1,2;4;D#;intermediário;"Numeração das cordas no CSV segue a ordem grave→agudo. X=abafada; 0=solta.";Dicionário anexado e voicings normalizados/gerados a partir da afinação padrão.
violao-D#9-3;violao;D#9;Eb9;D#;Ré sustenido;nona dominante;1 3 5 b7 9;3;E-A-D-G-B-E;11-8-8-0-8-9;3-1-1-0-1-2;D#-F-A#-G-G-C#;8;"sim; dedo 1 na casa 8, cordas 2 a 5";;4;D#;avançado;"Numeração das cordas no CSV segue a ordem grave→agudo. X=abafada; 0=solta.";Dicionário anexado e voicings normalizados/gerados a partir da afinação padrão.
violao-D#5-1;violao;D#5;Eb5;D#;Ré sustenido;quinta (power chord);1 5;1;E-A-D-G-B-E;11-X-X-X-11-11;1-X-X-X-1-1;D#-X-X-X-A#-D#;11;"sim; dedo 1 na casa 11, cordas 1 a 6";2,3,4;;D#;avançado;"Numeração das cordas no CSV segue a ordem grave→agudo. X=abafada; 0=solta.";Dicionário anexado e voicings normalizados/gerados a partir da afinação padrão.
violao-D#5-2;violao;D#5;Eb5;D#;Ré sustenido;quinta (power chord);1 5;2;E-A-D-G-B-E;X-6-8-8-X-6;X-1-2-3-X-1;X-D#-A#-D#-X-A#;6;"sim; dedo 1 na casa 6, cordas 2 a 6";1,5;;D#;avançado;"Numeração das cordas no CSV segue a ordem grave→agudo. X=abafada; 0=solta.";Dicionário anexado e voicings normalizados/gerados a partir da afinação padrão.
violao-D#5-3;violao;D#5;Eb5;D#;Ré sustenido;quinta (power chord);1 5;3;E-A-D-G-B-E;11-X-8-8-11-11;2-X-1-1-3-4;D#-X-A#-D#-A#-D#;8;"sim; dedo 1 na casa 8, cordas 3 a 4";2;;D#;avançado;"Numeração das cordas no CSV segue a ordem grave→agudo. X=abafada; 0=solta.";Dicionário anexado e voicings normalizados/gerados a partir da afinação padrão.
violao-D#7b5-1;violao;D#7b5;Eb7b5;D#;Ré sustenido;sétima com quinta diminuta;1 3 b5 b7;1;E-A-D-G-B-E;11-0-11-0-10-11;2-0-3-0-1-4;D#-A-C#-G-A-D#;10;não;;2,4;D#;avançado;"Numeração das cordas no CSV segue a ordem grave→agudo. X=abafada; 0=solta.";Dicionário anexado e voicings normalizados/gerados a partir da afinação padrão.
violao-D#7b5-2;violao;D#7b5;Eb7b5;D#;Ré sustenido;sétima com quinta diminuta;1 3 b5 b7;2;E-A-D-G-B-E;11-0-11-0-X-11;1-0-1-0-X-1;D#-A-C#-G-X-D#;11;"sim; dedo 1 na casa 11, cordas 1 a 6";5;2,4;D#;avançado;"Numeração das cordas no CSV segue a ordem grave→agudo. X=abafada; 0=solta.";Dicionário anexado e voicings normalizados/gerados a partir da afinação padrão.
violao-D#7b5-3;violao;D#7b5;Eb7b5;D#;Ré sustenido;sétima com quinta diminuta;1 3 b5 b7;3;E-A-D-G-B-E;11-10-11-0-10-11;2-1-3-0-1-4;D#-G-C#-G-A-D#;10;"sim; dedo 1 na casa 10, cordas 2 a 5";;4;D#;avançado;"Numeração das cordas no CSV segue a ordem grave→agudo. X=abafada; 0=solta.";Dicionário anexado e voicings normalizados/gerados a partir da afinação padrão.
violao-E-1;violao;E;;E;Mi;maior;1 3 5;1;E-A-D-G-B-E;0-2-2-1-0-0;0-2-3-1-0-0;E-B-E-G#-B-E;1;não;;1,5,6;E;iniciante;"Numeração das cordas no CSV segue a ordem grave→agudo. X=abafada; 0=solta.";Dicionário anexado e voicings normalizados/gerados a partir da afinação padrão.
violao-E-2;violao;E;;E;Mi;maior;1 3 5;2;E-A-D-G-B-E;0-X-2-1-0-0;0-X-2-1-0-0;E-X-E-G#-B-E;1;não;2;1,5,6;E;iniciante;"Numeração das cordas no CSV segue a ordem grave→agudo. X=abafada; 0=solta.";Dicionário anexado e voicings normalizados/gerados a partir da afinação padrão.
violao-E-3;violao;E;;E;Mi;maior;1 3 5;3;E-A-D-G-B-E;0-2-X-1-0-0;0-2-X-1-0-0;E-B-X-G#-B-E;1;não;3;1,5,6;E;iniciante;"Numeração das cordas no CSV segue a ordem grave→agudo. X=abafada; 0=solta.";Dicionário anexado e voicings normalizados/gerados a partir da afinação padrão.
violao-Em-1;violao;Em;;E;Mi;menor;1 b3 5;1;E-A-D-G-B-E;0-2-2-0-0-0;0-1-1-0-0-0;E-B-E-G-B-E;2;"sim; dedo 1 na casa 2, cordas 2 a 3";;1,4,5,6;E;intermediário;"Numeração das cordas no CSV segue a ordem grave→agudo. X=abafada; 0=solta.";Dicionário anexado e voicings normalizados/gerados a partir da afinação padrão.
violao-Em-2;violao;Em;;E;Mi;menor;1 b3 5;2;E-A-D-G-B-E;0-X-2-0-0-0;0-X-1-0-0-0;E-X-E-G-B-E;2;não;2;1,4,5,6;E;iniciante;"Numeração das cordas no CSV segue a ordem grave→agudo. X=abafada; 0=solta.";Dicionário anexado e voicings normalizados/gerados a partir da afinação padrão.
violao-Em-3;violao;Em;;E;Mi;menor;1 b3 5;3;E-A-D-G-B-E;0-2-X-0-0-0;0-1-X-0-0-0;E-B-X-G-B-E;2;não;3;1,4,5,6;E;iniciante;"Numeração das cordas no CSV segue a ordem grave→agudo. X=abafada; 0=solta.";Dicionário anexado e voicings normalizados/gerados a partir da afinação padrão.
violao-E7-1;violao;E7;;E;Mi;sétima dominante;1 3 5 b7;1;E-A-D-G-B-E;0-2-0-1-0-0;0-2-0-1-0-0;E-B-D-G#-B-E;1;não;;1,3,5,6;E;iniciante;"Numeração das cordas no CSV segue a ordem grave→agudo. X=abafada; 0=solta.";Dicionário anexado e voicings normalizados/gerados a partir da afinação padrão.
violao-E7-2;violao;E7;;E;Mi;sétima dominante;1 3 5 b7;2;E-A-D-G-B-E;0-X-0-1-0-0;0-X-0-1-0-0;E-X-D-G#-B-E;1;não;2;1,3,5,6;E;iniciante;"Numeração das cordas no CSV segue a ordem grave→agudo. X=abafada; 0=solta.";Dicionário anexado e voicings normalizados/gerados a partir da afinação padrão.
violao-E7-3;violao;E7;;E;Mi;sétima dominante;1 3 5 b7;3;E-A-D-G-B-E;0-5-0-4-0-4;0-2-0-1-0-1;E-D-D-B-B-G#;4;"sim; dedo 1 na casa 4, cordas 4 a 6";;1,3,5;E;intermediário;"Numeração das cordas no CSV segue a ordem grave→agudo. X=abafada; 0=solta.";Dicionário anexado e voicings normalizados/gerados a partir da afinação padrão.
violao-Emaj7-1;violao;Emaj7;;E;Mi;sétima maior;1 3 5 7;1;E-A-D-G-B-E;0-2-1-1-0-0;0-2-1-1-0-0;E-B-D#-G#-B-E;1;"sim; dedo 1 na casa 1, cordas 3 a 4";;1,5,6;E;intermediário;"Numeração das cordas no CSV segue a ordem grave→agudo. X=abafada; 0=solta.";Dicionário anexado e voicings normalizados/gerados a partir da afinação padrão.
violao-Emaj7-2;violao;Emaj7;;E;Mi;sétima maior;1 3 5 7;2;E-A-D-G-B-E;0-X-1-1-0-0;0-X-1-1-0-0;E-X-D#-G#-B-E;1;"sim; dedo 1 na casa 1, cordas 3 a 4";2;1,5,6;E;intermediário;"Numeração das cordas no CSV segue a ordem grave→agudo. X=abafada; 0=solta.";Dicionário anexado e voicings normalizados/gerados a partir da afinação padrão.
violao-Emaj7-3;violao;Emaj7;;E;Mi;sétima maior;1 3 5 7;3;E-A-D-G-B-E;0-6-6-X-0-0;0-1-1-X-0-0;E-D#-G#-X-B-E;6;"sim; dedo 1 na casa 6, cordas 2 a 3";4;1,5,6;E;intermediário;"Numeração das cordas no CSV segue a ordem grave→agudo. X=abafada; 0=solta.";Dicionário anexado e voicings normalizados/gerados a partir da afinação padrão.
violao-Em7-1;violao;Em7;;E;Mi;menor com sétima;1 b3 5 b7;1;E-A-D-G-B-E;0-2-0-0-0-0;0-1-0-0-0-0;E-B-D-G-B-E;2;não;;1,3,4,5,6;E;iniciante;"Numeração das cordas no CSV segue a ordem grave→agudo. X=abafada; 0=solta.";Dicionário anexado e voicings normalizados/gerados a partir da afinação padrão.
violao-Em7-2;violao;Em7;;E;Mi;menor com sétima;1 b3 5 b7;2;E-A-D-G-B-E;0-5-0-0-0-0;0-1-0-0-0-0;E-D-D-G-B-E;5;não;;1,3,4,5,6;E;intermediário;"Numeração das cordas no CSV segue a ordem grave→agudo. X=abafada; 0=solta.";Dicionário anexado e voicings normalizados/gerados a partir da afinação padrão.
violao-Em7-3;violao;Em7;;E;Mi;menor com sétima;1 b3 5 b7;3;E-A-D-G-B-E;0-X-0-0-0-0;0-X-0-0-0-0;E-X-D-G-B-E;0;não;2;1,3,4,5,6;E;iniciante;"Numeração das cordas no CSV segue a ordem grave→agudo. X=abafada; 0=solta.";Dicionário anexado e voicings normalizados/gerados a partir da afinação padrão.
violao-E6-1;violao;E6;;E;Mi;sexta;1 3 5 6;1;E-A-D-G-B-E;0-2-2-1-2-0;0-2-3-1-4-0;E-B-E-G#-C#-E;1;não;;1,6;E;intermediário;"Numeração das cordas no CSV segue a ordem grave→agudo. X=abafada; 0=solta.";Dicionário anexado e voicings normalizados/gerados a partir da afinação padrão.
violao-E6-2;violao;E6;;E;Mi;sexta;1 3 5 6;2;E-A-D-G-B-E;0-7-6-6-0-0;0-2-1-1-0-0;E-E-G#-C#-B-E;6;"sim; dedo 1 na casa 6, cordas 3 a 4";;1,5,6;E;intermediário;"Numeração das cordas no CSV segue a ordem grave→agudo. X=abafada; 0=solta.";Dicionário anexado e voicings normalizados/gerados a partir da afinação padrão.
violao-E6-3;violao;E6;;E;Mi;sexta;1 3 5 6;3;E-A-D-G-B-E;0-X-6-6-0-0;0-X-1-1-0-0;E-X-G#-C#-B-E;6;"sim; dedo 1 na casa 6, cordas 3 a 4";2;1,5,6;E;intermediário;"Numeração das cordas no CSV segue a ordem grave→agudo. X=abafada; 0=solta.";Dicionário anexado e voicings normalizados/gerados a partir da afinação padrão.
violao-Em6-1;violao;Em6;;E;Mi;menor com sexta;1 b3 5 6;1;E-A-D-G-B-E;0-2-2-0-2-0;0-1-1-0-1-0;E-B-E-G-C#-E;2;"sim; dedo 1 na casa 2, cordas 2 a 5";;1,4,6;E;intermediário;"Numeração das cordas no CSV segue a ordem grave→agudo. X=abafada; 0=solta.";Dicionário anexado e voicings normalizados/gerados a partir da afinação padrão.
violao-Em6-2;violao;Em6;;E;Mi;menor com sexta;1 b3 5 6;2;E-A-D-G-B-E;0-4-5-0-0-0;0-1-2-0-0-0;E-C#-G-G-B-E;4;não;;1,4,5,6;E;intermediário;"Numeração das cordas no CSV segue a ordem grave→agudo. X=abafada; 0=solta.";Dicionário anexado e voicings normalizados/gerados a partir da afinação padrão.
violao-Em6-3;violao;Em6;;E;Mi;menor com sexta;1 b3 5 6;3;E-A-D-G-B-E;0-4-X-0-0-0;0-1-X-0-0-0;E-C#-X-G-B-E;4;não;3;1,4,5,6;E;iniciante;"Numeração das cordas no CSV segue a ordem grave→agudo. X=abafada; 0=solta.";Dicionário anexado e voicings normalizados/gerados a partir da afinação padrão.
violao-Edim-1;violao;Edim;;E;Mi;diminuto;1 b3 b5;1;E-A-D-G-B-E;0-7-8-0-8-0;0-1-2-0-3-0;E-E-A#-G-G-E;7;não;;1,4,6;E;avançado;"Numeração das cordas no CSV segue a ordem grave→agudo. X=abafada; 0=solta.";Dicionário anexado e voicings normalizados/gerados a partir da afinação padrão.
violao-Edim-2;violao;Edim;;E;Mi;diminuto;1 b3 b5;2;E-A-D-G-B-E;0-1-2-0-X-0;0-1-2-0-X-0;E-A#-E-G-X-E;1;não;5;1,4,6;E;iniciante;"Numeração das cordas no CSV segue a ordem grave→agudo. X=abafada; 0=solta.";Dicionário anexado e voicings normalizados/gerados a partir da afinação padrão.
violao-Edim-3;violao;Edim;;E;Mi;diminuto;1 b3 b5;3;E-A-D-G-B-E;0-1-X-0-X-0;0-1-X-0-X-0;E-A#-X-G-X-E;1;não;3,5;1,4,6;E;iniciante;"Numeração das cordas no CSV segue a ordem grave→agudo. X=abafada; 0=solta.";Dicionário anexado e voicings normalizados/gerados a partir da afinação padrão.
violao-Eaug-1;violao;Eaug;;E;Mi;aumentado;1 3 #5;1;E-A-D-G-B-E;0-3-2-1-1-0;0-3-2-1-1-0;E-C-E-G#-C-E;1;"sim; dedo 1 na casa 1, cordas 4 a 5";;1,6;E;intermediário;"Numeração das cordas no CSV segue a ordem grave→agudo. X=abafada; 0=solta.";Dicionário anexado e voicings normalizados/gerados a partir da afinação padrão.
violao-Eaug-2;violao;Eaug;;E;Mi;aumentado;1 3 #5;2;E-A-D-G-B-E;0-X-2-1-1-0;0-X-2-1-1-0;E-X-E-G#-C-E;1;"sim; dedo 1 na casa 1, cordas 4 a 5";2;1,6;E;intermediário;"Numeração das cordas no CSV segue a ordem grave→agudo. X=abafada; 0=solta.";Dicionário anexado e voicings normalizados/gerados a partir da afinação padrão.
violao-Eaug-3;violao;Eaug;;E;Mi;aumentado;1 3 #5;3;E-A-D-G-B-E;0-X-X-1-1-0;0-X-X-1-1-0;E-X-X-G#-C-E;1;"sim; dedo 1 na casa 1, cordas 4 a 5";2,3;1,6;E;intermediário;"Numeração das cordas no CSV segue a ordem grave→agudo. X=abafada; 0=solta.";Dicionário anexado e voicings normalizados/gerados a partir da afinação padrão.
violao-Esus2-1;violao;Esus2;;E;Mi;suspenso com segunda;1 2 5;1;E-A-D-G-B-E;0-9-9-9-0-0;0-1-1-1-0-0;E-F#-B-E-B-E;9;"sim; dedo 1 na casa 9, cordas 2 a 4";;1,5,6;E;avançado;"Numeração das cordas no CSV segue a ordem grave→agudo. X=abafada; 0=solta.";Dicionário anexado e voicings normalizados/gerados a partir da afinação padrão.
violao-Esus2-2;violao;Esus2;;E;Mi;suspenso com segunda;1 2 5;2;E-A-D-G-B-E;0-X-4-4-0-0;0-X-1-1-0-0;E-X-F#-B-B-E;4;"sim; dedo 1 na casa 4, cordas 3 a 4";2;1,5,6;E;intermediário;"Numeração das cordas no CSV segue a ordem grave→agudo. X=abafada; 0=solta.";Dicionário anexado e voicings normalizados/gerados a partir da afinação padrão.
violao-Esus2-3;violao;Esus2;;E;Mi;suspenso com segunda;1 2 5;3;E-A-D-G-B-E;0-2-2-X-0-2;0-1-1-X-0-1;E-B-E-X-B-F#;2;"sim; dedo 1 na casa 2, cordas 2 a 6";4;1,5;E;intermediário;"Numeração das cordas no CSV segue a ordem grave→agudo. X=abafada; 0=solta.";Dicionário anexado e voicings normalizados/gerados a partir da afinação padrão.
violao-Esus4-1;violao;Esus4;;E;Mi;suspenso com quarta;1 4 5;1;E-A-D-G-B-E;0-0-2-2-0-0;0-0-1-1-0-0;E-A-E-A-B-E;2;"sim; dedo 1 na casa 2, cordas 3 a 4";;1,2,5,6;E;intermediário;"Numeração das cordas no CSV segue a ordem grave→agudo. X=abafada; 0=solta.";Dicionário anexado e voicings normalizados/gerados a partir da afinação padrão.
violao-Esus4-2;violao;Esus4;;E;Mi;suspenso com quarta;1 4 5;2;E-A-D-G-B-E;0-2-2-2-0-0;0-1-1-1-0-0;E-B-E-A-B-E;2;"sim; dedo 1 na casa 2, cordas 2 a 4";;1,5,6;E;intermediário;"Numeração das cordas no CSV segue a ordem grave→agudo. X=abafada; 0=solta.";Dicionário anexado e voicings normalizados/gerados a partir da afinação padrão.
violao-Esus4-3;violao;Esus4;;E;Mi;suspenso com quarta;1 4 5;3;E-A-D-G-B-E;0-0-X-2-0-0;0-0-X-1-0-0;E-A-X-A-B-E;2;não;3;1,2,5,6;E;iniciante;"Numeração das cordas no CSV segue a ordem grave→agudo. X=abafada; 0=solta.";Dicionário anexado e voicings normalizados/gerados a partir da afinação padrão.
violao-Eadd9-1;violao;Eadd9;;E;Mi;com nona adicionada;1 3 5 9;1;E-A-D-G-B-E;0-2-2-1-0-2;0-2-3-1-0-4;E-B-E-G#-B-F#;1;não;;1,5;E;intermediário;"Numeração das cordas no CSV segue a ordem grave→agudo. X=abafada; 0=solta.";Dicionário anexado e voicings normalizados/gerados a partir da afinação padrão.
violao-Eadd9-2;violao;Eadd9;;E;Mi;com nona adicionada;1 3 5 9;2;E-A-D-G-B-E;0-9-9-9-9-0;0-1-1-1-1-0;E-F#-B-E-G#-E;9;"sim; dedo 1 na casa 9, cordas 2 a 5";;1,6;E;avançado;"Numeração das cordas no CSV segue a ordem grave→agudo. X=abafada; 0=solta.";Dicionário anexado e voicings normalizados/gerados a partir da afinação padrão.
violao-Eadd9-3;violao;Eadd9;;E;Mi;com nona adicionada;1 3 5 9;3;E-A-D-G-B-E;0-X-4-4-0-4;0-X-1-1-0-1;E-X-F#-B-B-G#;4;"sim; dedo 1 na casa 4, cordas 3 a 6";2;1,5;E;intermediário;"Numeração das cordas no CSV segue a ordem grave→agudo. X=abafada; 0=solta.";Dicionário anexado e voicings normalizados/gerados a partir da afinação padrão.
violao-E9-1;violao;E9;;E;Mi;nona dominante;1 3 5 b7 9;1;E-A-D-G-B-E;0-11-0-11-0-0;0-1-0-1-0-0;E-G#-D-F#-B-E;11;"sim; dedo 1 na casa 11, cordas 2 a 4";;1,3,5,6;E;avançado;"Numeração das cordas no CSV segue a ordem grave→agudo. X=abafada; 0=solta.";Dicionário anexado e voicings normalizados/gerados a partir da afinação padrão.
violao-E9-2;violao;E9;;E;Mi;nona dominante;1 3 5 b7 9;2;E-A-D-G-B-E;0-2-0-1-0-2;0-2-0-1-0-3;E-B-D-G#-B-F#;1;não;;1,3,5;E;iniciante;"Numeração das cordas no CSV segue a ordem grave→agudo. X=abafada; 0=solta.";Dicionário anexado e voicings normalizados/gerados a partir da afinação padrão.
violao-E9-3;violao;E9;;E;Mi;nona dominante;1 3 5 b7 9;3;E-A-D-G-B-E;0-9-0-9-9-0;0-1-0-1-1-0;E-F#-D-E-G#-E;9;"sim; dedo 1 na casa 9, cordas 2 a 5";;1,3,6;E;avançado;"Numeração das cordas no CSV segue a ordem grave→agudo. X=abafada; 0=solta.";Dicionário anexado e voicings normalizados/gerados a partir da afinação padrão.
violao-E5-1;violao;E5;;E;Mi;quinta (power chord);1 5;1;E-A-D-G-B-E;0-2-2-X-0-0;0-1-1-X-0-0;E-B-E-X-B-E;2;"sim; dedo 1 na casa 2, cordas 2 a 3";4;1,5,6;E;intermediário;"Numeração das cordas no CSV segue a ordem grave→agudo. X=abafada; 0=solta.";Dicionário anexado e voicings normalizados/gerados a partir da afinação padrão.
violao-E5-2;violao;E5;;E;Mi;quinta (power chord);1 5;2;E-A-D-G-B-E;0-2-2-4-0-0;0-1-1-2-0-0;E-B-E-B-B-E;2;"sim; dedo 1 na casa 2, cordas 2 a 3";;1,5,6;E;intermediário;"Numeração das cordas no CSV segue a ordem grave→agudo. X=abafada; 0=solta.";Dicionário anexado e voicings normalizados/gerados a partir da afinação padrão.
violao-E5-3;violao;E5;;E;Mi;quinta (power chord);1 5;3;E-A-D-G-B-E;0-X-2-X-0-0;0-X-1-X-0-0;E-X-E-X-B-E;2;não;2,4;1,5,6;E;iniciante;"Numeração das cordas no CSV segue a ordem grave→agudo. X=abafada; 0=solta.";Dicionário anexado e voicings normalizados/gerados a partir da afinação padrão.
violao-E7b5-1;violao;E7b5;;E;Mi;sétima com quinta diminuta;1 3 b5 b7;1;E-A-D-G-B-E;0-1-0-1-X-0;0-1-0-1-X-0;E-A#-D-G#-X-E;1;"sim; dedo 1 na casa 1, cordas 2 a 4";5;1,3,6;E;intermediário;"Numeração das cordas no CSV segue a ordem grave→agudo. X=abafada; 0=solta.";Dicionário anexado e voicings normalizados/gerados a partir da afinação padrão.
violao-E7b5-2;violao;E7b5;;E;Mi;sétima com quinta diminuta;1 3 b5 b7;2;E-A-D-G-B-E;0-1-0-1-3-0;0-1-0-1-2-0;E-A#-D-G#-D-E;1;"sim; dedo 1 na casa 1, cordas 2 a 4";;1,3,6;E;intermediário;"Numeração das cordas no CSV segue a ordem grave→agudo. X=abafada; 0=solta.";Dicionário anexado e voicings normalizados/gerados a partir da afinação padrão.
violao-E7b5-3;violao;E7b5;;E;Mi;sétima com quinta diminuta;1 3 b5 b7;3;E-A-D-G-B-E;0-1-2-1-3-0;0-1-2-1-3-0;E-A#-E-G#-D-E;1;"sim; dedo 1 na casa 1, cordas 2 a 4";;1,6;E;intermediário;"Numeração das cordas no CSV segue a ordem grave→agudo. X=abafada; 0=solta.";Dicionário anexado e voicings normalizados/gerados a partir da afinação padrão.
violao-F-1;violao;F;;F;Fá;maior;1 3 5;1;E-A-D-G-B-E;1-0-3-2-1-1;1-0-3-2-1-1;F-A-F-A-C-F;1;"sim; dedo 1 na casa 1, cordas 1 a 6";;2;F;intermediário;"Numeração das cordas no CSV segue a ordem grave→agudo. X=abafada; 0=solta.";Dicionário anexado e voicings normalizados/gerados a partir da afinação padrão.
violao-F-2;violao;F;;F;Fá;maior;1 3 5;2;E-A-D-G-B-E;1-0-X-2-1-1;1-0-X-2-1-1;F-A-X-A-C-F;1;"sim; dedo 1 na casa 1, cordas 1 a 6";3;2;F;intermediário;"Numeração das cordas no CSV segue a ordem grave→agudo. X=abafada; 0=solta.";Dicionário anexado e voicings normalizados/gerados a partir da afinação padrão.
violao-F-3;violao;F;;F;Fá;maior;1 3 5;3;E-A-D-G-B-E;1-0-X-X-1-1;1-0-X-X-1-1;F-A-X-X-C-F;1;"sim; dedo 1 na casa 1, cordas 1 a 6";3,4;2;F;intermediário;"Numeração das cordas no CSV segue a ordem grave→agudo. X=abafada; 0=solta.";Dicionário anexado e voicings normalizados/gerados a partir da afinação padrão.
violao-Fm-1;violao;Fm;;F;Fá;menor;1 b3 5;1;E-A-D-G-B-E;1-X-X-1-1-1;1-X-X-1-1-1;F-X-X-G#-C-F;1;"sim; dedo 1 na casa 1, cordas 1 a 6";2,3;;F;intermediário;"Numeração das cordas no CSV segue a ordem grave→agudo. X=abafada; 0=solta.";Dicionário anexado e voicings normalizados/gerados a partir da afinação padrão.
violao-Fm-2;violao;Fm;;F;Fá;menor;1 b3 5;2;E-A-D-G-B-E;1-X-3-1-1-1;1-X-2-1-1-1;F-X-F-G#-C-F;1;"sim; dedo 1 na casa 1, cordas 1 a 6";2;;F;intermediário;"Numeração das cordas no CSV segue a ordem grave→agudo. X=abafada; 0=solta.";Dicionário anexado e voicings normalizados/gerados a partir da afinação padrão.
violao-Fm-3;violao;Fm;;F;Fá;menor;1 b3 5;3;E-A-D-G-B-E;1-3-X-1-1-1;1-2-X-1-1-1;F-C-X-G#-C-F;1;"sim; dedo 1 na casa 1, cordas 1 a 6";3;;F;intermediário;"Numeração das cordas no CSV segue a ordem grave→agudo. X=abafada; 0=solta.";Dicionário anexado e voicings normalizados/gerados a partir da afinação padrão.
violao-F7-1;violao;F7;;F;Fá;sétima dominante;1 3 5 b7;1;E-A-D-G-B-E;1-0-1-2-1-1;1-0-1-2-1-1;F-A-D#-A-C-F;1;"sim; dedo 1 na casa 1, cordas 1 a 6";;2;F;intermediário;"Numeração das cordas no CSV segue a ordem grave→agudo. X=abafada; 0=solta.";Dicionário anexado e voicings normalizados/gerados a partir da afinação padrão.
violao-F7-2;violao;F7;;F;Fá;sétima dominante;1 3 5 b7;2;E-A-D-G-B-E;1-0-1-X-1-1;1-0-1-X-1-1;F-A-D#-X-C-F;1;"sim; dedo 1 na casa 1, cordas 1 a 6";4;2;F;intermediário;"Numeração das cordas no CSV segue a ordem grave→agudo. X=abafada; 0=solta.";Dicionário anexado e voicings normalizados/gerados a partir da afinação padrão.
violao-F7-3;violao;F7;;F;Fá;sétima dominante;1 3 5 b7;3;E-A-D-G-B-E;1-0-1-2-1-X;1-0-1-2-1-X;F-A-D#-A-C-X;1;"sim; dedo 1 na casa 1, cordas 1 a 5";6;2;F;intermediário;"Numeração das cordas no CSV segue a ordem grave→agudo. X=abafada; 0=solta.";Dicionário anexado e voicings normalizados/gerados a partir da afinação padrão.
violao-Fmaj7-1;violao;Fmaj7;;F;Fá;sétima maior;1 3 5 7;1;E-A-D-G-B-E;1-0-2-2-1-0;1-0-2-3-1-0;F-A-E-A-C-E;1;"sim; dedo 1 na casa 1, cordas 1 a 5";;2,6;F;intermediário;"Numeração das cordas no CSV segue a ordem grave→agudo. X=abafada; 0=solta.";Dicionário anexado e voicings normalizados/gerados a partir da afinação padrão.
violao-Fmaj7-2;violao;Fmaj7;;F;Fá;sétima maior;1 3 5 7;2;E-A-D-G-B-E;1-0-2-2-1-1;1-0-2-3-1-1;F-A-E-A-C-F;1;"sim; dedo 1 na casa 1, cordas 1 a 6";;2;F;intermediário;"Numeração das cordas no CSV segue a ordem grave→agudo. X=abafada; 0=solta.";Dicionário anexado e voicings normalizados/gerados a partir da afinação padrão.
violao-Fmaj7-3;violao;Fmaj7;;F;Fá;sétima maior;1 3 5 7;3;E-A-D-G-B-E;1-0-3-2-1-0;1-0-3-2-1-0;F-A-F-A-C-E;1;"sim; dedo 1 na casa 1, cordas 1 a 5";;2,6;F;intermediário;"Numeração das cordas no CSV segue a ordem grave→agudo. X=abafada; 0=solta.";Dicionário anexado e voicings normalizados/gerados a partir da afinação padrão.
violao-Fm7-1;violao;Fm7;;F;Fá;menor com sétima;1 b3 5 b7;1;E-A-D-G-B-E;1-X-1-1-1-1;1-X-1-1-1-1;F-X-D#-G#-C-F;1;"sim; dedo 1 na casa 1, cordas 1 a 6";2;;F;intermediário;"Numeração das cordas no CSV segue a ordem grave→agudo. X=abafada; 0=solta.";Dicionário anexado e voicings normalizados/gerados a partir da afinação padrão.
violao-Fm7-2;violao;Fm7;;F;Fá;menor com sétima;1 b3 5 b7;2;E-A-D-G-B-E;1-X-1-1-1-X;1-X-1-1-1-X;F-X-D#-G#-C-X;1;"sim; dedo 1 na casa 1, cordas 1 a 5";2,6;;F;intermediário;"Numeração das cordas no CSV segue a ordem grave→agudo. X=abafada; 0=solta.";Dicionário anexado e voicings normalizados/gerados a partir da afinação padrão.
violao-Fm7-3;violao;Fm7;;F;Fá;menor com sétima;1 b3 5 b7;3;E-A-D-G-B-E;1-3-1-1-X-1;1-2-1-1-X-1;F-C-D#-G#-X-F;1;"sim; dedo 1 na casa 1, cordas 1 a 6";5;;F;intermediário;"Numeração das cordas no CSV segue a ordem grave→agudo. X=abafada; 0=solta.";Dicionário anexado e voicings normalizados/gerados a partir da afinação padrão.
violao-F6-1;violao;F6;;F;Fá;sexta;1 3 5 6;1;E-A-D-G-B-E;1-0-0-2-1-1;1-0-0-2-1-1;F-A-D-A-C-F;1;"sim; dedo 1 na casa 1, cordas 1 a 6";;2,3;F;intermediário;"Numeração das cordas no CSV segue a ordem grave→agudo. X=abafada; 0=solta.";Dicionário anexado e voicings normalizados/gerados a partir da afinação padrão.
violao-F6-2;violao;F6;;F;Fá;sexta;1 3 5 6;2;E-A-D-G-B-E;1-0-0-X-1-1;1-0-0-X-1-1;F-A-D-X-C-F;1;"sim; dedo 1 na casa 1, cordas 1 a 6";4;2,3;F;intermediário;"Numeração das cordas no CSV segue a ordem grave→agudo. X=abafada; 0=solta.";Dicionário anexado e voicings normalizados/gerados a partir da afinação padrão.
violao-F6-3;violao;F6;;F;Fá;sexta;1 3 5 6;3;E-A-D-G-B-E;1-0-0-2-1-X;1-0-0-2-1-X;F-A-D-A-C-X;1;"sim; dedo 1 na casa 1, cordas 1 a 5";6;2,3;F;intermediário;"Numeração das cordas no CSV segue a ordem grave→agudo. X=abafada; 0=solta.";Dicionário anexado e voicings normalizados/gerados a partir da afinação padrão.
violao-Fm6-1;violao;Fm6;;F;Fá;menor com sexta;1 b3 5 6;1;E-A-D-G-B-E;1-X-0-1-1-1;1-X-0-1-1-1;F-X-D-G#-C-F;1;"sim; dedo 1 na casa 1, cordas 1 a 6";2;3;F;intermediário;"Numeração das cordas no CSV segue a ordem grave→agudo. X=abafada; 0=solta.";Dicionário anexado e voicings normalizados/gerados a partir da afinação padrão.
violao-Fm6-2;violao;Fm6;;F;Fá;menor com sexta;1 b3 5 6;2;E-A-D-G-B-E;1-3-0-1-1-1;1-2-0-1-1-1;F-C-D-G#-C-F;1;"sim; dedo 1 na casa 1, cordas 1 a 6";;3;F;intermediário;"Numeração das cordas no CSV segue a ordem grave→agudo. X=abafada; 0=solta.";Dicionário anexado e voicings normalizados/gerados a partir da afinação padrão.
violao-Fm6-3;violao;Fm6;;F;Fá;menor com sexta;1 b3 5 6;3;E-A-D-G-B-E;1-3-0-1-3-1;1-2-0-1-3-1;F-C-D-G#-D-F;1;"sim; dedo 1 na casa 1, cordas 1 a 6";;3;F;intermediário;"Numeração das cordas no CSV segue a ordem grave→agudo. X=abafada; 0=solta.";Dicionário anexado e voicings normalizados/gerados a partir da afinação padrão.
violao-Fdim-1;violao;Fdim;;F;Fá;diminuto;1 b3 b5;1;E-A-D-G-B-E;1-2-3-1-0-1;1-2-3-1-0-1;F-B-F-G#-B-F;1;"sim; dedo 1 na casa 1, cordas 1 a 6";;5;F;intermediário;"Numeração das cordas no CSV segue a ordem grave→agudo. X=abafada; 0=solta.";Dicionário anexado e voicings normalizados/gerados a partir da afinação padrão.
violao-Fdim-2;violao;Fdim;;F;Fá;diminuto;1 b3 b5;2;E-A-D-G-B-E;1-2-X-1-0-1;1-2-X-1-0-1;F-B-X-G#-B-F;1;"sim; dedo 1 na casa 1, cordas 1 a 6";3;5;F;intermediário;"Numeração das cordas no CSV segue a ordem grave→agudo. X=abafada; 0=solta.";Dicionário anexado e voicings normalizados/gerados a partir da afinação padrão.
violao-Fdim-3;violao;Fdim;;F;Fá;diminuto;1 b3 b5;3;E-A-D-G-B-E;1-X-X-1-0-1;1-X-X-1-0-1;F-X-X-G#-B-F;1;"sim; dedo 1 na casa 1, cordas 1 a 6";2,3;5;F;intermediário;"Numeração das cordas no CSV segue a ordem grave→agudo. X=abafada; 0=solta.";Dicionário anexado e voicings normalizados/gerados a partir da afinação padrão.
violao-Faug-1;violao;Faug;;F;Fá;aumentado;1 3 #5;1;E-A-D-G-B-E;1-0-3-2-2-1;1-0-4-2-3-1;F-A-F-A-C#-F;1;"sim; dedo 1 na casa 1, cordas 1 a 6";;2;F;intermediário;"Numeração das cordas no CSV segue a ordem grave→agudo. X=abafada; 0=solta.";Dicionário anexado e voicings normalizados/gerados a partir da afinação padrão.
violao-Faug-2;violao;Faug;;F;Fá;aumentado;1 3 #5;2;E-A-D-G-B-E;1-0-X-2-2-1;1-0-X-2-3-1;F-A-X-A-C#-F;1;"sim; dedo 1 na casa 1, cordas 1 a 6";3;2;F;intermediário;"Numeração das cordas no CSV segue a ordem grave→agudo. X=abafada; 0=solta.";Dicionário anexado e voicings normalizados/gerados a partir da afinação padrão.
violao-Faug-3;violao;Faug;;F;Fá;aumentado;1 3 #5;3;E-A-D-G-B-E;1-0-3-X-2-1;1-0-3-X-2-1;F-A-F-X-C#-F;1;"sim; dedo 1 na casa 1, cordas 1 a 6";4;2;F;intermediário;"Numeração das cordas no CSV segue a ordem grave→agudo. X=abafada; 0=solta.";Dicionário anexado e voicings normalizados/gerados a partir da afinação padrão.
violao-Fsus2-1;violao;Fsus2;;F;Fá;suspenso com segunda;1 2 5;1;E-A-D-G-B-E;1-3-3-0-1-1;1-2-3-0-1-1;F-C-F-G-C-F;1;"sim; dedo 1 na casa 1, cordas 1 a 6";;4;F;intermediário;"Numeração das cordas no CSV segue a ordem grave→agudo. X=abafada; 0=solta.";Dicionário anexado e voicings normalizados/gerados a partir da afinação padrão.
violao-Fsus2-2;violao;Fsus2;;F;Fá;suspenso com segunda;1 2 5;2;E-A-D-G-B-E;1-3-3-0-1-3;1-2-3-0-1-4;F-C-F-G-C-G;1;"sim; dedo 1 na casa 1, cordas 1 a 5";;4;F;intermediário;"Numeração das cordas no CSV segue a ordem grave→agudo. X=abafada; 0=solta.";Dicionário anexado e voicings normalizados/gerados a partir da afinação padrão.
violao-Fsus2-3;violao;Fsus2;;F;Fá;suspenso com segunda;1 2 5;3;E-A-D-G-B-E;1-X-X-0-1-1;1-X-X-0-1-1;F-X-X-G-C-F;1;"sim; dedo 1 na casa 1, cordas 1 a 6";2,3;4;F;intermediário;"Numeração das cordas no CSV segue a ordem grave→agudo. X=abafada; 0=solta.";Dicionário anexado e voicings normalizados/gerados a partir da afinação padrão.
violao-Fsus4-1;violao;Fsus4;;F;Fá;suspenso com quarta;1 4 5;1;E-A-D-G-B-E;1-1-X-X-1-1;1-1-X-X-1-1;F-A#-X-X-C-F;1;"sim; dedo 1 na casa 1, cordas 1 a 6";3,4;;F;intermediário;"Numeração das cordas no CSV segue a ordem grave→agudo. X=abafada; 0=solta.";Dicionário anexado e voicings normalizados/gerados a partir da afinação padrão.
violao-Fsus4-2;violao;Fsus4;;F;Fá;suspenso com quarta;1 4 5;2;E-A-D-G-B-E;1-X-3-3-1-1;1-X-2-3-1-1;F-X-F-A#-C-F;1;"sim; dedo 1 na casa 1, cordas 1 a 6";2;;F;intermediário;"Numeração das cordas no CSV segue a ordem grave→agudo. X=abafada; 0=solta.";Dicionário anexado e voicings normalizados/gerados a partir da afinação padrão.
violao-Fsus4-3;violao;Fsus4;;F;Fá;suspenso com quarta;1 4 5;3;E-A-D-G-B-E;1-1-X-3-1-1;1-1-X-2-1-1;F-A#-X-A#-C-F;1;"sim; dedo 1 na casa 1, cordas 1 a 6";3;;F;intermediário;"Numeração das cordas no CSV segue a ordem grave→agudo. X=abafada; 0=solta.";Dicionário anexado e voicings normalizados/gerados a partir da afinação padrão.
violao-Fadd9-1;violao;Fadd9;;F;Fá;com nona adicionada;1 3 5 9;1;E-A-D-G-B-E;1-0-X-0-1-1;1-0-X-0-1-1;F-A-X-G-C-F;1;"sim; dedo 1 na casa 1, cordas 1 a 6";3;2,4;F;intermediário;"Numeração das cordas no CSV segue a ordem grave→agudo. X=abafada; 0=solta.";Dicionário anexado e voicings normalizados/gerados a partir da afinação padrão.
violao-Fadd9-2;violao;Fadd9;;F;Fá;com nona adicionada;1 3 5 9;2;E-A-D-G-B-E;1-0-3-0-1-1;1-0-2-0-1-1;F-A-F-G-C-F;1;"sim; dedo 1 na casa 1, cordas 1 a 6";;2,4;F;intermediário;"Numeração das cordas no CSV segue a ordem grave→agudo. X=abafada; 0=solta.";Dicionário anexado e voicings normalizados/gerados a partir da afinação padrão.
violao-Fadd9-3;violao;Fadd9;;F;Fá;com nona adicionada;1 3 5 9;3;E-A-D-G-B-E;1-0-3-0-1-3;1-0-2-0-1-3;F-A-F-G-C-G;1;"sim; dedo 1 na casa 1, cordas 1 a 5";;2,4;F;intermediário;"Numeração das cordas no CSV segue a ordem grave→agudo. X=abafada; 0=solta.";Dicionário anexado e voicings normalizados/gerados a partir da afinação padrão.
violao-F9-1;violao;F9;;F;Fá;nona dominante;1 3 5 b7 9;1;E-A-D-G-B-E;1-0-1-0-1-1;1-0-1-0-1-1;F-A-D#-G-C-F;1;"sim; dedo 1 na casa 1, cordas 1 a 6";;2,4;F;intermediário;"Numeração das cordas no CSV segue a ordem grave→agudo. X=abafada; 0=solta.";Dicionário anexado e voicings normalizados/gerados a partir da afinação padrão.
violao-F9-2;violao;F9;;F;Fá;nona dominante;1 3 5 b7 9;2;E-A-D-G-B-E;1-0-1-0-1-X;1-0-1-0-1-X;F-A-D#-G-C-X;1;"sim; dedo 1 na casa 1, cordas 1 a 5";6;2,4;F;intermediário;"Numeração das cordas no CSV segue a ordem grave→agudo. X=abafada; 0=solta.";Dicionário anexado e voicings normalizados/gerados a partir da afinação padrão.
violao-F9-3;violao;F9;;F;Fá;nona dominante;1 3 5 b7 9;3;E-A-D-G-B-E;1-0-1-0-X-1;1-0-1-0-X-1;F-A-D#-G-X-F;1;"sim; dedo 1 na casa 1, cordas 1 a 6";5;2,4;F;intermediário;"Numeração das cordas no CSV segue a ordem grave→agudo. X=abafada; 0=solta.";Dicionário anexado e voicings normalizados/gerados a partir da afinação padrão.
violao-F5-1;violao;F5;;F;Fá;quinta (power chord);1 5;1;E-A-D-G-B-E;1-3-3-X-1-1;1-2-3-X-1-1;F-C-F-X-C-F;1;"sim; dedo 1 na casa 1, cordas 1 a 6";4;;F;intermediário;"Numeração das cordas no CSV segue a ordem grave→agudo. X=abafada; 0=solta.";Dicionário anexado e voicings normalizados/gerados a partir da afinação padrão.
violao-F5-2;violao;F5;;F;Fá;quinta (power chord);1 5;2;E-A-D-G-B-E;1-X-X-X-1-1;1-X-X-X-1-1;F-X-X-X-C-F;1;"sim; dedo 1 na casa 1, cordas 1 a 6";2,3,4;;F;intermediário;"Numeração das cordas no CSV segue a ordem grave→agudo. X=abafada; 0=solta.";Dicionário anexado e voicings normalizados/gerados a partir da afinação padrão.
violao-F5-3;violao;F5;;F;Fá;quinta (power chord);1 5;3;E-A-D-G-B-E;1-X-3-X-1-1;1-X-2-X-1-1;F-X-F-X-C-F;1;"sim; dedo 1 na casa 1, cordas 1 a 6";2,4;;F;intermediário;"Numeração das cordas no CSV segue a ordem grave→agudo. X=abafada; 0=solta.";Dicionário anexado e voicings normalizados/gerados a partir da afinação padrão.
violao-F7b5-1;violao;F7b5;;F;Fá;sétima com quinta diminuta;1 3 b5 b7;1;E-A-D-G-B-E;1-0-1-2-0-1;1-0-1-2-0-1;F-A-D#-A-B-F;1;"sim; dedo 1 na casa 1, cordas 1 a 6";;2,5;F;intermediário;"Numeração das cordas no CSV segue a ordem grave→agudo. X=abafada; 0=solta.";Dicionário anexado e voicings normalizados/gerados a partir da afinação padrão.
violao-F7b5-2;violao;F7b5;;F;Fá;sétima com quinta diminuta;1 3 b5 b7;2;E-A-D-G-B-E;1-0-1-X-0-1;1-0-1-X-0-1;F-A-D#-X-B-F;1;"sim; dedo 1 na casa 1, cordas 1 a 6";4;2,5;F;intermediário;"Numeração das cordas no CSV segue a ordem grave→agudo. X=abafada; 0=solta.";Dicionário anexado e voicings normalizados/gerados a partir da afinação padrão.
violao-F7b5-3;violao;F7b5;;F;Fá;sétima com quinta diminuta;1 3 b5 b7;3;E-A-D-G-B-E;1-2-1-2-0-1;1-2-1-3-0-1;F-B-D#-A-B-F;1;"sim; dedo 1 na casa 1, cordas 1 a 6";;5;F;intermediário;"Numeração das cordas no CSV segue a ordem grave→agudo. X=abafada; 0=solta.";Dicionário anexado e voicings normalizados/gerados a partir da afinação padrão.
violao-F#-1;violao;F#;Gb;F#;Fá sustenido;maior;1 3 5;1;E-A-D-G-B-E;2-1-X-3-2-2;2-1-X-4-3-4;F#-A#-X-A#-C#-F#;1;não;3;;F#;intermediário;"Numeração das cordas no CSV segue a ordem grave→agudo. X=abafada; 0=solta.";Dicionário anexado e voicings normalizados/gerados a partir da afinação padrão.
violao-F#-2;violao;F#;Gb;F#;Fá sustenido;maior;1 3 5;2;E-A-D-G-B-E;2-1-X-X-2-2;2-1-X-X-3-4;F#-A#-X-X-C#-F#;1;não;3,4;;F#;intermediário;"Numeração das cordas no CSV segue a ordem grave→agudo. X=abafada; 0=solta.";Dicionário anexado e voicings normalizados/gerados a partir da afinação padrão.
violao-F#-3;violao;F#;Gb;F#;Fá sustenido;maior;1 3 5;3;E-A-D-G-B-E;2-X-4-3-2-2;1-X-3-2-1-1;F#-X-F#-A#-C#-F#;2;"sim; dedo 1 na casa 2, cordas 1 a 6";2;;F#;intermediário;"Numeração das cordas no CSV segue a ordem grave→agudo. X=abafada; 0=solta.";Dicionário anexado e voicings normalizados/gerados a partir da afinação padrão.
violao-F#m-1;violao;F#m;Gbm;F#;Fá sustenido;menor;1 b3 5;1;E-A-D-G-B-E;2-0-X-2-2-2;1-0-X-1-1-1;F#-A-X-A-C#-F#;2;"sim; dedo 1 na casa 2, cordas 1 a 6";3;2;F#;intermediário;"Numeração das cordas no CSV segue a ordem grave→agudo. X=abafada; 0=solta.";Dicionário anexado e voicings normalizados/gerados a partir da afinação padrão.
violao-F#m-2;violao;F#m;Gbm;F#;Fá sustenido;menor;1 b3 5;2;E-A-D-G-B-E;2-0-4-2-2-2;1-0-2-1-1-1;F#-A-F#-A-C#-F#;2;"sim; dedo 1 na casa 2, cordas 1 a 6";;2;F#;intermediário;"Numeração das cordas no CSV segue a ordem grave→agudo. X=abafada; 0=solta.";Dicionário anexado e voicings normalizados/gerados a partir da afinação padrão.
violao-F#m-3;violao;F#m;Gbm;F#;Fá sustenido;menor;1 b3 5;3;E-A-D-G-B-E;2-0-X-X-2-2;1-0-X-X-1-1;F#-A-X-X-C#-F#;2;"sim; dedo 1 na casa 2, cordas 1 a 6";3,4;2;F#;intermediário;"Numeração das cordas no CSV segue a ordem grave→agudo. X=abafada; 0=solta.";Dicionário anexado e voicings normalizados/gerados a partir da afinação padrão.
violao-F#7-1;violao;F#7;Gb7;F#;Fá sustenido;sétima dominante;1 3 5 b7;1;E-A-D-G-B-E;2-1-2-3-2-0;2-1-3-4-4-0;F#-A#-E-A#-C#-E;1;não;;6;F#;intermediário;"Numeração das cordas no CSV segue a ordem grave→agudo. X=abafada; 0=solta.";Dicionário anexado e voicings normalizados/gerados a partir da afinação padrão.
violao-F#7-2;violao;F#7;Gb7;F#;Fá sustenido;sétima dominante;1 3 5 b7;2;E-A-D-G-B-E;2-1-2-X-2-0;2-1-3-X-4-0;F#-A#-E-X-C#-E;1;não;4;6;F#;intermediário;"Numeração das cordas no CSV segue a ordem grave→agudo. X=abafada; 0=solta.";Dicionário anexado e voicings normalizados/gerados a partir da afinação padrão.
violao-F#7-3;violao;F#7;Gb7;F#;Fá sustenido;sétima dominante;1 3 5 b7;3;E-A-D-G-B-E;2-4-2-3-2-0;1-3-1-2-1-0;F#-C#-E-A#-C#-E;2;"sim; dedo 1 na casa 2, cordas 1 a 5";;6;F#;intermediário;"Numeração das cordas no CSV segue a ordem grave→agudo. X=abafada; 0=solta.";Dicionário anexado e voicings normalizados/gerados a partir da afinação padrão.
violao-F#maj7-1;violao;F#maj7;Gbmaj7;F#;Fá sustenido;sétima maior;1 3 5 7;1;E-A-D-G-B-E;2-X-3-3-2-2;1-X-2-3-1-1;F#-X-F-A#-C#-F#;2;"sim; dedo 1 na casa 2, cordas 1 a 6";2;;F#;intermediário;"Numeração das cordas no CSV segue a ordem grave→agudo. X=abafada; 0=solta.";Dicionário anexado e voicings normalizados/gerados a partir da afinação padrão.
violao-F#maj7-2;violao;F#maj7;Gbmaj7;F#;Fá sustenido;sétima maior;1 3 5 7;2;E-A-D-G-B-E;2-X-3-3-2-1;2-X-4-4-3-1;F#-X-F-A#-C#-F;1;não;2;;F#;intermediário;"Numeração das cordas no CSV segue a ordem grave→agudo. X=abafada; 0=solta.";Dicionário anexado e voicings normalizados/gerados a partir da afinação padrão.
violao-F#maj7-3;violao;F#maj7;Gbmaj7;F#;Fá sustenido;sétima maior;1 3 5 7;3;E-A-D-G-B-E;2-1-X-3-2-1;2-1-X-4-3-1;F#-A#-X-A#-C#-F;1;"sim; dedo 1 na casa 1, cordas 2 a 6";3;;F#;intermediário;"Numeração das cordas no CSV segue a ordem grave→agudo. X=abafada; 0=solta.";Dicionário anexado e voicings normalizados/gerados a partir da afinação padrão.
violao-F#m7-1;violao;F#m7;Gbm7;F#;Fá sustenido;menor com sétima;1 b3 5 b7;1;E-A-D-G-B-E;2-0-2-2-2-0;1-0-1-1-1-0;F#-A-E-A-C#-E;2;"sim; dedo 1 na casa 2, cordas 1 a 5";;2,6;F#;intermediário;"Numeração das cordas no CSV segue a ordem grave→agudo. X=abafada; 0=solta.";Dicionário anexado e voicings normalizados/gerados a partir da afinação padrão.
violao-F#m7-2;violao;F#m7;Gbm7;F#;Fá sustenido;menor com sétima;1 b3 5 b7;2;E-A-D-G-B-E;2-0-2-2-2-2;1-0-1-1-1-1;F#-A-E-A-C#-F#;2;"sim; dedo 1 na casa 2, cordas 1 a 6";;2;F#;intermediário;"Numeração das cordas no CSV segue a ordem grave→agudo. X=abafada; 0=solta.";Dicionário anexado e voicings normalizados/gerados a partir da afinação padrão.
violao-F#m7-3;violao;F#m7;Gbm7;F#;Fá sustenido;menor com sétima;1 b3 5 b7;3;E-A-D-G-B-E;2-0-X-2-2-0;1-0-X-1-1-0;F#-A-X-A-C#-E;2;"sim; dedo 1 na casa 2, cordas 1 a 5";3;2,6;F#;intermediário;"Numeração das cordas no CSV segue a ordem grave→agudo. X=abafada; 0=solta.";Dicionário anexado e voicings normalizados/gerados a partir da afinação padrão.
violao-F#6-1;violao;F#6;Gb6;F#;Fá sustenido;sexta;1 3 5 6;1;E-A-D-G-B-E;2-1-1-X-2-2;2-1-1-X-3-4;F#-A#-D#-X-C#-F#;1;"sim; dedo 1 na casa 1, cordas 2 a 3";4;;F#;intermediário;"Numeração das cordas no CSV segue a ordem grave→agudo. X=abafada; 0=solta.";Dicionário anexado e voicings normalizados/gerados a partir da afinação padrão.
violao-F#6-2;violao;F#6;Gb6;F#;Fá sustenido;sexta;1 3 5 6;2;E-A-D-G-B-E;2-X-1-3-2-2;2-X-1-4-3-4;F#-X-D#-A#-C#-F#;1;não;2;;F#;intermediário;"Numeração das cordas no CSV segue a ordem grave→agudo. X=abafada; 0=solta.";Dicionário anexado e voicings normalizados/gerados a partir da afinação padrão.
violao-F#6-3;violao;F#6;Gb6;F#;Fá sustenido;sexta;1 3 5 6;3;E-A-D-G-B-E;2-1-1-3-2-X;2-1-1-4-3-X;F#-A#-D#-A#-C#-X;1;"sim; dedo 1 na casa 1, cordas 2 a 3";6;;F#;intermediário;"Numeração das cordas no CSV segue a ordem grave→agudo. X=abafada; 0=solta.";Dicionário anexado e voicings normalizados/gerados a partir da afinação padrão.
violao-F#m6-1;violao;F#m6;Gbm6;F#;Fá sustenido;menor com sexta;1 b3 5 6;1;E-A-D-G-B-E;2-0-1-2-2-2;2-0-1-3-4-4;F#-A-D#-A-C#-F#;1;não;;2;F#;intermediário;"Numeração das cordas no CSV segue a ordem grave→agudo. X=abafada; 0=solta.";Dicionário anexado e voicings normalizados/gerados a partir da afinação padrão.
violao-F#m6-2;violao;F#m6;Gbm6;F#;Fá sustenido;menor com sexta;1 b3 5 6;2;E-A-D-G-B-E;2-0-1-X-2-2;2-0-1-X-3-4;F#-A-D#-X-C#-F#;1;não;4;2;F#;intermediário;"Numeração das cordas no CSV segue a ordem grave→agudo. X=abafada; 0=solta.";Dicionário anexado e voicings normalizados/gerados a partir da afinação padrão.
violao-F#m6-3;violao;F#m6;Gbm6;F#;Fá sustenido;menor com sexta;1 b3 5 6;3;E-A-D-G-B-E;2-0-1-2-2-X;2-0-1-3-4-X;F#-A-D#-A-C#-X;1;não;6;2;F#;intermediário;"Numeração das cordas no CSV segue a ordem grave→agudo. X=abafada; 0=solta.";Dicionário anexado e voicings normalizados/gerados a partir da afinação padrão.
violao-F#dim-1;violao;F#dim;Gbdim;F#;Fá sustenido;diminuto;1 b3 b5;1;E-A-D-G-B-E;2-0-X-2-1-2;2-0-X-3-1-4;F#-A-X-A-C-F#;1;não;3;2;F#;intermediário;"Numeração das cordas no CSV segue a ordem grave→agudo. X=abafada; 0=solta.";Dicionário anexado e voicings normalizados/gerados a partir da afinação padrão.
violao-F#dim-2;violao;F#dim;Gbdim;F#;Fá sustenido;diminuto;1 b3 b5;2;E-A-D-G-B-E;2-0-4-2-1-2;2-0-4-3-1-4;F#-A-F#-A-C-F#;1;não;;2;F#;intermediário;"Numeração das cordas no CSV segue a ordem grave→agudo. X=abafada; 0=solta.";Dicionário anexado e voicings normalizados/gerados a partir da afinação padrão.
violao-F#dim-3;violao;F#dim;Gbdim;F#;Fá sustenido;diminuto;1 b3 b5;3;E-A-D-G-B-E;2-0-X-X-1-2;2-0-X-X-1-3;F#-A-X-X-C-F#;1;não;3,4;2;F#;iniciante;"Numeração das cordas no CSV segue a ordem grave→agudo. X=abafada; 0=solta.";Dicionário anexado e voicings normalizados/gerados a partir da afinação padrão.
violao-F#aug-1;violao;F#aug;Gbaug;F#;Fá sustenido;aumentado;1 3 #5;1;E-A-D-G-B-E;2-1-0-3-3-2;2-1-0-4-4-3;F#-A#-D-A#-D-F#;1;não;;3;F#;intermediário;"Numeração das cordas no CSV segue a ordem grave→agudo. X=abafada; 0=solta.";Dicionário anexado e voicings normalizados/gerados a partir da afinação padrão.
violao-F#aug-2;violao;F#aug;Gbaug;F#;Fá sustenido;aumentado;1 3 #5;2;E-A-D-G-B-E;2-X-0-3-3-2;1-X-0-2-3-1;F#-X-D-A#-D-F#;2;"sim; dedo 1 na casa 2, cordas 1 a 6";2;3;F#;intermediário;"Numeração das cordas no CSV segue a ordem grave→agudo. X=abafada; 0=solta.";Dicionário anexado e voicings normalizados/gerados a partir da afinação padrão.
violao-F#aug-3;violao;F#aug;Gbaug;F#;Fá sustenido;aumentado;1 3 #5;3;E-A-D-G-B-E;2-1-0-X-3-2;2-1-0-X-4-3;F#-A#-D-X-D-F#;1;não;4;3;F#;intermediário;"Numeração das cordas no CSV segue a ordem grave→agudo. X=abafada; 0=solta.";Dicionário anexado e voicings normalizados/gerados a partir da afinação padrão.
violao-F#sus2-1;violao;F#sus2;Gbsus2;F#;Fá sustenido;suspenso com segunda;1 2 5;1;E-A-D-G-B-E;2-X-X-1-2-2;2-X-X-1-3-4;F#-X-X-G#-C#-F#;1;não;2,3;;F#;intermediário;"Numeração das cordas no CSV segue a ordem grave→agudo. X=abafada; 0=solta.";Dicionário anexado e voicings normalizados/gerados a partir da afinação padrão.
violao-F#sus2-2;violao;F#sus2;Gbsus2;F#;Fá sustenido;suspenso com segunda;1 2 5;2;E-A-D-G-B-E;2-4-4-X-2-4;1-2-3-X-1-4;F#-C#-F#-X-C#-G#;2;"sim; dedo 1 na casa 2, cordas 1 a 5";4;;F#;intermediário;"Numeração das cordas no CSV segue a ordem grave→agudo. X=abafada; 0=solta.";Dicionário anexado e voicings normalizados/gerados a partir da afinação padrão.
violao-F#sus2-3;violao;F#sus2;Gbsus2;F#;Fá sustenido;suspenso com segunda;1 2 5;3;E-A-D-G-B-E;2-X-4-1-2-2;2-X-4-1-3-4;F#-X-F#-G#-C#-F#;1;não;2;;F#;intermediário;"Numeração das cordas no CSV segue a ordem grave→agudo. X=abafada; 0=solta.";Dicionário anexado e voicings normalizados/gerados a partir da afinação padrão.
violao-F#sus4-1;violao;F#sus4;Gbsus4;F#;Fá sustenido;suspenso com quarta;1 4 5;1;E-A-D-G-B-E;2-4-4-4-0-2;1-2-3-4-0-1;F#-C#-F#-B-B-F#;2;"sim; dedo 1 na casa 2, cordas 1 a 6";;5;F#;intermediário;"Numeração das cordas no CSV segue a ordem grave→agudo. X=abafada; 0=solta.";Dicionário anexado e voicings normalizados/gerados a partir da afinação padrão.
violao-F#sus4-2;violao;F#sus4;Gbsus4;F#;Fá sustenido;suspenso com quarta;1 4 5;2;E-A-D-G-B-E;2-2-X-X-2-2;1-1-X-X-1-1;F#-B-X-X-C#-F#;2;"sim; dedo 1 na casa 2, cordas 1 a 6";3,4;;F#;intermediário;"Numeração das cordas no CSV segue a ordem grave→agudo. X=abafada; 0=solta.";Dicionário anexado e voicings normalizados/gerados a partir da afinação padrão.
violao-F#sus4-3;violao;F#sus4;Gbsus4;F#;Fá sustenido;suspenso com quarta;1 4 5;3;E-A-D-G-B-E;2-4-X-4-0-2;1-2-X-3-0-1;F#-C#-X-B-B-F#;2;"sim; dedo 1 na casa 2, cordas 1 a 6";3;5;F#;intermediário;"Numeração das cordas no CSV segue a ordem grave→agudo. X=abafada; 0=solta.";Dicionário anexado e voicings normalizados/gerados a partir da afinação padrão.
violao-F#add9-1;violao;F#add9;Gbadd9;F#;Fá sustenido;com nona adicionada;1 3 5 9;1;E-A-D-G-B-E;2-1-X-1-2-2;2-1-X-1-3-4;F#-A#-X-G#-C#-F#;1;"sim; dedo 1 na casa 1, cordas 2 a 4";3;;F#;intermediário;"Numeração das cordas no CSV segue a ordem grave→agudo. X=abafada; 0=solta.";Dicionário anexado e voicings normalizados/gerados a partir da afinação padrão.
violao-F#add9-2;violao;F#add9;Gbadd9;F#;Fá sustenido;com nona adicionada;1 3 5 9;2;E-A-D-G-B-E;2-1-X-1-2-X;2-1-X-1-3-X;F#-A#-X-G#-C#-X;1;"sim; dedo 1 na casa 1, cordas 2 a 4";3,6;;F#;intermediário;"Numeração das cordas no CSV segue a ordem grave→agudo. X=abafada; 0=solta.";Dicionário anexado e voicings normalizados/gerados a partir da afinação padrão.
violao-F#add9-3;violao;F#add9;Gbadd9;F#;Fá sustenido;com nona adicionada;1 3 5 9;3;E-A-D-G-B-E;2-X-4-3-2-4;1-X-3-2-1-4;F#-X-F#-A#-C#-G#;2;"sim; dedo 1 na casa 2, cordas 1 a 5";2;;F#;intermediário;"Numeração das cordas no CSV segue a ordem grave→agudo. X=abafada; 0=solta.";Dicionário anexado e voicings normalizados/gerados a partir da afinação padrão.
violao-F#9-1;violao;F#9;Gb9;F#;Fá sustenido;nona dominante;1 3 5 b7 9;1;E-A-D-G-B-E;2-1-2-1-2-0;2-1-3-1-4-0;F#-A#-E-G#-C#-E;1;"sim; dedo 1 na casa 1, cordas 2 a 4";;6;F#;intermediário;"Numeração das cordas no CSV segue a ordem grave→agudo. X=abafada; 0=solta.";Dicionário anexado e voicings normalizados/gerados a partir da afinação padrão.
violao-F#9-2;violao;F#9;Gb9;F#;Fá sustenido;nona dominante;1 3 5 b7 9;2;E-A-D-G-B-E;2-1-X-1-2-0;2-1-X-1-3-0;F#-A#-X-G#-C#-E;1;"sim; dedo 1 na casa 1, cordas 2 a 4";3;6;F#;intermediário;"Numeração das cordas no CSV segue a ordem grave→agudo. X=abafada; 0=solta.";Dicionário anexado e voicings normalizados/gerados a partir da afinação padrão.
violao-F#9-3;violao;F#9;Gb9;F#;Fá sustenido;nona dominante;1 3 5 b7 9;3;E-A-D-G-B-E;2-1-2-1-X-0;2-1-3-1-X-0;F#-A#-E-G#-X-E;1;"sim; dedo 1 na casa 1, cordas 2 a 4";5;6;F#;intermediário;"Numeração das cordas no CSV segue a ordem grave→agudo. X=abafada; 0=solta.";Dicionário anexado e voicings normalizados/gerados a partir da afinação padrão.
violao-F#5-1;violao;F#5;Gb5;F#;Fá sustenido;quinta (power chord);1 5;1;E-A-D-G-B-E;2-4-4-X-2-2;1-2-3-X-1-1;F#-C#-F#-X-C#-F#;2;"sim; dedo 1 na casa 2, cordas 1 a 6";4;;F#;intermediário;"Numeração das cordas no CSV segue a ordem grave→agudo. X=abafada; 0=solta.";Dicionário anexado e voicings normalizados/gerados a partir da afinação padrão.
violao-F#5-2;violao;F#5;Gb5;F#;Fá sustenido;quinta (power chord);1 5;2;E-A-D-G-B-E;2-X-X-X-2-2;1-X-X-X-1-1;F#-X-X-X-C#-F#;2;"sim; dedo 1 na casa 2, cordas 1 a 6";2,3,4;;F#;intermediário;"Numeração das cordas no CSV segue a ordem grave→agudo. X=abafada; 0=solta.";Dicionário anexado e voicings normalizados/gerados a partir da afinação padrão.
violao-F#5-3;violao;F#5;Gb5;F#;Fá sustenido;quinta (power chord);1 5;3;E-A-D-G-B-E;2-X-4-X-2-2;1-X-2-X-1-1;F#-X-F#-X-C#-F#;2;"sim; dedo 1 na casa 2, cordas 1 a 6";2,4;;F#;intermediário;"Numeração das cordas no CSV segue a ordem grave→agudo. X=abafada; 0=solta.";Dicionário anexado e voicings normalizados/gerados a partir da afinação padrão.
violao-F#7b5-1;violao;F#7b5;Gb7b5;F#;Fá sustenido;sétima com quinta diminuta;1 3 b5 b7;1;E-A-D-G-B-E;2-1-2-3-1-0;2-1-3-4-1-0;F#-A#-E-A#-C-E;1;"sim; dedo 1 na casa 1, cordas 2 a 5";;6;F#;intermediário;"Numeração das cordas no CSV segue a ordem grave→agudo. X=abafada; 0=solta.";Dicionário anexado e voicings normalizados/gerados a partir da afinação padrão.
violao-F#7b5-2;violao;F#7b5;Gb7b5;F#;Fá sustenido;sétima com quinta diminuta;1 3 b5 b7;2;E-A-D-G-B-E;2-3-2-3-1-0;2-4-3-4-1-0;F#-C-E-A#-C-E;1;não;;6;F#;intermediário;"Numeração das cordas no CSV segue a ordem grave→agudo. X=abafada; 0=solta.";Dicionário anexado e voicings normalizados/gerados a partir da afinação padrão.
violao-F#7b5-3;violao;F#7b5;Gb7b5;F#;Fá sustenido;sétima com quinta diminuta;1 3 b5 b7;3;E-A-D-G-B-E;2-1-2-X-1-0;2-1-3-X-1-0;F#-A#-E-X-C-E;1;"sim; dedo 1 na casa 1, cordas 2 a 5";4;6;F#;intermediário;"Numeração das cordas no CSV segue a ordem grave→agudo. X=abafada; 0=solta.";Dicionário anexado e voicings normalizados/gerados a partir da afinação padrão.
violao-G-1;violao;G;;G;Sol;maior;1 3 5;1;E-A-D-G-B-E;3-2-0-0-0-3;2-1-0-0-0-3;G-B-D-G-B-G;2;não;;3,4,5;G;iniciante;"Numeração das cordas no CSV segue a ordem grave→agudo. X=abafada; 0=solta.";Dicionário anexado e voicings normalizados/gerados a partir da afinação padrão.
violao-G-2;violao;G;;G;Sol;maior;1 3 5;2;E-A-D-G-B-E;3-X-0-0-0-3;1-X-0-0-0-1;G-X-D-G-B-G;3;"sim; dedo 1 na casa 3, cordas 1 a 6";2;3,4,5;G;intermediário;"Numeração das cordas no CSV segue a ordem grave→agudo. X=abafada; 0=solta.";Dicionário anexado e voicings normalizados/gerados a partir da afinação padrão.
violao-G-3;violao;G;;G;Sol;maior;1 3 5;3;E-A-D-G-B-E;3-2-0-0-3-3;2-1-0-0-3-4;G-B-D-G-D-G;2;não;;3,4;G;intermediário;"Numeração das cordas no CSV segue a ordem grave→agudo. X=abafada; 0=solta.";Dicionário anexado e voicings normalizados/gerados a partir da afinação padrão.
violao-Gm-1;violao;Gm;;G;Sol;menor;1 b3 5;1;E-A-D-G-B-E;3-1-0-0-3-3;2-1-0-0-3-4;G-A#-D-G-D-G;1;não;;3,4;G;intermediário;"Numeração das cordas no CSV segue a ordem grave→agudo. X=abafada; 0=solta.";Dicionário anexado e voicings normalizados/gerados a partir da afinação padrão.
violao-Gm-2;violao;Gm;;G;Sol;menor;1 b3 5;2;E-A-D-G-B-E;3-X-0-3-3-3;1-X-0-1-1-1;G-X-D-A#-D-G;3;"sim; dedo 1 na casa 3, cordas 1 a 6";2;3;G;intermediário;"Numeração das cordas no CSV segue a ordem grave→agudo. X=abafada; 0=solta.";Dicionário anexado e voicings normalizados/gerados a partir da afinação padrão.
violao-Gm-3;violao;Gm;;G;Sol;menor;1 b3 5;3;E-A-D-G-B-E;3-1-0-3-3-3;2-1-0-3-4-4;G-A#-D-A#-D-G;1;não;;3;G;intermediário;"Numeração das cordas no CSV segue a ordem grave→agudo. X=abafada; 0=solta.";Dicionário anexado e voicings normalizados/gerados a partir da afinação padrão.
violao-G7-1;violao;G7;;G;Sol;sétima dominante;1 3 5 b7;1;E-A-D-G-B-E;3-2-0-0-0-1;3-2-0-0-0-1;G-B-D-G-B-F;1;não;;3,4,5;G;iniciante;"Numeração das cordas no CSV segue a ordem grave→agudo. X=abafada; 0=solta.";Dicionário anexado e voicings normalizados/gerados a partir da afinação padrão.
violao-G7-2;violao;G7;;G;Sol;sétima dominante;1 3 5 b7;2;E-A-D-G-B-E;3-2-3-0-3-3;2-1-3-0-4-4;G-B-F-G-D-G;2;não;;4;G;intermediário;"Numeração das cordas no CSV segue a ordem grave→agudo. X=abafada; 0=solta.";Dicionário anexado e voicings normalizados/gerados a partir da afinação padrão.
violao-G7-3;violao;G7;;G;Sol;sétima dominante;1 3 5 b7;3;E-A-D-G-B-E;3-2-0-0-3-1;3-2-0-0-4-1;G-B-D-G-D-F;1;não;;3,4;G;intermediário;"Numeração das cordas no CSV segue a ordem grave→agudo. X=abafada; 0=solta.";Dicionário anexado e voicings normalizados/gerados a partir da afinação padrão.
violao-Gmaj7-1;violao;Gmaj7;;G;Sol;sétima maior;1 3 5 7;1;E-A-D-G-B-E;3-2-0-0-0-2;2-1-0-0-0-1;G-B-D-G-B-F#;2;"sim; dedo 1 na casa 2, cordas 2 a 6";;3,4,5;G;intermediário;"Numeração das cordas no CSV segue a ordem grave→agudo. X=abafada; 0=solta.";Dicionário anexado e voicings normalizados/gerados a partir da afinação padrão.
violao-Gmaj7-2;violao;Gmaj7;;G;Sol;sétima maior;1 3 5 7;2;E-A-D-G-B-E;3-2-0-0-3-2;2-1-0-0-3-1;G-B-D-G-D-F#;2;"sim; dedo 1 na casa 2, cordas 2 a 6";;3,4;G;intermediário;"Numeração das cordas no CSV segue a ordem grave→agudo. X=abafada; 0=solta.";Dicionário anexado e voicings normalizados/gerados a partir da afinação padrão.
violao-Gmaj7-3;violao;Gmaj7;;G;Sol;sétima maior;1 3 5 7;3;E-A-D-G-B-E;3-X-0-0-0-2;2-X-0-0-0-1;G-X-D-G-B-F#;2;não;2;3,4,5;G;iniciante;"Numeração das cordas no CSV segue a ordem grave→agudo. X=abafada; 0=solta.";Dicionário anexado e voicings normalizados/gerados a partir da afinação padrão.
violao-Gm7-1;violao;Gm7;;G;Sol;menor com sétima;1 b3 5 b7;1;E-A-D-G-B-E;3-1-0-0-3-1;2-1-0-0-3-1;G-A#-D-G-D-F;1;"sim; dedo 1 na casa 1, cordas 2 a 6";;3,4;G;intermediário;"Numeração das cordas no CSV segue a ordem grave→agudo. X=abafada; 0=solta.";Dicionário anexado e voicings normalizados/gerados a partir da afinação padrão.
violao-Gm7-2;violao;Gm7;;G;Sol;menor com sétima;1 b3 5 b7;2;E-A-D-G-B-E;3-1-0-3-3-1;2-1-0-3-4-1;G-A#-D-A#-D-F;1;"sim; dedo 1 na casa 1, cordas 2 a 6";;3;G;intermediário;"Numeração das cordas no CSV segue a ordem grave→agudo. X=abafada; 0=solta.";Dicionário anexado e voicings normalizados/gerados a partir da afinação padrão.
violao-Gm7-3;violao;Gm7;;G;Sol;menor com sétima;1 b3 5 b7;3;E-A-D-G-B-E;3-1-3-0-3-1;2-1-3-0-4-1;G-A#-F-G-D-F;1;"sim; dedo 1 na casa 1, cordas 2 a 6";;4;G;intermediário;"Numeração das cordas no CSV segue a ordem grave→agudo. X=abafada; 0=solta.";Dicionário anexado e voicings normalizados/gerados a partir da afinação padrão.
violao-G6-1;violao;G6;;G;Sol;sexta;1 3 5 6;1;E-A-D-G-B-E;3-2-0-0-0-0;2-1-0-0-0-0;G-B-D-G-B-E;2;não;;3,4,5,6;G;iniciante;"Numeração das cordas no CSV segue a ordem grave→agudo. X=abafada; 0=solta.";Dicionário anexado e voicings normalizados/gerados a partir da afinação padrão.
violao-G6-2;violao;G6;;G;Sol;sexta;1 3 5 6;2;E-A-D-G-B-E;3-X-0-0-0-0;1-X-0-0-0-0;G-X-D-G-B-E;3;não;2;3,4,5,6;G;iniciante;"Numeração das cordas no CSV segue a ordem grave→agudo. X=abafada; 0=solta.";Dicionário anexado e voicings normalizados/gerados a partir da afinação padrão.
violao-G6-3;violao;G6;;G;Sol;sexta;1 3 5 6;3;E-A-D-G-B-E;3-2-0-0-3-0;2-1-0-0-3-0;G-B-D-G-D-E;2;não;;3,4,6;G;iniciante;"Numeração das cordas no CSV segue a ordem grave→agudo. X=abafada; 0=solta.";Dicionário anexado e voicings normalizados/gerados a partir da afinação padrão.
violao-Gm6-1;violao;Gm6;;G;Sol;menor com sexta;1 b3 5 6;1;E-A-D-G-B-E;3-1-0-0-3-0;2-1-0-0-3-0;G-A#-D-G-D-E;1;não;;3,4,6;G;iniciante;"Numeração das cordas no CSV segue a ordem grave→agudo. X=abafada; 0=solta.";Dicionário anexado e voicings normalizados/gerados a partir da afinação padrão.
violao-Gm6-2;violao;Gm6;;G;Sol;menor com sexta;1 b3 5 6;2;E-A-D-G-B-E;3-X-0-3-3-0;1-X-0-1-1-0;G-X-D-A#-D-E;3;"sim; dedo 1 na casa 3, cordas 1 a 5";2;3,6;G;intermediário;"Numeração das cordas no CSV segue a ordem grave→agudo. X=abafada; 0=solta.";Dicionário anexado e voicings normalizados/gerados a partir da afinação padrão.
violao-Gm6-3;violao;Gm6;;G;Sol;menor com sexta;1 b3 5 6;3;E-A-D-G-B-E;3-1-0-3-3-0;2-1-0-3-4-0;G-A#-D-A#-D-E;1;não;;3,6;G;intermediário;"Numeração das cordas no CSV segue a ordem grave→agudo. X=abafada; 0=solta.";Dicionário anexado e voicings normalizados/gerados a partir da afinação padrão.
violao-Gdim-1;violao;Gdim;;G;Sol;diminuto;1 b3 b5;1;E-A-D-G-B-E;3-1-X-0-2-3;3-1-X-0-2-4;G-A#-X-G-C#-G;1;não;3;4;G;intermediário;"Numeração das cordas no CSV segue a ordem grave→agudo. X=abafada; 0=solta.";Dicionário anexado e voicings normalizados/gerados a partir da afinação padrão.
violao-Gdim-2;violao;Gdim;;G;Sol;diminuto;1 b3 b5;2;E-A-D-G-B-E;3-1-X-3-2-3;3-1-X-4-2-4;G-A#-X-A#-C#-G;1;não;3;;G;intermediário;"Numeração das cordas no CSV segue a ordem grave→agudo. X=abafada; 0=solta.";Dicionário anexado e voicings normalizados/gerados a partir da afinação padrão.
violao-Gdim-3;violao;Gdim;;G;Sol;diminuto;1 b3 b5;3;E-A-D-G-B-E;3-4-X-3-2-3;2-4-X-3-1-4;G-C#-X-A#-C#-G;2;não;3;;G;intermediário;"Numeração das cordas no CSV segue a ordem grave→agudo. X=abafada; 0=solta.";Dicionário anexado e voicings normalizados/gerados a partir da afinação padrão.
violao-Gaug-1;violao;Gaug;;G;Sol;aumentado;1 3 #5;1;E-A-D-G-B-E;3-2-1-0-0-3;3-2-1-0-0-4;G-B-D#-G-B-G;1;não;;4,5;G;intermediário;"Numeração das cordas no CSV segue a ordem grave→agudo. X=abafada; 0=solta.";Dicionário anexado e voicings normalizados/gerados a partir da afinação padrão.
violao-Gaug-2;violao;Gaug;;G;Sol;aumentado;1 3 #5;2;E-A-D-G-B-E;3-X-1-0-0-3;2-X-1-0-0-3;G-X-D#-G-B-G;1;não;2;4,5;G;iniciante;"Numeração das cordas no CSV segue a ordem grave→agudo. X=abafada; 0=solta.";Dicionário anexado e voicings normalizados/gerados a partir da afinação padrão.
violao-Gaug-3;violao;Gaug;;G;Sol;aumentado;1 3 #5;3;E-A-D-G-B-E;3-2-1-0-0-X;3-2-1-0-0-X;G-B-D#-G-B-X;1;não;6;4,5;G;iniciante;"Numeração das cordas no CSV segue a ordem grave→agudo. X=abafada; 0=solta.";Dicionário anexado e voicings normalizados/gerados a partir da afinação padrão.
violao-Gsus2-1;violao;Gsus2;;G;Sol;suspenso com segunda;1 2 5;1;E-A-D-G-B-E;3-0-0-0-3-3;1-0-0-0-1-1;G-A-D-G-D-G;3;"sim; dedo 1 na casa 3, cordas 1 a 6";;2,3,4;G;intermediário;"Numeração das cordas no CSV segue a ordem grave→agudo. X=abafada; 0=solta.";Dicionário anexado e voicings normalizados/gerados a partir da afinação padrão.
violao-Gsus2-2;violao;Gsus2;;G;Sol;suspenso com segunda;1 2 5;2;E-A-D-G-B-E;3-0-0-0-X-3;1-0-0-0-X-1;G-A-D-G-X-G;3;"sim; dedo 1 na casa 3, cordas 1 a 6";5;2,3,4;G;intermediário;"Numeração das cordas no CSV segue a ordem grave→agudo. X=abafada; 0=solta.";Dicionário anexado e voicings normalizados/gerados a partir da afinação padrão.
violao-Gsus2-3;violao;Gsus2;;G;Sol;suspenso com segunda;1 2 5;3;E-A-D-G-B-E;3-0-0-0-3-X;1-0-0-0-1-X;G-A-D-G-D-X;3;"sim; dedo 1 na casa 3, cordas 1 a 5";6;2,3,4;G;intermediário;"Numeração das cordas no CSV segue a ordem grave→agudo. X=abafada; 0=solta.";Dicionário anexado e voicings normalizados/gerados a partir da afinação padrão.
violao-Gsus4-1;violao;Gsus4;;G;Sol;suspenso com quarta;1 4 5;1;E-A-D-G-B-E;3-3-0-0-3-3;1-1-0-0-1-1;G-C-D-G-D-G;3;"sim; dedo 1 na casa 3, cordas 1 a 6";;3,4;G;intermediário;"Numeração das cordas no CSV segue a ordem grave→agudo. X=abafada; 0=solta.";Dicionário anexado e voicings normalizados/gerados a partir da afinação padrão.
violao-Gsus4-2;violao;Gsus4;;G;Sol;suspenso com quarta;1 4 5;2;E-A-D-G-B-E;3-3-0-0-X-3;1-1-0-0-X-1;G-C-D-G-X-G;3;"sim; dedo 1 na casa 3, cordas 1 a 6";5;3,4;G;intermediário;"Numeração das cordas no CSV segue a ordem grave→agudo. X=abafada; 0=solta.";Dicionário anexado e voicings normalizados/gerados a partir da afinação padrão.
violao-Gsus4-3;violao;Gsus4;;G;Sol;suspenso com quarta;1 4 5;3;E-A-D-G-B-E;3-3-0-0-3-X;1-1-0-0-1-X;G-C-D-G-D-X;3;"sim; dedo 1 na casa 3, cordas 1 a 5";6;3,4;G;intermediário;"Numeração das cordas no CSV segue a ordem grave→agudo. X=abafada; 0=solta.";Dicionário anexado e voicings normalizados/gerados a partir da afinação padrão.
violao-Gadd9-1;violao;Gadd9;;G;Sol;com nona adicionada;1 3 5 9;1;E-A-D-G-B-E;3-0-0-0-0-3;1-0-0-0-0-1;G-A-D-G-B-G;3;"sim; dedo 1 na casa 3, cordas 1 a 6";;2,3,4,5;G;intermediário;"Numeração das cordas no CSV segue a ordem grave→agudo. X=abafada; 0=solta.";Dicionário anexado e voicings normalizados/gerados a partir da afinação padrão.
violao-Gadd9-2;violao;Gadd9;;G;Sol;com nona adicionada;1 3 5 9;2;E-A-D-G-B-E;3-0-0-0-0-X;1-0-0-0-0-X;G-A-D-G-B-X;3;não;6;2,3,4,5;G;iniciante;"Numeração das cordas no CSV segue a ordem grave→agudo. X=abafada; 0=solta.";Dicionário anexado e voicings normalizados/gerados a partir da afinação padrão.
violao-Gadd9-3;violao;Gadd9;;G;Sol;com nona adicionada;1 3 5 9;3;E-A-D-G-B-E;3-0-0-2-0-3;2-0-0-1-0-3;G-A-D-A-B-G;2;não;;2,3,5;G;iniciante;"Numeração das cordas no CSV segue a ordem grave→agudo. X=abafada; 0=solta.";Dicionário anexado e voicings normalizados/gerados a partir da afinação padrão.
violao-G9-1;violao;G9;;G;Sol;nona dominante;1 3 5 b7 9;1;E-A-D-G-B-E;3-0-3-0-0-3;1-0-1-0-0-1;G-A-F-G-B-G;3;"sim; dedo 1 na casa 3, cordas 1 a 6";;2,4,5;G;intermediário;"Numeração das cordas no CSV segue a ordem grave→agudo. X=abafada; 0=solta.";Dicionário anexado e voicings normalizados/gerados a partir da afinação padrão.
violao-G9-2;violao;G9;;G;Sol;nona dominante;1 3 5 b7 9;2;E-A-D-G-B-E;3-0-0-0-0-1;2-0-0-0-0-1;G-A-D-G-B-F;1;não;;2,3,4,5;G;iniciante;"Numeração das cordas no CSV segue a ordem grave→agudo. X=abafada; 0=solta.";Dicionário anexado e voicings normalizados/gerados a partir da afinação padrão.
violao-G9-3;violao;G9;;G;Sol;nona dominante;1 3 5 b7 9;3;E-A-D-G-B-E;3-0-3-0-0-X;1-0-1-0-0-X;G-A-F-G-B-X;3;"sim; dedo 1 na casa 3, cordas 1 a 3";6;2,4,5;G;intermediário;"Numeração das cordas no CSV segue a ordem grave→agudo. X=abafada; 0=solta.";Dicionário anexado e voicings normalizados/gerados a partir da afinação padrão.
violao-G5-1;violao;G5;;G;Sol;quinta (power chord);1 5;1;E-A-D-G-B-E;3-X-0-0-3-3;1-X-0-0-1-1;G-X-D-G-D-G;3;"sim; dedo 1 na casa 3, cordas 1 a 6";2;3,4;G;intermediário;"Numeração das cordas no CSV segue a ordem grave→agudo. X=abafada; 0=solta.";Dicionário anexado e voicings normalizados/gerados a partir da afinação padrão.
violao-G5-2;violao;G5;;G;Sol;quinta (power chord);1 5;2;E-A-D-G-B-E;3-5-0-0-3-3;1-2-0-0-1-1;G-D-D-G-D-G;3;"sim; dedo 1 na casa 3, cordas 1 a 6";;3,4;G;intermediário;"Numeração das cordas no CSV segue a ordem grave→agudo. X=abafada; 0=solta.";Dicionário anexado e voicings normalizados/gerados a partir da afinação padrão.
violao-G5-3;violao;G5;;G;Sol;quinta (power chord);1 5;3;E-A-D-G-B-E;3-X-0-0-X-3;1-X-0-0-X-1;G-X-D-G-X-G;3;"sim; dedo 1 na casa 3, cordas 1 a 6";2,5;3,4;G;intermediário;"Numeração das cordas no CSV segue a ordem grave→agudo. X=abafada; 0=solta.";Dicionário anexado e voicings normalizados/gerados a partir da afinação padrão.
violao-G7b5-1;violao;G7b5;;G;Sol;sétima com quinta diminuta;1 3 b5 b7;1;E-A-D-G-B-E;3-4-3-0-0-3;1-2-1-0-0-1;G-C#-F-G-B-G;3;"sim; dedo 1 na casa 3, cordas 1 a 6";;4,5;G;intermediário;"Numeração das cordas no CSV segue a ordem grave→agudo. X=abafada; 0=solta.";Dicionário anexado e voicings normalizados/gerados a partir da afinação padrão.
violao-G7b5-2;violao;G7b5;;G;Sol;sétima com quinta diminuta;1 3 b5 b7;2;E-A-D-G-B-E;3-2-3-0-2-3;2-1-3-0-1-4;G-B-F-G-C#-G;2;"sim; dedo 1 na casa 2, cordas 2 a 5";;4;G;intermediário;"Numeração das cordas no CSV segue a ordem grave→agudo. X=abafada; 0=solta.";Dicionário anexado e voicings normalizados/gerados a partir da afinação padrão.
violao-G7b5-3;violao;G7b5;;G;Sol;sétima com quinta diminuta;1 3 b5 b7;3;E-A-D-G-B-E;3-4-3-4-0-3;1-2-1-3-0-1;G-C#-F-B-B-G;3;"sim; dedo 1 na casa 3, cordas 1 a 6";;5;G;intermediário;"Numeração das cordas no CSV segue a ordem grave→agudo. X=abafada; 0=solta.";Dicionário anexado e voicings normalizados/gerados a partir da afinação padrão.
violao-G#-1;violao;G#;Ab;G#;Sol sustenido;maior;1 3 5;1;E-A-D-G-B-E;4-3-X-5-4-4;2-1-X-4-3-4;G#-C-X-C-D#-G#;3;não;3;;G#;intermediário;"Numeração das cordas no CSV segue a ordem grave→agudo. X=abafada; 0=solta.";Dicionário anexado e voicings normalizados/gerados a partir da afinação padrão.
violao-G#-2;violao;G#;Ab;G#;Sol sustenido;maior;1 3 5;2;E-A-D-G-B-E;4-3-X-X-4-4;2-1-X-X-3-4;G#-C-X-X-D#-G#;3;não;3,4;;G#;intermediário;"Numeração das cordas no CSV segue a ordem grave→agudo. X=abafada; 0=solta.";Dicionário anexado e voicings normalizados/gerados a partir da afinação padrão.
violao-G#-3;violao;G#;Ab;G#;Sol sustenido;maior;1 3 5;3;E-A-D-G-B-E;4-X-6-5-4-4;1-X-3-2-1-1;G#-X-G#-C-D#-G#;4;"sim; dedo 1 na casa 4, cordas 1 a 6";2;;G#;intermediário;"Numeração das cordas no CSV segue a ordem grave→agudo. X=abafada; 0=solta.";Dicionário anexado e voicings normalizados/gerados a partir da afinação padrão.
violao-G#m-1;violao;G#m;Abm;G#;Sol sustenido;menor;1 b3 5;1;E-A-D-G-B-E;4-6-6-4-0-4;1-2-3-1-0-1;G#-D#-G#-B-B-G#;4;"sim; dedo 1 na casa 4, cordas 1 a 6";;5;G#;intermediário;"Numeração das cordas no CSV segue a ordem grave→agudo. X=abafada; 0=solta.";Dicionário anexado e voicings normalizados/gerados a partir da afinação padrão.
violao-G#m-2;violao;G#m;Abm;G#;Sol sustenido;menor;1 b3 5;2;E-A-D-G-B-E;4-2-1-1-0-4;3-2-1-1-0-4;G#-B-D#-G#-B-G#;1;"sim; dedo 1 na casa 1, cordas 3 a 4";;5;G#;intermediário;"Numeração das cordas no CSV segue a ordem grave→agudo. X=abafada; 0=solta.";Dicionário anexado e voicings normalizados/gerados a partir da afinação padrão.
violao-G#m-3;violao;G#m;Abm;G#;Sol sustenido;menor;1 b3 5;3;E-A-D-G-B-E;4-2-1-4-0-4;3-2-1-4-0-4;G#-B-D#-B-B-G#;1;não;;5;G#;intermediário;"Numeração das cordas no CSV segue a ordem grave→agudo. X=abafada; 0=solta.";Dicionário anexado e voicings normalizados/gerados a partir da afinação padrão.
violao-G#7-1;violao;G#7;Ab7;G#;Sol sustenido;sétima dominante;1 3 5 b7;1;E-A-D-G-B-E;4-3-4-X-4-4;2-1-3-X-4-4;G#-C-F#-X-D#-G#;3;não;4;;G#;intermediário;"Numeração das cordas no CSV segue a ordem grave→agudo. X=abafada; 0=solta.";Dicionário anexado e voicings normalizados/gerados a partir da afinação padrão.
violao-G#7-2;violao;G#7;Ab7;G#;Sol sustenido;sétima dominante;1 3 5 b7;2;E-A-D-G-B-E;4-X-4-5-4-4;1-X-1-2-1-1;G#-X-F#-C-D#-G#;4;"sim; dedo 1 na casa 4, cordas 1 a 6";2;;G#;intermediário;"Numeração das cordas no CSV segue a ordem grave→agudo. X=abafada; 0=solta.";Dicionário anexado e voicings normalizados/gerados a partir da afinação padrão.
violao-G#7-3;violao;G#7;Ab7;G#;Sol sustenido;sétima dominante;1 3 5 b7;3;E-A-D-G-B-E;4-3-4-X-4-2;3-2-4-X-4-1;G#-C-F#-X-D#-F#;2;não;4;;G#;intermediário;"Numeração das cordas no CSV segue a ordem grave→agudo. X=abafada; 0=solta.";Dicionário anexado e voicings normalizados/gerados a partir da afinação padrão.
violao-G#maj7-1;violao;G#maj7;Abmaj7;G#;Sol sustenido;sétima maior;1 3 5 7;1;E-A-D-G-B-E;4-3-5-0-4-3;2-1-4-0-3-1;G#-C-G-G-D#-G;3;"sim; dedo 1 na casa 3, cordas 2 a 6";;4;G#;intermediário;"Numeração das cordas no CSV segue a ordem grave→agudo. X=abafada; 0=solta.";Dicionário anexado e voicings normalizados/gerados a partir da afinação padrão.
violao-G#maj7-2;violao;G#maj7;Abmaj7;G#;Sol sustenido;sétima maior;1 3 5 7;2;E-A-D-G-B-E;4-3-5-0-4-4;2-1-4-0-3-4;G#-C-G-G-D#-G#;3;não;;4;G#;intermediário;"Numeração das cordas no CSV segue a ordem grave→agudo. X=abafada; 0=solta.";Dicionário anexado e voicings normalizados/gerados a partir da afinação padrão.
violao-G#maj7-3;violao;G#maj7;Abmaj7;G#;Sol sustenido;sétima maior;1 3 5 7;3;E-A-D-G-B-E;4-3-X-0-4-3;2-1-X-0-3-1;G#-C-X-G-D#-G;3;"sim; dedo 1 na casa 3, cordas 2 a 6";3;4;G#;intermediário;"Numeração das cordas no CSV segue a ordem grave→agudo. X=abafada; 0=solta.";Dicionário anexado e voicings normalizados/gerados a partir da afinação padrão.
violao-G#m7-1;violao;G#m7;Abm7;G#;Sol sustenido;menor com sétima;1 b3 5 b7;1;E-A-D-G-B-E;4-X-4-4-4-4;1-X-1-1-1-1;G#-X-F#-B-D#-G#;4;"sim; dedo 1 na casa 4, cordas 1 a 6";2;;G#;intermediário;"Numeração das cordas no CSV segue a ordem grave→agudo. X=abafada; 0=solta.";Dicionário anexado e voicings normalizados/gerados a partir da afinação padrão.
violao-G#m7-2;violao;G#m7;Abm7;G#;Sol sustenido;menor com sétima;1 b3 5 b7;2;E-A-D-G-B-E;4-6-4-4-0-4;1-2-1-1-0-1;G#-D#-F#-B-B-G#;4;"sim; dedo 1 na casa 4, cordas 1 a 6";;5;G#;intermediário;"Numeração das cordas no CSV segue a ordem grave→agudo. X=abafada; 0=solta.";Dicionário anexado e voicings normalizados/gerados a partir da afinação padrão.
violao-G#m7-3;violao;G#m7;Abm7;G#;Sol sustenido;menor com sétima;1 b3 5 b7;3;E-A-D-G-B-E;4-2-1-1-0-2;4-2-1-1-0-3;G#-B-D#-G#-B-F#;1;"sim; dedo 1 na casa 1, cordas 3 a 4";;5;G#;intermediário;"Numeração das cordas no CSV segue a ordem grave→agudo. X=abafada; 0=solta.";Dicionário anexado e voicings normalizados/gerados a partir da afinação padrão.
violao-G#6-1;violao;G#6;Ab6;G#;Sol sustenido;sexta;1 3 5 6;1;E-A-D-G-B-E;4-3-3-X-4-4;2-1-1-X-3-4;G#-C-F-X-D#-G#;3;"sim; dedo 1 na casa 3, cordas 2 a 3";4;;G#;intermediário;"Numeração das cordas no CSV segue a ordem grave→agudo. X=abafada; 0=solta.";Dicionário anexado e voicings normalizados/gerados a partir da afinação padrão.
violao-G#6-2;violao;G#6;Ab6;G#;Sol sustenido;sexta;1 3 5 6;2;E-A-D-G-B-E;4-X-3-5-4-4;2-X-1-4-3-4;G#-X-F-C-D#-G#;3;não;2;;G#;intermediário;"Numeração das cordas no CSV segue a ordem grave→agudo. X=abafada; 0=solta.";Dicionário anexado e voicings normalizados/gerados a partir da afinação padrão.
violao-G#6-3;violao;G#6;Ab6;G#;Sol sustenido;sexta;1 3 5 6;3;E-A-D-G-B-E;4-3-3-5-4-X;2-1-1-4-3-X;G#-C-F-C-D#-X;3;"sim; dedo 1 na casa 3, cordas 2 a 3";6;;G#;intermediário;"Numeração das cordas no CSV segue a ordem grave→agudo. X=abafada; 0=solta.";Dicionário anexado e voicings normalizados/gerados a partir da afinação padrão.
violao-G#m6-1;violao;G#m6;Abm6;G#;Sol sustenido;menor com sexta;1 b3 5 6;1;E-A-D-G-B-E;4-2-1-1-0-1;3-2-1-1-0-1;G#-B-D#-G#-B-F;1;"sim; dedo 1 na casa 1, cordas 3 a 6";;5;G#;intermediário;"Numeração das cordas no CSV segue a ordem grave→agudo. X=abafada; 0=solta.";Dicionário anexado e voicings normalizados/gerados a partir da afinação padrão.
violao-G#m6-2;violao;G#m6;Abm6;G#;Sol sustenido;menor com sexta;1 b3 5 6;2;E-A-D-G-B-E;4-2-1-4-0-1;3-2-1-4-0-1;G#-B-D#-B-B-F;1;"sim; dedo 1 na casa 1, cordas 3 a 6";;5;G#;intermediário;"Numeração das cordas no CSV segue a ordem grave→agudo. X=abafada; 0=solta.";Dicionário anexado e voicings normalizados/gerados a partir da afinação padrão.
violao-G#m6-3;violao;G#m6;Abm6;G#;Sol sustenido;menor com sexta;1 b3 5 6;3;E-A-D-G-B-E;4-X-3-4-4-4;2-X-1-3-4-4;G#-X-F-B-D#-G#;3;não;2;;G#;intermediário;"Numeração das cordas no CSV segue a ordem grave→agudo. X=abafada; 0=solta.";Dicionário anexado e voicings normalizados/gerados a partir da afinação padrão.
violao-G#dim-1;violao;G#dim;Abdim;G#;Sol sustenido;diminuto;1 b3 b5;1;E-A-D-G-B-E;4-5-0-4-0-4;1-2-0-1-0-1;G#-D-D-B-B-G#;4;"sim; dedo 1 na casa 4, cordas 1 a 6";;3,5;G#;intermediário;"Numeração das cordas no CSV segue a ordem grave→agudo. X=abafada; 0=solta.";Dicionário anexado e voicings normalizados/gerados a partir da afinação padrão.
violao-G#dim-2;violao;G#dim;Abdim;G#;Sol sustenido;diminuto;1 b3 b5;2;E-A-D-G-B-E;4-X-0-4-0-4;1-X-0-1-0-1;G#-X-D-B-B-G#;4;"sim; dedo 1 na casa 4, cordas 1 a 6";2;3,5;G#;intermediário;"Numeração das cordas no CSV segue a ordem grave→agudo. X=abafada; 0=solta.";Dicionário anexado e voicings normalizados/gerados a partir da afinação padrão.
violao-G#dim-3;violao;G#dim;Abdim;G#;Sol sustenido;diminuto;1 b3 b5;3;E-A-D-G-B-E;4-2-0-4-0-4;2-1-0-3-0-4;G#-B-D-B-B-G#;2;não;;3,5;G#;intermediário;"Numeração das cordas no CSV segue a ordem grave→agudo. X=abafada; 0=solta.";Dicionário anexado e voicings normalizados/gerados a partir da afinação padrão.
violao-G#aug-1;violao;G#aug;Abaug;G#;Sol sustenido;aumentado;1 3 #5;1;E-A-D-G-B-E;4-3-2-1-1-0;4-3-2-1-1-0;G#-C-E-G#-C-E;1;"sim; dedo 1 na casa 1, cordas 4 a 5";;6;G#;intermediário;"Numeração das cordas no CSV segue a ordem grave→agudo. X=abafada; 0=solta.";Dicionário anexado e voicings normalizados/gerados a partir da afinação padrão.
violao-G#aug-2;violao;G#aug;Abaug;G#;Sol sustenido;aumentado;1 3 #5;2;E-A-D-G-B-E;4-3-2-5-5-0;3-2-1-4-4-0;G#-C-E-C-E-E;2;não;;6;G#;intermediário;"Numeração das cordas no CSV segue a ordem grave→agudo. X=abafada; 0=solta.";Dicionário anexado e voicings normalizados/gerados a partir da afinação padrão.
violao-G#aug-3;violao;G#aug;Abaug;G#;Sol sustenido;aumentado;1 3 #5;3;E-A-D-G-B-E;X-X-X-1-1-0;X-X-X-1-1-0;X-X-X-G#-C-E;1;"sim; dedo 1 na casa 1, cordas 4 a 5";1,2,3;6;G#;intermediário;"Numeração das cordas no CSV segue a ordem grave→agudo. X=abafada; 0=solta.";Dicionário anexado e voicings normalizados/gerados a partir da afinação padrão.
violao-G#sus2-1;violao;G#sus2;Absus2;G#;Sol sustenido;suspenso com segunda;1 2 5;1;E-A-D-G-B-E;4-X-X-3-4-4;2-X-X-1-3-4;G#-X-X-A#-D#-G#;3;não;2,3;;G#;intermediário;"Numeração das cordas no CSV segue a ordem grave→agudo. X=abafada; 0=solta.";Dicionário anexado e voicings normalizados/gerados a partir da afinação padrão.
violao-G#sus2-2;violao;G#sus2;Absus2;G#;Sol sustenido;suspenso com segunda;1 2 5;2;E-A-D-G-B-E;4-6-6-X-4-6;1-2-3-X-1-4;G#-D#-G#-X-D#-A#;4;"sim; dedo 1 na casa 4, cordas 1 a 5";4;;G#;intermediário;"Numeração das cordas no CSV segue a ordem grave→agudo. X=abafada; 0=solta.";Dicionário anexado e voicings normalizados/gerados a partir da afinação padrão.
violao-G#sus2-3;violao;G#sus2;Absus2;G#;Sol sustenido;suspenso com segunda;1 2 5;3;E-A-D-G-B-E;4-X-1-3-4-4;3-X-1-2-4-4;G#-X-D#-A#-D#-G#;1;não;2;;G#;intermediário;"Numeração das cordas no CSV segue a ordem grave→agudo. X=abafada; 0=solta.";Dicionário anexado e voicings normalizados/gerados a partir da afinação padrão.
violao-G#sus4-1;violao;G#sus4;Absus4;G#;Sol sustenido;suspenso com quarta;1 4 5;1;E-A-D-G-B-E;4-4-X-X-4-4;1-1-X-X-1-1;G#-C#-X-X-D#-G#;4;"sim; dedo 1 na casa 4, cordas 1 a 6";3,4;;G#;intermediário;"Numeração das cordas no CSV segue a ordem grave→agudo. X=abafada; 0=solta.";Dicionário anexado e voicings normalizados/gerados a partir da afinação padrão.
violao-G#sus4-2;violao;G#sus4;Absus4;G#;Sol sustenido;suspenso com quarta;1 4 5;2;E-A-D-G-B-E;4-X-6-6-4-4;1-X-2-3-1-1;G#-X-G#-C#-D#-G#;4;"sim; dedo 1 na casa 4, cordas 1 a 6";2;;G#;intermediário;"Numeração das cordas no CSV segue a ordem grave→agudo. X=abafada; 0=solta.";Dicionário anexado e voicings normalizados/gerados a partir da afinação padrão.
violao-G#sus4-3;violao;G#sus4;Absus4;G#;Sol sustenido;suspenso com quarta;1 4 5;3;E-A-D-G-B-E;4-4-X-6-4-4;1-1-X-2-1-1;G#-C#-X-C#-D#-G#;4;"sim; dedo 1 na casa 4, cordas 1 a 6";3;;G#;intermediário;"Numeração das cordas no CSV segue a ordem grave→agudo. X=abafada; 0=solta.";Dicionário anexado e voicings normalizados/gerados a partir da afinação padrão.
violao-G#add9-1;violao;G#add9;Abadd9;G#;Sol sustenido;com nona adicionada;1 3 5 9;1;E-A-D-G-B-E;4-3-X-3-4-4;2-1-X-1-3-4;G#-C-X-A#-D#-G#;3;"sim; dedo 1 na casa 3, cordas 2 a 4";3;;G#;intermediário;"Numeração das cordas no CSV segue a ordem grave→agudo. X=abafada; 0=solta.";Dicionário anexado e voicings normalizados/gerados a partir da afinação padrão.
violao-G#add9-2;violao;G#add9;Abadd9;G#;Sol sustenido;com nona adicionada;1 3 5 9;2;E-A-D-G-B-E;4-3-X-3-4-X;2-1-X-1-3-X;G#-C-X-A#-D#-X;3;"sim; dedo 1 na casa 3, cordas 2 a 4";3,6;;G#;intermediário;"Numeração das cordas no CSV segue a ordem grave→agudo. X=abafada; 0=solta.";Dicionário anexado e voicings normalizados/gerados a partir da afinação padrão.
violao-G#add9-3;violao;G#add9;Abadd9;G#;Sol sustenido;com nona adicionada;1 3 5 9;3;E-A-D-G-B-E;4-X-6-5-4-6;1-X-3-2-1-4;G#-X-G#-C-D#-A#;4;"sim; dedo 1 na casa 4, cordas 1 a 5";2;;G#;intermediário;"Numeração das cordas no CSV segue a ordem grave→agudo. X=abafada; 0=solta.";Dicionário anexado e voicings normalizados/gerados a partir da afinação padrão.
violao-G#9-1;violao;G#9;Ab9;G#;Sol sustenido;nona dominante;1 3 5 b7 9;1;E-A-D-G-B-E;4-3-4-3-4-X;2-1-3-1-4-X;G#-C-F#-A#-D#-X;3;"sim; dedo 1 na casa 3, cordas 2 a 4";6;;G#;intermediário;"Numeração das cordas no CSV segue a ordem grave→agudo. X=abafada; 0=solta.";Dicionário anexado e voicings normalizados/gerados a partir da afinação padrão.
violao-G#9-2;violao;G#9;Ab9;G#;Sol sustenido;nona dominante;1 3 5 b7 9;2;E-A-D-G-B-E;4-3-4-3-X-4;2-1-3-1-X-4;G#-C-F#-A#-X-G#;3;"sim; dedo 1 na casa 3, cordas 2 a 4";5;;G#;intermediário;"Numeração das cordas no CSV segue a ordem grave→agudo. X=abafada; 0=solta.";Dicionário anexado e voicings normalizados/gerados a partir da afinação padrão.
violao-G#9-3;violao;G#9;Ab9;G#;Sol sustenido;nona dominante;1 3 5 b7 9;3;E-A-D-G-B-E;4-3-X-3-4-2;4-2-X-3-4-1;G#-C-X-A#-D#-F#;2;não;3;;G#;intermediário;"Numeração das cordas no CSV segue a ordem grave→agudo. X=abafada; 0=solta.";Dicionário anexado e voicings normalizados/gerados a partir da afinação padrão.
violao-G#5-1;violao;G#5;Ab5;G#;Sol sustenido;quinta (power chord);1 5;1;E-A-D-G-B-E;4-6-6-X-4-4;1-2-3-X-1-1;G#-D#-G#-X-D#-G#;4;"sim; dedo 1 na casa 4, cordas 1 a 6";4;;G#;intermediário;"Numeração das cordas no CSV segue a ordem grave→agudo. X=abafada; 0=solta.";Dicionário anexado e voicings normalizados/gerados a partir da afinação padrão.
violao-G#5-2;violao;G#5;Ab5;G#;Sol sustenido;quinta (power chord);1 5;2;E-A-D-G-B-E;4-X-X-X-4-4;1-X-X-X-1-1;G#-X-X-X-D#-G#;4;"sim; dedo 1 na casa 4, cordas 1 a 6";2,3,4;;G#;intermediário;"Numeração das cordas no CSV segue a ordem grave→agudo. X=abafada; 0=solta.";Dicionário anexado e voicings normalizados/gerados a partir da afinação padrão.
violao-G#5-3;violao;G#5;Ab5;G#;Sol sustenido;quinta (power chord);1 5;3;E-A-D-G-B-E;4-X-1-1-4-4;2-X-1-1-3-4;G#-X-D#-G#-D#-G#;1;"sim; dedo 1 na casa 1, cordas 3 a 4";2;;G#;intermediário;"Numeração das cordas no CSV segue a ordem grave→agudo. X=abafada; 0=solta.";Dicionário anexado e voicings normalizados/gerados a partir da afinação padrão.
violao-G#7b5-1;violao;G#7b5;Ab7b5;G#;Sol sustenido;sétima com quinta diminuta;1 3 b5 b7;1;E-A-D-G-B-E;4-3-0-1-1-2;4-3-0-1-1-2;G#-C-D-G#-C-F#;1;"sim; dedo 1 na casa 1, cordas 4 a 5";;3;G#;intermediário;"Numeração das cordas no CSV segue a ordem grave→agudo. X=abafada; 0=solta.";Dicionário anexado e voicings normalizados/gerados a partir da afinação padrão.
violao-G#7b5-2;violao;G#7b5;Ab7b5;G#;Sol sustenido;sétima com quinta diminuta;1 3 b5 b7;2;E-A-D-G-B-E;4-3-0-1-3-2;4-3-0-1-4-2;G#-C-D-G#-D-F#;1;não;;3;G#;intermediário;"Numeração das cordas no CSV segue a ordem grave→agudo. X=abafada; 0=solta.";Dicionário anexado e voicings normalizados/gerados a partir da afinação padrão.
violao-G#7b5-3;violao;G#7b5;Ab7b5;G#;Sol sustenido;sétima com quinta diminuta;1 3 b5 b7;3;E-A-D-G-B-E;4-3-4-X-3-4;2-1-3-X-1-4;G#-C-F#-X-D-G#;3;"sim; dedo 1 na casa 3, cordas 2 a 5";4;;G#;intermediário;"Numeração das cordas no CSV segue a ordem grave→agudo. X=abafada; 0=solta.";Dicionário anexado e voicings normalizados/gerados a partir da afinação padrão.
violao-A-1;violao;A;;A;Lá;maior;1 3 5;1;E-A-D-G-B-E;X-0-2-2-2-0;X-0-1-1-1-0;X-A-E-A-C#-E;2;"sim; dedo 1 na casa 2, cordas 3 a 5";1;2,6;A;intermediário;"Numeração das cordas no CSV segue a ordem grave→agudo. X=abafada; 0=solta.";Dicionário anexado e voicings normalizados/gerados a partir da afinação padrão.
violao-A-2;violao;A;;A;Lá;maior;1 3 5;2;E-A-D-G-B-E;X-0-X-2-2-0;X-0-X-1-1-0;X-A-X-A-C#-E;2;"sim; dedo 1 na casa 2, cordas 4 a 5";1,3;2,6;A;intermediário;"Numeração das cordas no CSV segue a ordem grave→agudo. X=abafada; 0=solta.";Dicionário anexado e voicings normalizados/gerados a partir da afinação padrão.
violao-A-3;violao;A;;A;Lá;maior;1 3 5;3;E-A-D-G-B-E;X-0-2-X-2-0;X-0-1-X-1-0;X-A-E-X-C#-E;2;"sim; dedo 1 na casa 2, cordas 3 a 5";1,4;2,6;A;intermediário;"Numeração das cordas no CSV segue a ordem grave→agudo. X=abafada; 0=solta.";Dicionário anexado e voicings normalizados/gerados a partir da afinação padrão.
violao-Am-1;violao;Am;;A;Lá;menor;1 b3 5;1;E-A-D-G-B-E;5-0-X-5-5-0;1-0-X-1-1-0;A-A-X-C-E-E;5;"sim; dedo 1 na casa 5, cordas 1 a 5";3;2,6;A;intermediário;"Numeração das cordas no CSV segue a ordem grave→agudo. X=abafada; 0=solta.";Dicionário anexado e voicings normalizados/gerados a partir da afinação padrão.
violao-Am-2;violao;Am;;A;Lá;menor;1 b3 5;2;E-A-D-G-B-E;X-0-2-2-1-0;X-0-2-3-1-0;X-A-E-A-C-E;1;não;1;2,6;A;iniciante;"Numeração das cordas no CSV segue a ordem grave→agudo. X=abafada; 0=solta.";Dicionário anexado e voicings normalizados/gerados a partir da afinação padrão.
violao-Am-3;violao;Am;;A;Lá;menor;1 b3 5;3;E-A-D-G-B-E;5-0-X-5-5-5;1-0-X-1-1-1;A-A-X-C-E-A;5;"sim; dedo 1 na casa 5, cordas 1 a 6";3;2;A;intermediário;"Numeração das cordas no CSV segue a ordem grave→agudo. X=abafada; 0=solta.";Dicionário anexado e voicings normalizados/gerados a partir da afinação padrão.
violao-A7-1;violao;A7;;A;Lá;sétima dominante;1 3 5 b7;1;E-A-D-G-B-E;X-0-2-0-2-0;X-0-1-0-1-0;X-A-E-G-C#-E;2;"sim; dedo 1 na casa 2, cordas 3 a 5";1;2,4,6;A;intermediário;"Numeração das cordas no CSV segue a ordem grave→agudo. X=abafada; 0=solta.";Dicionário anexado e voicings normalizados/gerados a partir da afinação padrão.
violao-A7-2;violao;A7;;A;Lá;sétima dominante;1 3 5 b7;2;E-A-D-G-B-E;5-4-5-0-5-0;2-1-3-0-4-0;A-C#-G-G-E-E;4;não;;4,6;A;intermediário;"Numeração das cordas no CSV segue a ordem grave→agudo. X=abafada; 0=solta.";Dicionário anexado e voicings normalizados/gerados a partir da afinação padrão.
violao-A7-3;violao;A7;;A;Lá;sétima dominante;1 3 5 b7;3;E-A-D-G-B-E;5-0-5-6-5-0;1-0-1-2-1-0;A-A-G-C#-E-E;5;"sim; dedo 1 na casa 5, cordas 1 a 5";;2,6;A;intermediário;"Numeração das cordas no CSV segue a ordem grave→agudo. X=abafada; 0=solta.";Dicionário anexado e voicings normalizados/gerados a partir da afinação padrão.
violao-Amaj7-1;violao;Amaj7;;A;Lá;sétima maior;1 3 5 7;1;E-A-D-G-B-E;5-0-6-6-5-0;1-0-2-3-1-0;A-A-G#-C#-E-E;5;"sim; dedo 1 na casa 5, cordas 1 a 5";;2,6;A;intermediário;"Numeração das cordas no CSV segue a ordem grave→agudo. X=abafada; 0=solta.";Dicionário anexado e voicings normalizados/gerados a partir da afinação padrão.
violao-Amaj7-2;violao;Amaj7;;A;Lá;sétima maior;1 3 5 7;2;E-A-D-G-B-E;X-0-2-1-2-0;X-0-2-1-3-0;X-A-E-G#-C#-E;1;não;1;2,6;A;iniciante;"Numeração das cordas no CSV segue a ordem grave→agudo. X=abafada; 0=solta.";Dicionário anexado e voicings normalizados/gerados a partir da afinação padrão.
violao-Amaj7-3;violao;Amaj7;;A;Lá;sétima maior;1 3 5 7;3;E-A-D-G-B-E;5-0-6-6-5-5;1-0-2-3-1-1;A-A-G#-C#-E-A;5;"sim; dedo 1 na casa 5, cordas 1 a 6";;2;A;intermediário;"Numeração das cordas no CSV segue a ordem grave→agudo. X=abafada; 0=solta.";Dicionário anexado e voicings normalizados/gerados a partir da afinação padrão.
violao-Am7-1;violao;Am7;;A;Lá;menor com sétima;1 b3 5 b7;1;E-A-D-G-B-E;5-0-5-5-5-0;1-0-1-1-1-0;A-A-G-C-E-E;5;"sim; dedo 1 na casa 5, cordas 1 a 5";;2,6;A;intermediário;"Numeração das cordas no CSV segue a ordem grave→agudo. X=abafada; 0=solta.";Dicionário anexado e voicings normalizados/gerados a partir da afinação padrão.
violao-Am7-2;violao;Am7;;A;Lá;menor com sétima;1 b3 5 b7;2;E-A-D-G-B-E;5-0-5-5-5-5;1-0-1-1-1-1;A-A-G-C-E-A;5;"sim; dedo 1 na casa 5, cordas 1 a 6";;2;A;intermediário;"Numeração das cordas no CSV segue a ordem grave→agudo. X=abafada; 0=solta.";Dicionário anexado e voicings normalizados/gerados a partir da afinação padrão.
violao-Am7-3;violao;Am7;;A;Lá;menor com sétima;1 b3 5 b7;3;E-A-D-G-B-E;X-0-2-0-1-0;X-0-2-0-1-0;X-A-E-G-C-E;1;não;1;2,4,6;A;iniciante;"Numeração das cordas no CSV segue a ordem grave→agudo. X=abafada; 0=solta.";Dicionário anexado e voicings normalizados/gerados a partir da afinação padrão.
violao-A6-1;violao;A6;;A;Lá;sexta;1 3 5 6;1;E-A-D-G-B-E;X-0-2-2-2-2;X-0-1-1-1-1;X-A-E-A-C#-F#;2;"sim; dedo 1 na casa 2, cordas 3 a 6";1;2;A;intermediário;"Numeração das cordas no CSV segue a ordem grave→agudo. X=abafada; 0=solta.";Dicionário anexado e voicings normalizados/gerados a partir da afinação padrão.
violao-A6-2;violao;A6;;A;Lá;sexta;1 3 5 6;2;E-A-D-G-B-E;5-0-4-6-5-0;2-0-1-4-3-0;A-A-F#-C#-E-E;4;não;;2,6;A;intermediário;"Numeração das cordas no CSV segue a ordem grave→agudo. X=abafada; 0=solta.";Dicionário anexado e voicings normalizados/gerados a partir da afinação padrão.
violao-A6-3;violao;A6;;A;Lá;sexta;1 3 5 6;3;E-A-D-G-B-E;5-0-7-6-7-0;1-0-3-2-4-0;A-A-A-C#-F#-E;5;não;;2,6;A;intermediário;"Numeração das cordas no CSV segue a ordem grave→agudo. X=abafada; 0=solta.";Dicionário anexado e voicings normalizados/gerados a partir da afinação padrão.
violao-Am6-1;violao;Am6;;A;Lá;menor com sexta;1 b3 5 6;1;E-A-D-G-B-E;5-0-4-5-5-0;2-0-1-3-4-0;A-A-F#-C-E-E;4;não;;2,6;A;intermediário;"Numeração das cordas no CSV segue a ordem grave→agudo. X=abafada; 0=solta.";Dicionário anexado e voicings normalizados/gerados a partir da afinação padrão.
violao-Am6-2;violao;Am6;;A;Lá;menor com sexta;1 b3 5 6;2;E-A-D-G-B-E;5-0-4-5-5-5;2-0-1-3-4-4;A-A-F#-C-E-A;4;não;;2;A;intermediário;"Numeração das cordas no CSV segue a ordem grave→agudo. X=abafada; 0=solta.";Dicionário anexado e voicings normalizados/gerados a partir da afinação padrão.
violao-Am6-3;violao;Am6;;A;Lá;menor com sexta;1 b3 5 6;3;E-A-D-G-B-E;X-0-4-5-5-0;X-0-1-2-3-0;X-A-F#-C-E-E;4;não;1;2,6;A;intermediário;"Numeração das cordas no CSV segue a ordem grave→agudo. X=abafada; 0=solta.";Dicionário anexado e voicings normalizados/gerados a partir da afinação padrão.
violao-Adim-1;violao;Adim;;A;Lá;diminuto;1 b3 b5;1;E-A-D-G-B-E;5-0-X-5-4-5;2-0-X-3-1-4;A-A-X-C-D#-A;4;não;3;2;A;intermediário;"Numeração das cordas no CSV segue a ordem grave→agudo. X=abafada; 0=solta.";Dicionário anexado e voicings normalizados/gerados a partir da afinação padrão.
violao-Adim-2;violao;Adim;;A;Lá;diminuto;1 b3 b5;2;E-A-D-G-B-E;X-0-1-2-1-X;X-0-1-2-1-X;X-A-D#-A-C-X;1;"sim; dedo 1 na casa 1, cordas 3 a 5";1,6;2;A;intermediário;"Numeração das cordas no CSV segue a ordem grave→agudo. X=abafada; 0=solta.";Dicionário anexado e voicings normalizados/gerados a partir da afinação padrão.
violao-Adim-3;violao;Adim;;A;Lá;diminuto;1 b3 b5;3;E-A-D-G-B-E;X-0-1-X-1-X;X-0-1-X-1-X;X-A-D#-X-C-X;1;"sim; dedo 1 na casa 1, cordas 3 a 5";1,4,6;2;A;intermediário;"Numeração das cordas no CSV segue a ordem grave→agudo. X=abafada; 0=solta.";Dicionário anexado e voicings normalizados/gerados a partir da afinação padrão.
violao-Aaug-1;violao;Aaug;;A;Lá;aumentado;1 3 #5;1;E-A-D-G-B-E;5-0-7-6-6-5;1-0-4-2-3-1;A-A-A-C#-F-A;5;"sim; dedo 1 na casa 5, cordas 1 a 6";;2;A;intermediário;"Numeração das cordas no CSV segue a ordem grave→agudo. X=abafada; 0=solta.";Dicionário anexado e voicings normalizados/gerados a partir da afinação padrão.
violao-Aaug-2;violao;Aaug;;A;Lá;aumentado;1 3 #5;2;E-A-D-G-B-E;5-0-X-6-6-5;1-0-X-2-3-1;A-A-X-C#-F-A;5;"sim; dedo 1 na casa 5, cordas 1 a 6";3;2;A;intermediário;"Numeração das cordas no CSV segue a ordem grave→agudo. X=abafada; 0=solta.";Dicionário anexado e voicings normalizados/gerados a partir da afinação padrão.
violao-Aaug-3;violao;Aaug;;A;Lá;aumentado;1 3 #5;3;E-A-D-G-B-E;X-0-3-2-2-1;X-0-4-2-3-1;X-A-F-A-C#-F;1;não;1;2;A;intermediário;"Numeração das cordas no CSV segue a ordem grave→agudo. X=abafada; 0=solta.";Dicionário anexado e voicings normalizados/gerados a partir da afinação padrão.
violao-Asus2-1;violao;Asus2;;A;Lá;suspenso com segunda;1 2 5;1;E-A-D-G-B-E;X-0-2-2-0-0;X-0-1-1-0-0;X-A-E-A-B-E;2;"sim; dedo 1 na casa 2, cordas 3 a 4";1;2,5,6;A;intermediário;"Numeração das cordas no CSV segue a ordem grave→agudo. X=abafada; 0=solta.";Dicionário anexado e voicings normalizados/gerados a partir da afinação padrão.
violao-Asus2-2;violao;Asus2;;A;Lá;suspenso com segunda;1 2 5;2;E-A-D-G-B-E;X-0-X-2-0-0;X-0-X-1-0-0;X-A-X-A-B-E;2;não;1,3;2,5,6;A;iniciante;"Numeração das cordas no CSV segue a ordem grave→agudo. X=abafada; 0=solta.";Dicionário anexado e voicings normalizados/gerados a partir da afinação padrão.
violao-Asus2-3;violao;Asus2;;A;Lá;suspenso com segunda;1 2 5;3;E-A-D-G-B-E;X-0-2-X-0-0;X-0-1-X-0-0;X-A-E-X-B-E;2;não;1,4;2,5,6;A;iniciante;"Numeração das cordas no CSV segue a ordem grave→agudo. X=abafada; 0=solta.";Dicionário anexado e voicings normalizados/gerados a partir da afinação padrão.
violao-Asus4-1;violao;Asus4;;A;Lá;suspenso com quarta;1 4 5;1;E-A-D-G-B-E;5-0-0-X-5-0;1-0-0-X-1-0;A-A-D-X-E-E;5;"sim; dedo 1 na casa 5, cordas 1 a 5";4;2,3,6;A;intermediário;"Numeração das cordas no CSV segue a ordem grave→agudo. X=abafada; 0=solta.";Dicionário anexado e voicings normalizados/gerados a partir da afinação padrão.
violao-Asus4-2;violao;Asus4;;A;Lá;suspenso com quarta;1 4 5;2;E-A-D-G-B-E;X-0-0-2-3-0;X-0-0-1-2-0;X-A-D-A-D-E;2;não;1;2,3,6;A;iniciante;"Numeração das cordas no CSV segue a ordem grave→agudo. X=abafada; 0=solta.";Dicionário anexado e voicings normalizados/gerados a partir da afinação padrão.
violao-Asus4-3;violao;Asus4;;A;Lá;suspenso com quarta;1 4 5;3;E-A-D-G-B-E;X-0-0-2-X-0;X-0-0-1-X-0;X-A-D-A-X-E;2;não;1,5;2,3,6;A;iniciante;"Numeração das cordas no CSV segue a ordem grave→agudo. X=abafada; 0=solta.";Dicionário anexado e voicings normalizados/gerados a partir da afinação padrão.
violao-Aadd9-1;violao;Aadd9;;A;Lá;com nona adicionada;1 3 5 9;1;E-A-D-G-B-E;5-0-7-6-0-0;1-0-3-2-0-0;A-A-A-C#-B-E;5;não;;2,5,6;A;intermediário;"Numeração das cordas no CSV segue a ordem grave→agudo. X=abafada; 0=solta.";Dicionário anexado e voicings normalizados/gerados a partir da afinação padrão.
violao-Aadd9-2;violao;Aadd9;;A;Lá;com nona adicionada;1 3 5 9;2;E-A-D-G-B-E;5-0-X-6-0-0;1-0-X-2-0-0;A-A-X-C#-B-E;5;não;3;2,5,6;A;intermediário;"Numeração das cordas no CSV segue a ordem grave→agudo. X=abafada; 0=solta.";Dicionário anexado e voicings normalizados/gerados a partir da afinação padrão.
violao-Aadd9-3;violao;Aadd9;;A;Lá;com nona adicionada;1 3 5 9;3;E-A-D-G-B-E;X-0-7-6-0-0;X-0-2-1-0-0;X-A-A-C#-B-E;6;não;1;2,5,6;A;intermediário;"Numeração das cordas no CSV segue a ordem grave→agudo. X=abafada; 0=solta.";Dicionário anexado e voicings normalizados/gerados a partir da afinação padrão.
violao-A9-1;violao;A9;;A;Lá;nona dominante;1 3 5 b7 9;1;E-A-D-G-B-E;5-4-5-0-0-0;2-1-3-0-0-0;A-C#-G-G-B-E;4;não;;4,5,6;A;intermediário;"Numeração das cordas no CSV segue a ordem grave→agudo. X=abafada; 0=solta.";Dicionário anexado e voicings normalizados/gerados a partir da afinação padrão.
violao-A9-2;violao;A9;;A;Lá;nona dominante;1 3 5 b7 9;2;E-A-D-G-B-E;5-0-5-6-0-0;1-0-1-2-0-0;A-A-G-C#-B-E;5;"sim; dedo 1 na casa 5, cordas 1 a 3";;2,5,6;A;intermediário;"Numeração das cordas no CSV segue a ordem grave→agudo. X=abafada; 0=solta.";Dicionário anexado e voicings normalizados/gerados a partir da afinação padrão.
violao-A9-3;violao;A9;;A;Lá;nona dominante;1 3 5 b7 9;3;E-A-D-G-B-E;X-0-11-0-0-0;X-0-1-0-0-0;X-A-C#-G-B-E;11;não;1;2,4,5,6;A;avançado;"Numeração das cordas no CSV segue a ordem grave→agudo. X=abafada; 0=solta.";Dicionário anexado e voicings normalizados/gerados a partir da afinação padrão.
violao-A5-1;violao;A5;;A;Lá;quinta (power chord);1 5;1;E-A-D-G-B-E;X-0-2-2-X-0;X-0-1-1-X-0;X-A-E-A-X-E;2;"sim; dedo 1 na casa 2, cordas 3 a 4";1,5;2,6;A;intermediário;"Numeração das cordas no CSV segue a ordem grave→agudo. X=abafada; 0=solta.";Dicionário anexado e voicings normalizados/gerados a partir da afinação padrão.
violao-A5-2;violao;A5;;A;Lá;quinta (power chord);1 5;2;E-A-D-G-B-E;5-0-X-X-5-0;1-0-X-X-1-0;A-A-X-X-E-E;5;"sim; dedo 1 na casa 5, cordas 1 a 5";3,4;2,6;A;intermediário;"Numeração das cordas no CSV segue a ordem grave→agudo. X=abafada; 0=solta.";Dicionário anexado e voicings normalizados/gerados a partir da afinação padrão.
violao-A5-3;violao;A5;;A;Lá;quinta (power chord);1 5;3;E-A-D-G-B-E;5-0-2-2-5-0;2-0-1-1-3-0;A-A-E-A-E-E;2;"sim; dedo 1 na casa 2, cordas 3 a 4";;2,6;A;intermediário;"Numeração das cordas no CSV segue a ordem grave→agudo. X=abafada; 0=solta.";Dicionário anexado e voicings normalizados/gerados a partir da afinação padrão.
violao-A7b5-1;violao;A7b5;;A;Lá;sétima com quinta diminuta;1 3 b5 b7;1;E-A-D-G-B-E;5-4-5-0-4-5;2-1-3-0-1-4;A-C#-G-G-D#-A;4;"sim; dedo 1 na casa 4, cordas 2 a 5";;4;A;intermediário;"Numeração das cordas no CSV segue a ordem grave→agudo. X=abafada; 0=solta.";Dicionário anexado e voicings normalizados/gerados a partir da afinação padrão.
violao-A7b5-2;violao;A7b5;;A;Lá;sétima com quinta diminuta;1 3 b5 b7;2;E-A-D-G-B-E;5-4-5-0-4-3;4-2-4-0-3-1;A-C#-G-G-D#-G;3;não;;4;A;intermediário;"Numeração das cordas no CSV segue a ordem grave→agudo. X=abafada; 0=solta.";Dicionário anexado e voicings normalizados/gerados a partir da afinação padrão.
violao-A7b5-3;violao;A7b5;;A;Lá;sétima com quinta diminuta;1 3 b5 b7;3;E-A-D-G-B-E;X-0-1-0-2-3;X-0-1-0-2-3;X-A-D#-G-C#-G;1;não;1;2,4;A;iniciante;"Numeração das cordas no CSV segue a ordem grave→agudo. X=abafada; 0=solta.";Dicionário anexado e voicings normalizados/gerados a partir da afinação padrão.
violao-A#-1;violao;A#;Bb;A#;Lá sustenido;maior;1 3 5;1;E-A-D-G-B-E;6-5-0-7-6-6;2-1-0-4-3-4;A#-D-D-D-F-A#;5;não;;3;A#;intermediário;"Numeração das cordas no CSV segue a ordem grave→agudo. X=abafada; 0=solta.";Dicionário anexado e voicings normalizados/gerados a partir da afinação padrão.
violao-A#-2;violao;A#;Bb;A#;Lá sustenido;maior;1 3 5;2;E-A-D-G-B-E;6-5-0-X-6-6;2-1-0-X-3-4;A#-D-D-X-F-A#;5;não;4;3;A#;intermediário;"Numeração das cordas no CSV segue a ordem grave→agudo. X=abafada; 0=solta.";Dicionário anexado e voicings normalizados/gerados a partir da afinação padrão.
violao-A#-3;violao;A#;Bb;A#;Lá sustenido;maior;1 3 5;3;E-A-D-G-B-E;6-8-0-7-6-6;1-3-0-2-1-1;A#-F-D-D-F-A#;6;"sim; dedo 1 na casa 6, cordas 1 a 6";;3;A#;avançado;"Numeração das cordas no CSV segue a ordem grave→agudo. X=abafada; 0=solta.";Dicionário anexado e voicings normalizados/gerados a partir da afinação padrão.
violao-A#m-1;violao;A#m;Bbm;A#;Lá sustenido;menor;1 b3 5;1;E-A-D-G-B-E;6-X-X-6-6-6;1-X-X-1-1-1;A#-X-X-C#-F-A#;6;"sim; dedo 1 na casa 6, cordas 1 a 6";2,3;;A#;intermediário;"Numeração das cordas no CSV segue a ordem grave→agudo. X=abafada; 0=solta.";Dicionário anexado e voicings normalizados/gerados a partir da afinação padrão.
violao-A#m-2;violao;A#m;Bbm;A#;Lá sustenido;menor;1 b3 5;2;E-A-D-G-B-E;X-1-3-3-2-1;X-1-3-4-2-1;X-A#-F-A#-C#-F;1;"sim; dedo 1 na casa 1, cordas 2 a 6";1;;A#;intermediário;"Numeração das cordas no CSV segue a ordem grave→agudo. X=abafada; 0=solta.";Dicionário anexado e voicings normalizados/gerados a partir da afinação padrão.
violao-A#m-3;violao;A#m;Bbm;A#;Lá sustenido;menor;1 b3 5;3;E-A-D-G-B-E;6-4-X-6-6-6;2-1-X-3-4-4;A#-C#-X-C#-F-A#;4;não;3;;A#;intermediário;"Numeração das cordas no CSV segue a ordem grave→agudo. X=abafada; 0=solta.";Dicionário anexado e voicings normalizados/gerados a partir da afinação padrão.
violao-A#7-1;violao;A#7;Bb7;A#;Lá sustenido;sétima dominante;1 3 5 b7;1;E-A-D-G-B-E;X-1-0-1-X-1;X-1-0-1-X-1;X-A#-D-G#-X-F;1;"sim; dedo 1 na casa 1, cordas 2 a 6";1,5;3;A#;intermediário;"Numeração das cordas no CSV segue a ordem grave→agudo. X=abafada; 0=solta.";Dicionário anexado e voicings normalizados/gerados a partir da afinação padrão.
violao-A#7-2;violao;A#7;Bb7;A#;Lá sustenido;sétima dominante;1 3 5 b7;2;E-A-D-G-B-E;X-1-0-1-3-1;X-1-0-1-2-1;X-A#-D-G#-D-F;1;"sim; dedo 1 na casa 1, cordas 2 a 6";1;3;A#;intermediário;"Numeração das cordas no CSV segue a ordem grave→agudo. X=abafada; 0=solta.";Dicionário anexado e voicings normalizados/gerados a partir da afinação padrão.
violao-A#7-3;violao;A#7;Bb7;A#;Lá sustenido;sétima dominante;1 3 5 b7;3;E-A-D-G-B-E;6-5-0-3-6-4;4-3-0-1-4-2;A#-D-D-A#-F-G#;3;não;;3;A#;intermediário;"Numeração das cordas no CSV segue a ordem grave→agudo. X=abafada; 0=solta.";Dicionário anexado e voicings normalizados/gerados a partir da afinação padrão.
violao-A#maj7-1;violao;A#maj7;Bbmaj7;A#;Lá sustenido;sétima maior;1 3 5 7;1;E-A-D-G-B-E;6-0-0-7-6-6;1-0-0-2-1-1;A#-A-D-D-F-A#;6;"sim; dedo 1 na casa 6, cordas 1 a 6";;2,3;A#;intermediário;"Numeração das cordas no CSV segue a ordem grave→agudo. X=abafada; 0=solta.";Dicionário anexado e voicings normalizados/gerados a partir da afinação padrão.
violao-A#maj7-2;violao;A#maj7;Bbmaj7;A#;Lá sustenido;sétima maior;1 3 5 7;2;E-A-D-G-B-E;6-0-0-X-6-6;1-0-0-X-1-1;A#-A-D-X-F-A#;6;"sim; dedo 1 na casa 6, cordas 1 a 6";4;2,3;A#;intermediário;"Numeração das cordas no CSV segue a ordem grave→agudo. X=abafada; 0=solta.";Dicionário anexado e voicings normalizados/gerados a partir da afinação padrão.
violao-A#maj7-3;violao;A#maj7;Bbmaj7;A#;Lá sustenido;sétima maior;1 3 5 7;3;E-A-D-G-B-E;6-0-7-7-6-6;1-0-2-3-1-1;A#-A-A-D-F-A#;6;"sim; dedo 1 na casa 6, cordas 1 a 6";;2;A#;intermediário;"Numeração das cordas no CSV segue a ordem grave→agudo. X=abafada; 0=solta.";Dicionário anexado e voicings normalizados/gerados a partir da afinação padrão.
violao-A#m7-1;violao;A#m7;Bbm7;A#;Lá sustenido;menor com sétima;1 b3 5 b7;1;E-A-D-G-B-E;6-X-6-6-6-6;1-X-1-1-1-1;A#-X-G#-C#-F-A#;6;"sim; dedo 1 na casa 6, cordas 1 a 6";2;;A#;intermediário;"Numeração das cordas no CSV segue a ordem grave→agudo. X=abafada; 0=solta.";Dicionário anexado e voicings normalizados/gerados a partir da afinação padrão.
violao-A#m7-2;violao;A#m7;Bbm7;A#;Lá sustenido;menor com sétima;1 b3 5 b7;2;E-A-D-G-B-E;6-X-6-6-6-X;1-X-1-1-1-X;A#-X-G#-C#-F-X;6;"sim; dedo 1 na casa 6, cordas 1 a 5";2,6;;A#;intermediário;"Numeração das cordas no CSV segue a ordem grave→agudo. X=abafada; 0=solta.";Dicionário anexado e voicings normalizados/gerados a partir da afinação padrão.
violao-A#m7-3;violao;A#m7;Bbm7;A#;Lá sustenido;menor com sétima;1 b3 5 b7;3;E-A-D-G-B-E;X-1-3-1-2-1;X-1-3-1-2-1;X-A#-F-G#-C#-F;1;"sim; dedo 1 na casa 1, cordas 2 a 6";1;;A#;intermediário;"Numeração das cordas no CSV segue a ordem grave→agudo. X=abafada; 0=solta.";Dicionário anexado e voicings normalizados/gerados a partir da afinação padrão.
violao-A#6-1;violao;A#6;Bb6;A#;Lá sustenido;sexta;1 3 5 6;1;E-A-D-G-B-E;6-5-0-0-6-6;2-1-0-0-3-4;A#-D-D-G-F-A#;5;não;;3,4;A#;intermediário;"Numeração das cordas no CSV segue a ordem grave→agudo. X=abafada; 0=solta.";Dicionário anexado e voicings normalizados/gerados a partir da afinação padrão.
violao-A#6-2;violao;A#6;Bb6;A#;Lá sustenido;sexta;1 3 5 6;2;E-A-D-G-B-E;6-X-0-0-6-6;1-X-0-0-1-1;A#-X-D-G-F-A#;6;"sim; dedo 1 na casa 6, cordas 1 a 6";2;3,4;A#;intermediário;"Numeração das cordas no CSV segue a ordem grave→agudo. X=abafada; 0=solta.";Dicionário anexado e voicings normalizados/gerados a partir da afinação padrão.
violao-A#6-3;violao;A#6;Bb6;A#;Lá sustenido;sexta;1 3 5 6;3;E-A-D-G-B-E;X-1-0-0-X-1;X-1-0-0-X-1;X-A#-D-G-X-F;1;"sim; dedo 1 na casa 1, cordas 2 a 6";1,5;3,4;A#;intermediário;"Numeração das cordas no CSV segue a ordem grave→agudo. X=abafada; 0=solta.";Dicionário anexado e voicings normalizados/gerados a partir da afinação padrão.
violao-A#m6-1;violao;A#m6;Bbm6;A#;Lá sustenido;menor com sexta;1 b3 5 6;1;E-A-D-G-B-E;6-4-5-0-6-6;3-1-2-0-4-4;A#-C#-G-G-F-A#;4;não;;4;A#;intermediário;"Numeração das cordas no CSV segue a ordem grave→agudo. X=abafada; 0=solta.";Dicionário anexado e voicings normalizados/gerados a partir da afinação padrão.
violao-A#m6-2;violao;A#m6;Bbm6;A#;Lá sustenido;menor com sexta;1 b3 5 6;2;E-A-D-G-B-E;X-1-3-0-2-1;X-1-3-0-2-1;X-A#-F-G-C#-F;1;"sim; dedo 1 na casa 1, cordas 2 a 6";1;4;A#;intermediário;"Numeração das cordas no CSV segue a ordem grave→agudo. X=abafada; 0=solta.";Dicionário anexado e voicings normalizados/gerados a partir da afinação padrão.
violao-A#m6-3;violao;A#m6;Bbm6;A#;Lá sustenido;menor com sexta;1 b3 5 6;3;E-A-D-G-B-E;X-1-3-0-2-3;X-1-3-0-2-4;X-A#-F-G-C#-G;1;não;1;4;A#;intermediário;"Numeração das cordas no CSV segue a ordem grave→agudo. X=abafada; 0=solta.";Dicionário anexado e voicings normalizados/gerados a partir da afinação padrão.
violao-A#dim-1;violao;A#dim;Bbdim;A#;Lá sustenido;diminuto;1 b3 b5;1;E-A-D-G-B-E;X-1-2-3-2-0;X-1-2-4-3-0;X-A#-E-A#-C#-E;1;não;1;6;A#;intermediário;"Numeração das cordas no CSV segue a ordem grave→agudo. X=abafada; 0=solta.";Dicionário anexado e voicings normalizados/gerados a partir da afinação padrão.
violao-A#dim-2;violao;A#dim;Bbdim;A#;Lá sustenido;diminuto;1 b3 b5;2;E-A-D-G-B-E;X-1-2-X-2-0;X-1-2-X-3-0;X-A#-E-X-C#-E;1;não;1,4;6;A#;iniciante;"Numeração das cordas no CSV segue a ordem grave→agudo. X=abafada; 0=solta.";Dicionário anexado e voicings normalizados/gerados a partir da afinação padrão.
violao-A#dim-3;violao;A#dim;Bbdim;A#;Lá sustenido;diminuto;1 b3 b5;3;E-A-D-G-B-E;6-4-X-6-5-0;3-1-X-4-2-0;A#-C#-X-C#-E-E;4;não;3;6;A#;intermediário;"Numeração das cordas no CSV segue a ordem grave→agudo. X=abafada; 0=solta.";Dicionário anexado e voicings normalizados/gerados a partir da afinação padrão.
violao-A#aug-1;violao;A#aug;Bbaug;A#;Lá sustenido;aumentado;1 3 #5;1;E-A-D-G-B-E;6-5-0-7-7-6;2-1-0-4-4-3;A#-D-D-D-F#-A#;5;não;;3;A#;intermediário;"Numeração das cordas no CSV segue a ordem grave→agudo. X=abafada; 0=solta.";Dicionário anexado e voicings normalizados/gerados a partir da afinação padrão.
violao-A#aug-2;violao;A#aug;Bbaug;A#;Lá sustenido;aumentado;1 3 #5;2;E-A-D-G-B-E;6-X-0-7-7-6;1-X-0-2-3-1;A#-X-D-D-F#-A#;6;"sim; dedo 1 na casa 6, cordas 1 a 6";2;3;A#;intermediário;"Numeração das cordas no CSV segue a ordem grave→agudo. X=abafada; 0=solta.";Dicionário anexado e voicings normalizados/gerados a partir da afinação padrão.
violao-A#aug-3;violao;A#aug;Bbaug;A#;Lá sustenido;aumentado;1 3 #5;3;E-A-D-G-B-E;X-1-0-3-3-2;X-1-0-3-4-2;X-A#-D-A#-D-F#;1;não;1;3;A#;intermediário;"Numeração das cordas no CSV segue a ordem grave→agudo. X=abafada; 0=solta.";Dicionário anexado e voicings normalizados/gerados a partir da afinação padrão.
violao-A#sus2-1;violao;A#sus2;Bbsus2;A#;Lá sustenido;suspenso com segunda;1 2 5;1;E-A-D-G-B-E;X-1-3-3-1-1;X-1-2-3-1-1;X-A#-F-A#-C-F;1;"sim; dedo 1 na casa 1, cordas 2 a 6";1;;A#;intermediário;"Numeração das cordas no CSV segue a ordem grave→agudo. X=abafada; 0=solta.";Dicionário anexado e voicings normalizados/gerados a partir da afinação padrão.
violao-A#sus2-2;violao;A#sus2;Bbsus2;A#;Lá sustenido;suspenso com segunda;1 2 5;2;E-A-D-G-B-E;X-1-X-X-1-1;X-1-X-X-1-1;X-A#-X-X-C-F;1;"sim; dedo 1 na casa 1, cordas 2 a 6";1,3,4;;A#;intermediário;"Numeração das cordas no CSV segue a ordem grave→agudo. X=abafada; 0=solta.";Dicionário anexado e voicings normalizados/gerados a partir da afinação padrão.
violao-A#sus2-3;violao;A#sus2;Bbsus2;A#;Lá sustenido;suspenso com segunda;1 2 5;3;E-A-D-G-B-E;6-X-X-5-6-6;2-X-X-1-3-4;A#-X-X-C-F-A#;5;não;2,3;;A#;intermediário;"Numeração das cordas no CSV segue a ordem grave→agudo. X=abafada; 0=solta.";Dicionário anexado e voicings normalizados/gerados a partir da afinação padrão.
violao-A#sus4-1;violao;A#sus4;Bbsus4;A#;Lá sustenido;suspenso com quarta;1 4 5;1;E-A-D-G-B-E;6-6-X-X-6-6;1-1-X-X-1-1;A#-D#-X-X-F-A#;6;"sim; dedo 1 na casa 6, cordas 1 a 6";3,4;;A#;intermediário;"Numeração das cordas no CSV segue a ordem grave→agudo. X=abafada; 0=solta.";Dicionário anexado e voicings normalizados/gerados a partir da afinação padrão.
violao-A#sus4-2;violao;A#sus4;Bbsus4;A#;Lá sustenido;suspenso com quarta;1 4 5;2;E-A-D-G-B-E;X-1-1-X-X-1;X-1-1-X-X-1;X-A#-D#-X-X-F;1;"sim; dedo 1 na casa 1, cordas 2 a 6";1,4,5;;A#;intermediário;"Numeração das cordas no CSV segue a ordem grave→agudo. X=abafada; 0=solta.";Dicionário anexado e voicings normalizados/gerados a partir da afinação padrão.
violao-A#sus4-3;violao;A#sus4;Bbsus4;A#;Lá sustenido;suspenso com quarta;1 4 5;3;E-A-D-G-B-E;6-X-8-8-6-6;1-X-2-3-1-1;A#-X-A#-D#-F-A#;6;"sim; dedo 1 na casa 6, cordas 1 a 6";2;;A#;avançado;"Numeração das cordas no CSV segue a ordem grave→agudo. X=abafada; 0=solta.";Dicionário anexado e voicings normalizados/gerados a partir da afinação padrão.
violao-A#add9-1;violao;A#add9;Bbadd9;A#;Lá sustenido;com nona adicionada;1 3 5 9;1;E-A-D-G-B-E;6-5-0-5-6-6;2-1-0-1-3-4;A#-D-D-C-F-A#;5;"sim; dedo 1 na casa 5, cordas 2 a 4";;3;A#;intermediário;"Numeração das cordas no CSV segue a ordem grave→agudo. X=abafada; 0=solta.";Dicionário anexado e voicings normalizados/gerados a partir da afinação padrão.
violao-A#add9-2;violao;A#add9;Bbadd9;A#;Lá sustenido;com nona adicionada;1 3 5 9;2;E-A-D-G-B-E;X-1-0-X-1-1;X-1-0-X-1-1;X-A#-D-X-C-F;1;"sim; dedo 1 na casa 1, cordas 2 a 6";1,4;3;A#;intermediário;"Numeração das cordas no CSV segue a ordem grave→agudo. X=abafada; 0=solta.";Dicionário anexado e voicings normalizados/gerados a partir da afinação padrão.
violao-A#add9-3;violao;A#add9;Bbadd9;A#;Lá sustenido;com nona adicionada;1 3 5 9;3;E-A-D-G-B-E;6-X-0-5-6-6;2-X-0-1-3-4;A#-X-D-C-F-A#;5;não;2;3;A#;intermediário;"Numeração das cordas no CSV segue a ordem grave→agudo. X=abafada; 0=solta.";Dicionário anexado e voicings normalizados/gerados a partir da afinação padrão.
violao-A#9-1;violao;A#9;Bb9;A#;Lá sustenido;nona dominante;1 3 5 b7 9;1;E-A-D-G-B-E;X-1-0-1-1-1;X-1-0-1-1-1;X-A#-D-G#-C-F;1;"sim; dedo 1 na casa 1, cordas 2 a 6";1;3;A#;intermediário;"Numeração das cordas no CSV segue a ordem grave→agudo. X=abafada; 0=solta.";Dicionário anexado e voicings normalizados/gerados a partir da afinação padrão.
violao-A#9-2;violao;A#9;Bb9;A#;Lá sustenido;nona dominante;1 3 5 b7 9;2;E-A-D-G-B-E;6-5-0-5-6-4;4-2-0-3-4-1;A#-D-D-C-F-G#;4;não;;3;A#;intermediário;"Numeração das cordas no CSV segue a ordem grave→agudo. X=abafada; 0=solta.";Dicionário anexado e voicings normalizados/gerados a partir da afinação padrão.
violao-A#9-3;violao;A#9;Bb9;A#;Lá sustenido;nona dominante;1 3 5 b7 9;3;E-A-D-G-B-E;X-1-0-1-1-X;X-1-0-1-1-X;X-A#-D-G#-C-X;1;"sim; dedo 1 na casa 1, cordas 2 a 5";1,6;3;A#;intermediário;"Numeração das cordas no CSV segue a ordem grave→agudo. X=abafada; 0=solta.";Dicionário anexado e voicings normalizados/gerados a partir da afinação padrão.
violao-A#5-1;violao;A#5;Bb5;A#;Lá sustenido;quinta (power chord);1 5;1;E-A-D-G-B-E;6-8-8-X-6-6;1-2-3-X-1-1;A#-F-A#-X-F-A#;6;"sim; dedo 1 na casa 6, cordas 1 a 6";4;;A#;avançado;"Numeração das cordas no CSV segue a ordem grave→agudo. X=abafada; 0=solta.";Dicionário anexado e voicings normalizados/gerados a partir da afinação padrão.
violao-A#5-2;violao;A#5;Bb5;A#;Lá sustenido;quinta (power chord);1 5;2;E-A-D-G-B-E;6-X-X-X-6-6;1-X-X-X-1-1;A#-X-X-X-F-A#;6;"sim; dedo 1 na casa 6, cordas 1 a 6";2,3,4;;A#;intermediário;"Numeração das cordas no CSV segue a ordem grave→agudo. X=abafada; 0=solta.";Dicionário anexado e voicings normalizados/gerados a partir da afinação padrão.
violao-A#5-3;violao;A#5;Bb5;A#;Lá sustenido;quinta (power chord);1 5;3;E-A-D-G-B-E;X-1-3-3-X-1;X-1-2-3-X-1;X-A#-F-A#-X-F;1;"sim; dedo 1 na casa 1, cordas 2 a 6";1,5;;A#;intermediário;"Numeração das cordas no CSV segue a ordem grave→agudo. X=abafada; 0=solta.";Dicionário anexado e voicings normalizados/gerados a partir da afinação padrão.
violao-A#7b5-1;violao;A#7b5;Bb7b5;A#;Lá sustenido;sétima com quinta diminuta;1 3 b5 b7;1;E-A-D-G-B-E;X-1-0-1-X-0;X-1-0-1-X-0;X-A#-D-G#-X-E;1;"sim; dedo 1 na casa 1, cordas 2 a 4";1,5;3,6;A#;intermediário;"Numeração das cordas no CSV segue a ordem grave→agudo. X=abafada; 0=solta.";Dicionário anexado e voicings normalizados/gerados a partir da afinação padrão.
violao-A#7b5-2;violao;A#7b5;Bb7b5;A#;Lá sustenido;sétima com quinta diminuta;1 3 b5 b7;2;E-A-D-G-B-E;X-1-0-1-3-0;X-1-0-1-2-0;X-A#-D-G#-D-E;1;"sim; dedo 1 na casa 1, cordas 2 a 4";1;3,6;A#;intermediário;"Numeração das cordas no CSV segue a ordem grave→agudo. X=abafada; 0=solta.";Dicionário anexado e voicings normalizados/gerados a partir da afinação padrão.
violao-A#7b5-3;violao;A#7b5;Bb7b5;A#;Lá sustenido;sétima com quinta diminuta;1 3 b5 b7;3;E-A-D-G-B-E;6-5-6-7-5-0;2-1-3-4-1-0;A#-D-G#-D-E-E;5;"sim; dedo 1 na casa 5, cordas 2 a 5";;6;A#;intermediário;"Numeração das cordas no CSV segue a ordem grave→agudo. X=abafada; 0=solta.";Dicionário anexado e voicings normalizados/gerados a partir da afinação padrão.
violao-B-1;violao;B;;B;Si;maior;1 3 5;1;E-A-D-G-B-E;7-9-9-8-0-7;1-3-4-2-0-1;B-F#-B-D#-B-B;7;"sim; dedo 1 na casa 7, cordas 1 a 6";;5;B;avançado;"Numeração das cordas no CSV segue a ordem grave→agudo. X=abafada; 0=solta.";Dicionário anexado e voicings normalizados/gerados a partir da afinação padrão.
violao-B-2;violao;B;;B;Si;maior;1 3 5;2;E-A-D-G-B-E;X-2-1-X-0-2;X-2-1-X-0-3;X-B-D#-X-B-F#;1;não;1,4;5;B;iniciante;"Numeração das cordas no CSV segue a ordem grave→agudo. X=abafada; 0=solta.";Dicionário anexado e voicings normalizados/gerados a partir da afinação padrão.
violao-B-3;violao;B;;B;Si;maior;1 3 5;3;E-A-D-G-B-E;7-6-4-4-0-7;3-2-1-1-0-4;B-D#-F#-B-B-B;4;"sim; dedo 1 na casa 4, cordas 3 a 4";;5;B;intermediário;"Numeração das cordas no CSV segue a ordem grave→agudo. X=abafada; 0=solta.";Dicionário anexado e voicings normalizados/gerados a partir da afinação padrão.
violao-Bm-1;violao;Bm;;B;Si;menor;1 b3 5;1;E-A-D-G-B-E;X-2-0-X-0-2;X-1-0-X-0-1;X-B-D-X-B-F#;2;"sim; dedo 1 na casa 2, cordas 2 a 6";1,4;3,5;B;intermediário;"Numeração das cordas no CSV segue a ordem grave→agudo. X=abafada; 0=solta.";Dicionário anexado e voicings normalizados/gerados a partir da afinação padrão.
violao-Bm-2;violao;Bm;;B;Si;menor;1 b3 5;2;E-A-D-G-B-E;7-X-0-7-7-7;1-X-0-1-1-1;B-X-D-D-F#-B;7;"sim; dedo 1 na casa 7, cordas 1 a 6";2;3;B;intermediário;"Numeração das cordas no CSV segue a ordem grave→agudo. X=abafada; 0=solta.";Dicionário anexado e voicings normalizados/gerados a partir da afinação padrão.
violao-Bm-3;violao;Bm;;B;Si;menor;1 b3 5;3;E-A-D-G-B-E;7-9-0-7-0-7;1-2-0-1-0-1;B-F#-D-D-B-B;7;"sim; dedo 1 na casa 7, cordas 1 a 6";;3,5;B;avançado;"Numeração das cordas no CSV segue a ordem grave→agudo. X=abafada; 0=solta.";Dicionário anexado e voicings normalizados/gerados a partir da afinação padrão.
violao-B7-1;violao;B7;;B;Si;sétima dominante;1 3 5 b7;1;E-A-D-G-B-E;7-0-7-8-7-7;1-0-1-2-1-1;B-A-A-D#-F#-B;7;"sim; dedo 1 na casa 7, cordas 1 a 6";;2;B;avançado;"Numeração das cordas no CSV segue a ordem grave→agudo. X=abafada; 0=solta.";Dicionário anexado e voicings normalizados/gerados a partir da afinação padrão.
violao-B7-2;violao;B7;;B;Si;sétima dominante;1 3 5 b7;2;E-A-D-G-B-E;X-2-1-2-0-2;X-2-1-3-0-4;X-B-D#-A-B-F#;1;não;1;5;B;intermediário;"Numeração das cordas no CSV segue a ordem grave→agudo. X=abafada; 0=solta.";Dicionário anexado e voicings normalizados/gerados a partir da afinação padrão.
violao-B7-3;violao;B7;;B;Si;sétima dominante;1 3 5 b7;3;E-A-D-G-B-E;7-0-9-8-7-7;1-0-3-2-1-1;B-A-B-D#-F#-B;7;"sim; dedo 1 na casa 7, cordas 1 a 6";;2;B;avançado;"Numeração das cordas no CSV segue a ordem grave→agudo. X=abafada; 0=solta.";Dicionário anexado e voicings normalizados/gerados a partir da afinação padrão.
violao-Bmaj7-1;violao;Bmaj7;;B;Si;sétima maior;1 3 5 7;1;E-A-D-G-B-E;7-9-8-8-0-7;1-4-2-3-0-1;B-F#-A#-D#-B-B;7;"sim; dedo 1 na casa 7, cordas 1 a 6";;5;B;avançado;"Numeração das cordas no CSV segue a ordem grave→agudo. X=abafada; 0=solta.";Dicionário anexado e voicings normalizados/gerados a partir da afinação padrão.
violao-Bmaj7-2;violao;Bmaj7;;B;Si;sétima maior;1 3 5 7;2;E-A-D-G-B-E;X-2-1-3-0-2;X-2-1-4-0-3;X-B-D#-A#-B-F#;1;não;1;5;B;intermediário;"Numeração das cordas no CSV segue a ordem grave→agudo. X=abafada; 0=solta.";Dicionário anexado e voicings normalizados/gerados a partir da afinação padrão.
violao-Bmaj7-3;violao;Bmaj7;;B;Si;sétima maior;1 3 5 7;3;E-A-D-G-B-E;7-6-4-4-0-6;4-2-1-1-0-3;B-D#-F#-B-B-A#;4;"sim; dedo 1 na casa 4, cordas 3 a 4";;5;B;intermediário;"Numeração das cordas no CSV segue a ordem grave→agudo. X=abafada; 0=solta.";Dicionário anexado e voicings normalizados/gerados a partir da afinação padrão.
violao-Bm7-1;violao;Bm7;;B;Si;menor com sétima;1 b3 5 b7;1;E-A-D-G-B-E;7-0-0-7-7-7;1-0-0-1-1-1;B-A-D-D-F#-B;7;"sim; dedo 1 na casa 7, cordas 1 a 6";;2,3;B;intermediário;"Numeração das cordas no CSV segue a ordem grave→agudo. X=abafada; 0=solta.";Dicionário anexado e voicings normalizados/gerados a partir da afinação padrão.
violao-Bm7-2;violao;Bm7;;B;Si;menor com sétima;1 b3 5 b7;2;E-A-D-G-B-E;X-2-0-2-0-2;X-1-0-1-0-1;X-B-D-A-B-F#;2;"sim; dedo 1 na casa 2, cordas 2 a 6";1;3,5;B;intermediário;"Numeração das cordas no CSV segue a ordem grave→agudo. X=abafada; 0=solta.";Dicionário anexado e voicings normalizados/gerados a partir da afinação padrão.
violao-Bm7-3;violao;Bm7;;B;Si;menor com sétima;1 b3 5 b7;3;E-A-D-G-B-E;7-0-7-7-7-7;1-0-1-1-1-1;B-A-A-D-F#-B;7;"sim; dedo 1 na casa 7, cordas 1 a 6";;2;B;intermediário;"Numeração das cordas no CSV segue a ordem grave→agudo. X=abafada; 0=solta.";Dicionário anexado e voicings normalizados/gerados a partir da afinação padrão.
violao-B6-1;violao;B6;;B;Si;sexta;1 3 5 6;1;E-A-D-G-B-E;X-2-1-1-0-2;X-2-1-1-0-3;X-B-D#-G#-B-F#;1;"sim; dedo 1 na casa 1, cordas 3 a 4";1;5;B;intermediário;"Numeração das cordas no CSV segue a ordem grave→agudo. X=abafada; 0=solta.";Dicionário anexado e voicings normalizados/gerados a partir da afinação padrão.
violao-B6-2;violao;B6;;B;Si;sexta;1 3 5 6;2;E-A-D-G-B-E;7-6-4-4-0-4;3-2-1-1-0-1;B-D#-F#-B-B-G#;4;"sim; dedo 1 na casa 4, cordas 3 a 6";;5;B;intermediário;"Numeração das cordas no CSV segue a ordem grave→agudo. X=abafada; 0=solta.";Dicionário anexado e voicings normalizados/gerados a partir da afinação padrão.
violao-B6-3;violao;B6;;B;Si;sexta;1 3 5 6;3;E-A-D-G-B-E;7-6-6-X-7-7;2-1-1-X-3-4;B-D#-G#-X-F#-B;6;"sim; dedo 1 na casa 6, cordas 2 a 3";4;;B;intermediário;"Numeração das cordas no CSV segue a ordem grave→agudo. X=abafada; 0=solta.";Dicionário anexado e voicings normalizados/gerados a partir da afinação padrão.
violao-Bm6-1;violao;Bm6;;B;Si;menor com sexta;1 b3 5 6;1;E-A-D-G-B-E;X-2-0-1-0-2;X-2-0-1-0-3;X-B-D-G#-B-F#;1;não;1;3,5;B;iniciante;"Numeração das cordas no CSV segue a ordem grave→agudo. X=abafada; 0=solta.";Dicionário anexado e voicings normalizados/gerados a partir da afinação padrão.
violao-Bm6-2;violao;Bm6;;B;Si;menor com sexta;1 b3 5 6;2;E-A-D-G-B-E;7-9-0-7-9-7;1-2-0-1-3-1;B-F#-D-D-G#-B;7;"sim; dedo 1 na casa 7, cordas 1 a 6";;3;B;avançado;"Numeração das cordas no CSV segue a ordem grave→agudo. X=abafada; 0=solta.";Dicionário anexado e voicings normalizados/gerados a partir da afinação padrão.
violao-Bm6-3;violao;Bm6;;B;Si;menor com sexta;1 b3 5 6;3;E-A-D-G-B-E;X-2-0-1-3-2;X-2-0-1-4-3;X-B-D-G#-D-F#;1;não;1;3;B;intermediário;"Numeração das cordas no CSV segue a ordem grave→agudo. X=abafada; 0=solta.";Dicionário anexado e voicings normalizados/gerados a partir da afinação padrão.
violao-Bdim-1;violao;Bdim;;B;Si;diminuto;1 b3 b5;1;E-A-D-G-B-E;7-8-0-7-0-7;1-2-0-1-0-1;B-F-D-D-B-B;7;"sim; dedo 1 na casa 7, cordas 1 a 6";;3,5;B;avançado;"Numeração das cordas no CSV segue a ordem grave→agudo. X=abafada; 0=solta.";Dicionário anexado e voicings normalizados/gerados a partir da afinação padrão.
violao-Bdim-2;violao;Bdim;;B;Si;diminuto;1 b3 b5;2;E-A-D-G-B-E;7-8-0-X-0-7;1-2-0-X-0-1;B-F-D-X-B-B;7;"sim; dedo 1 na casa 7, cordas 1 a 6";4;3,5;B;avançado;"Numeração das cordas no CSV segue a ordem grave→agudo. X=abafada; 0=solta.";Dicionário anexado e voicings normalizados/gerados a partir da afinação padrão.
violao-Bdim-3;violao;Bdim;;B;Si;diminuto;1 b3 b5;3;E-A-D-G-B-E;7-8-0-7-0-X;1-2-0-1-0-X;B-F-D-D-B-X;7;"sim; dedo 1 na casa 7, cordas 1 a 4";6;3,5;B;avançado;"Numeração das cordas no CSV segue a ordem grave→agudo. X=abafada; 0=solta.";Dicionário anexado e voicings normalizados/gerados a partir da afinação padrão.
violao-Baug-1;violao;Baug;;B;Si;aumentado;1 3 #5;1;E-A-D-G-B-E;7-6-5-0-0-7;3-2-1-0-0-4;B-D#-G-G-B-B;5;não;;4,5;B;intermediário;"Numeração das cordas no CSV segue a ordem grave→agudo. X=abafada; 0=solta.";Dicionário anexado e voicings normalizados/gerados a partir da afinação padrão.
violao-Baug-2;violao;Baug;;B;Si;aumentado;1 3 #5;2;E-A-D-G-B-E;7-6-X-0-0-7;2-1-X-0-0-3;B-D#-X-G-B-B;6;não;3;4,5;B;intermediário;"Numeração das cordas no CSV segue a ordem grave→agudo. X=abafada; 0=solta.";Dicionário anexado e voicings normalizados/gerados a partir da afinação padrão.
violao-Baug-3;violao;Baug;;B;Si;aumentado;1 3 #5;3;E-A-D-G-B-E;X-2-1-0-0-3;X-2-1-0-0-3;X-B-D#-G-B-G;1;não;1;4,5;B;iniciante;"Numeração das cordas no CSV segue a ordem grave→agudo. X=abafada; 0=solta.";Dicionário anexado e voicings normalizados/gerados a partir da afinação padrão.
violao-Bsus2-1;violao;Bsus2;;B;Si;suspenso com segunda;1 2 5;1;E-A-D-G-B-E;7-4-4-4-0-7;2-1-1-1-0-3;B-C#-F#-B-B-B;4;"sim; dedo 1 na casa 4, cordas 2 a 4";;5;B;intermediário;"Numeração das cordas no CSV segue a ordem grave→agudo. X=abafada; 0=solta.";Dicionário anexado e voicings normalizados/gerados a partir da afinação padrão.
violao-Bsus2-2;violao;Bsus2;;B;Si;suspenso com segunda;1 2 5;2;E-A-D-G-B-E;7-4-4-6-0-7;3-1-1-2-0-4;B-C#-F#-C#-B-B;4;"sim; dedo 1 na casa 4, cordas 2 a 3";;5;B;intermediário;"Numeração das cordas no CSV segue a ordem grave→agudo. X=abafada; 0=solta.";Dicionário anexado e voicings normalizados/gerados a partir da afinação padrão.
violao-Bsus2-3;violao;Bsus2;;B;Si;suspenso com segunda;1 2 5;3;E-A-D-G-B-E;7-9-9-6-0-7;2-4-4-1-0-3;B-F#-B-C#-B-B;6;não;;5;B;avançado;"Numeração das cordas no CSV segue a ordem grave→agudo. X=abafada; 0=solta.";Dicionário anexado e voicings normalizados/gerados a partir da afinação padrão.
violao-Bsus4-1;violao;Bsus4;;B;Si;suspenso com quarta;1 4 5;1;E-A-D-G-B-E;7-9-9-9-0-0;1-2-3-4-0-0;B-F#-B-E-B-E;7;não;;5,6;B;avançado;"Numeração das cordas no CSV segue a ordem grave→agudo. X=abafada; 0=solta.";Dicionário anexado e voicings normalizados/gerados a partir da afinação padrão.
violao-Bsus4-2;violao;Bsus4;;B;Si;suspenso com quarta;1 4 5;2;E-A-D-G-B-E;X-2-2-X-0-2;X-1-1-X-0-1;X-B-E-X-B-F#;2;"sim; dedo 1 na casa 2, cordas 2 a 6";1,4;5;B;intermediário;"Numeração das cordas no CSV segue a ordem grave→agudo. X=abafada; 0=solta.";Dicionário anexado e voicings normalizados/gerados a partir da afinação padrão.
violao-Bsus4-3;violao;Bsus4;;B;Si;suspenso com quarta;1 4 5;3;E-A-D-G-B-E;X-2-4-4-0-0;X-1-2-3-0-0;X-B-F#-B-B-E;2;não;1;5,6;B;iniciante;"Numeração das cordas no CSV segue a ordem grave→agudo. X=abafada; 0=solta.";Dicionário anexado e voicings normalizados/gerados a partir da afinação padrão.
violao-Badd9-1;violao;Badd9;;B;Si;com nona adicionada;1 3 5 9;1;E-A-D-G-B-E;7-9-9-8-0-9;1-3-4-2-0-4;B-F#-B-D#-B-C#;7;não;;5;B;avançado;"Numeração das cordas no CSV segue a ordem grave→agudo. X=abafada; 0=solta.";Dicionário anexado e voicings normalizados/gerados a partir da afinação padrão.
violao-Badd9-2;violao;Badd9;;B;Si;com nona adicionada;1 3 5 9;2;E-A-D-G-B-E;7-6-4-6-0-7;4-2-1-3-0-4;B-D#-F#-C#-B-B;4;não;;5;B;intermediário;"Numeração das cordas no CSV segue a ordem grave→agudo. X=abafada; 0=solta.";Dicionário anexado e voicings normalizados/gerados a partir da afinação padrão.
violao-Badd9-3;violao;Badd9;;B;Si;com nona adicionada;1 3 5 9;3;E-A-D-G-B-E;7-6-X-6-7-7;2-1-X-1-3-4;B-D#-X-C#-F#-B;6;"sim; dedo 1 na casa 6, cordas 2 a 4";3;;B;intermediário;"Numeração das cordas no CSV segue a ordem grave→agudo. X=abafada; 0=solta.";Dicionário anexado e voicings normalizados/gerados a partir da afinação padrão.
violao-B9-1;violao;B9;;B;Si;nona dominante;1 3 5 b7 9;1;E-A-D-G-B-E;7-6-7-6-0-7;2-1-3-1-0-4;B-D#-A-C#-B-B;6;"sim; dedo 1 na casa 6, cordas 2 a 4";;5;B;intermediário;"Numeração das cordas no CSV segue a ordem grave→agudo. X=abafada; 0=solta.";Dicionário anexado e voicings normalizados/gerados a partir da afinação padrão.
violao-B9-2;violao;B9;;B;Si;nona dominante;1 3 5 b7 9;2;E-A-D-G-B-E;7-0-7-8-0-9;1-0-1-2-0-3;B-A-A-D#-B-C#;7;"sim; dedo 1 na casa 7, cordas 1 a 3";;2,5;B;avançado;"Numeração das cordas no CSV segue a ordem grave→agudo. X=abafada; 0=solta.";Dicionário anexado e voicings normalizados/gerados a partir da afinação padrão.
violao-B9-3;violao;B9;;B;Si;nona dominante;1 3 5 b7 9;3;E-A-D-G-B-E;7-0-9-8-0-9;1-0-3-2-0-4;B-A-B-D#-B-C#;7;não;;2,5;B;avançado;"Numeração das cordas no CSV segue a ordem grave→agudo. X=abafada; 0=solta.";Dicionário anexado e voicings normalizados/gerados a partir da afinação padrão.
violao-B5-1;violao;B5;;B;Si;quinta (power chord);1 5;1;E-A-D-G-B-E;X-2-4-4-0-2;X-1-2-3-0-1;X-B-F#-B-B-F#;2;"sim; dedo 1 na casa 2, cordas 2 a 6";1;5;B;intermediário;"Numeração das cordas no CSV segue a ordem grave→agudo. X=abafada; 0=solta.";Dicionário anexado e voicings normalizados/gerados a partir da afinação padrão.
violao-B5-2;violao;B5;;B;Si;quinta (power chord);1 5;2;E-A-D-G-B-E;X-2-X-X-0-2;X-1-X-X-0-1;X-B-X-X-B-F#;2;"sim; dedo 1 na casa 2, cordas 2 a 6";1,3,4;5;B;intermediário;"Numeração das cordas no CSV segue a ordem grave→agudo. X=abafada; 0=solta.";Dicionário anexado e voicings normalizados/gerados a partir da afinação padrão.
violao-B5-3;violao;B5;;B;Si;quinta (power chord);1 5;3;E-A-D-G-B-E;7-9-9-X-0-7;1-2-3-X-0-1;B-F#-B-X-B-B;7;"sim; dedo 1 na casa 7, cordas 1 a 6";4;5;B;avançado;"Numeração das cordas no CSV segue a ordem grave→agudo. X=abafada; 0=solta.";Dicionário anexado e voicings normalizados/gerados a partir da afinação padrão.
violao-B7b5-1;violao;B7b5;;B;Si;sétima com quinta diminuta;1 3 b5 b7;1;E-A-D-G-B-E;7-8-7-8-0-7;1-2-1-3-0-1;B-F-A-D#-B-B;7;"sim; dedo 1 na casa 7, cordas 1 a 6";;5;B;avançado;"Numeração das cordas no CSV segue a ordem grave→agudo. X=abafada; 0=solta.";Dicionário anexado e voicings normalizados/gerados a partir da afinação padrão.
violao-B7b5-2;violao;B7b5;;B;Si;sétima com quinta diminuta;1 3 b5 b7;2;E-A-D-G-B-E;X-2-1-2-0-1;X-2-1-3-0-1;X-B-D#-A-B-F;1;"sim; dedo 1 na casa 1, cordas 3 a 6";1;5;B;intermediário;"Numeração das cordas no CSV segue a ordem grave→agudo. X=abafada; 0=solta.";Dicionário anexado e voicings normalizados/gerados a partir da afinação padrão.
violao-B7b5-3;violao;B7b5;;B;Si;sétima com quinta diminuta;1 3 b5 b7;3;E-A-D-G-B-E;7-0-7-8-6-7;2-0-3-4-1-4;B-A-A-D#-F-B;6;não;;2;B;avançado;"Numeração das cordas no CSV segue a ordem grave→agudo. X=abafada; 0=solta.";Dicionário anexado e voicings normalizados/gerados a partir da afinação padrão.
