id;instrumento;acorde;acorde_enarmonico;tonica;tonica_pt;qualidade;formula_intervalar;variacao;afinacao_grave_para_agudo;casas_grave_para_agudo;dedos_grave_para_agudo;notas_resultantes;casa_inicial;pestana;cordas_abafadas;cordas_soltas;baixo;dificuldade;observacoes;fonte
ukulele-C-1;ukulele;C;;C;Dó;maior;1 3 5;1;G-C-E-A;X-0-0-10;X-0-0-1;X-C-E-G;10;não;1;2,3;C;avançado;"Numeração das cordas no CSV segue a ordem grave→agudo. X=abafada; 0=solta.";Dicionário anexado e voicings normalizados/gerados a partir da afinação padrão.
ukulele-C-2;ukulele;C;;C;Dó;maior;1 3 5;2;G-C-E-A;0-0-0-3;0-0-0-1;G-C-E-C;3;não;;1,2,3;G;iniciante;"Numeração das cordas no CSV segue a ordem grave→agudo. X=abafada; 0=solta.";Dicionário anexado e voicings normalizados/gerados a partir da afinação padrão.
ukulele-C-3;ukulele;C;;C;Dó;maior;1 3 5;3;G-C-E-A;0-0-0-X;0-0-0-X;G-C-E-X;0;não;4;1,2,3;G;iniciante;"Numeração das cordas no CSV segue a ordem grave→agudo. X=abafada; 0=solta.";Dicionário anexado e voicings normalizados/gerados a partir da afinação padrão.
ukulele-Cm-1;ukulele;Cm;;C;Dó;menor;1 b3 5;1;G-C-E-A;5-3-3-3;2-1-1-1;C-D#-G-C;3;"sim; dedo 1 na casa 3, cordas 2 a 4";;;C;intermediário;"Numeração das cordas no CSV segue a ordem grave→agudo. X=abafada; 0=solta.";Dicionário anexado e voicings normalizados/gerados a partir da afinação padrão.
ukulele-Cm-2;ukulele;Cm;;C;Dó;menor;1 b3 5;2;G-C-E-A;0-3-3-3;0-1-1-1;G-D#-G-C;3;"sim; dedo 1 na casa 3, cordas 2 a 4";;1;G;intermediário;"Numeração das cordas no CSV segue a ordem grave→agudo. X=abafada; 0=solta.";Dicionário anexado e voicings normalizados/gerados a partir da afinação padrão.
ukulele-Cm-3;ukulele;Cm;;C;Dó;menor;1 b3 5;3;G-C-E-A;5-0-3-6;2-0-1-3;C-C-G-D#;3;não;;2;C;intermediário;"Numeração das cordas no CSV segue a ordem grave→agudo. X=abafada; 0=solta.";Dicionário anexado e voicings normalizados/gerados a partir da afinação padrão.
ukulele-C7-1;ukulele;C7;;C;Dó;sétima dominante;1 3 5 b7;1;G-C-E-A;0-0-0-1;0-0-0-1;G-C-E-A#;1;não;;1,2,3;G;iniciante;"Numeração das cordas no CSV segue a ordem grave→agudo. X=abafada; 0=solta.";Dicionário anexado e voicings normalizados/gerados a partir da afinação padrão.
ukulele-C7-2;ukulele;C7;;C;Dó;sétima dominante;1 3 5 b7;2;G-C-E-A;5-7-6-7;1-3-2-4;C-G-A#-E;5;não;;;C;intermediário;"Numeração das cordas no CSV segue a ordem grave→agudo. X=abafada; 0=solta.";Dicionário anexado e voicings normalizados/gerados a partir da afinação padrão.
ukulele-C7-3;ukulele;C7;;C;Dó;sétima dominante;1 3 5 b7;3;G-C-E-A;0-0-6-7;0-0-1-2;G-C-A#-E;6;não;;1,2;G;intermediário;"Numeração das cordas no CSV segue a ordem grave→agudo. X=abafada; 0=solta.";Dicionário anexado e voicings normalizados/gerados a partir da afinação padrão.
ukulele-Cmaj7-1;ukulele;Cmaj7;;C;Dó;sétima maior;1 3 5 7;1;G-C-E-A;0-0-0-2;0-0-0-1;G-C-E-B;2;não;;1,2,3;G;iniciante;"Numeração das cordas no CSV segue a ordem grave→agudo. X=abafada; 0=solta.";Dicionário anexado e voicings normalizados/gerados a partir da afinação padrão.
ukulele-Cmaj7-2;ukulele;Cmaj7;;C;Dó;sétima maior;1 3 5 7;2;G-C-E-A;0-0-7-7;0-0-1-1;G-C-B-E;7;"sim; dedo 1 na casa 7, cordas 3 a 4";;1,2;G;intermediário;"Numeração das cordas no CSV segue a ordem grave→agudo. X=abafada; 0=solta.";Dicionário anexado e voicings normalizados/gerados a partir da afinação padrão.
ukulele-Cmaj7-3;ukulele;Cmaj7;;C;Dó;sétima maior;1 3 5 7;3;G-C-E-A;5-7-7-7;1-2-3-4;C-G-B-E;5;não;;;C;intermediário;"Numeração das cordas no CSV segue a ordem grave→agudo. X=abafada; 0=solta.";Dicionário anexado e voicings normalizados/gerados a partir da afinação padrão.
ukulele-Cm7-1;ukulele;Cm7;;C;Dó;menor com sétima;1 b3 5 b7;1;G-C-E-A;0-0-6-6;0-0-1-1;G-C-A#-D#;6;"sim; dedo 1 na casa 6, cordas 3 a 4";;1,2;G;intermediário;"Numeração das cordas no CSV segue a ordem grave→agudo. X=abafada; 0=solta.";Dicionário anexado e voicings normalizados/gerados a partir da afinação padrão.
ukulele-Cm7-2;ukulele;Cm7;;C;Dó;menor com sétima;1 b3 5 b7;2;G-C-E-A;5-7-6-6;1-4-2-3;C-G-A#-D#;5;não;;;C;intermediário;"Numeração das cordas no CSV segue a ordem grave→agudo. X=abafada; 0=solta.";Dicionário anexado e voicings normalizados/gerados a partir da afinação padrão.
ukulele-Cm7-3;ukulele;Cm7;;C;Dó;menor com sétima;1 b3 5 b7;3;G-C-E-A;5-3-3-1;4-2-3-1;C-D#-G-A#;1;não;;;C;intermediário;"Numeração das cordas no CSV segue a ordem grave→agudo. X=abafada; 0=solta.";Dicionário anexado e voicings normalizados/gerados a partir da afinação padrão.
ukulele-C6-1;ukulele;C6;;C;Dó;sexta;1 3 5 6;1;G-C-E-A;0-0-0-0;0-0-0-0;G-C-E-A;0;não;;1,2,3,4;G;iniciante;"Numeração das cordas no CSV segue a ordem grave→agudo. X=abafada; 0=solta.";Dicionário anexado e voicings normalizados/gerados a partir da afinação padrão.
ukulele-C6-2;ukulele;C6;;C;Dó;sexta;1 3 5 6;2;G-C-E-A;5-7-0-0;1-2-0-0;C-G-E-A;5;não;;3,4;C;intermediário;"Numeração das cordas no CSV segue a ordem grave→agudo. X=abafada; 0=solta.";Dicionário anexado e voicings normalizados/gerados a partir da afinação padrão.
ukulele-C6-3;ukulele;C6;;C;Dó;sexta;1 3 5 6;3;G-C-E-A;5-4-3-0;3-2-1-0;C-E-G-A;3;não;;4;C;intermediário;"Numeração das cordas no CSV segue a ordem grave→agudo. X=abafada; 0=solta.";Dicionário anexado e voicings normalizados/gerados a partir da afinação padrão.
ukulele-Cm6-1;ukulele;Cm6;;C;Dó;menor com sexta;1 b3 5 6;1;G-C-E-A;5-3-3-0;2-1-1-0;C-D#-G-A;3;"sim; dedo 1 na casa 3, cordas 2 a 3";;4;C;intermediário;"Numeração das cordas no CSV segue a ordem grave→agudo. X=abafada; 0=solta.";Dicionário anexado e voicings normalizados/gerados a partir da afinação padrão.
ukulele-Cm6-2;ukulele;Cm6;;C;Dó;menor com sexta;1 b3 5 6;2;G-C-E-A;5-7-5-6;1-3-1-2;C-G-A-D#;5;"sim; dedo 1 na casa 5, cordas 1 a 3";;;C;intermediário;"Numeração das cordas no CSV segue a ordem grave→agudo. X=abafada; 0=solta.";Dicionário anexado e voicings normalizados/gerados a partir da afinação padrão.
ukulele-Cm6-3;ukulele;Cm6;;C;Dó;menor com sexta;1 b3 5 6;3;G-C-E-A;0-0-5-6;0-0-1-2;G-C-A-D#;5;não;;1,2;G;intermediário;"Numeração das cordas no CSV segue a ordem grave→agudo. X=abafada; 0=solta.";Dicionário anexado e voicings normalizados/gerados a partir da afinação padrão.
ukulele-Cdim-1;ukulele;Cdim;;C;Dó;diminuto;1 b3 b5;1;G-C-E-A;5-6-X-6;1-2-X-3;C-F#-X-D#;5;não;3;;C;intermediário;"Numeração das cordas no CSV segue a ordem grave→agudo. X=abafada; 0=solta.";Dicionário anexado e voicings normalizados/gerados a partir da afinação padrão.
ukulele-Cdim-2;ukulele;Cdim;;C;Dó;diminuto;1 b3 b5;2;G-C-E-A;5-3-2-3;4-2-1-3;C-D#-F#-C;2;não;;;C;intermediário;"Numeração das cordas no CSV segue a ordem grave→agudo. X=abafada; 0=solta.";Dicionário anexado e voicings normalizados/gerados a partir da afinação padrão.
ukulele-Cdim-3;ukulele;Cdim;;C;Dó;diminuto;1 b3 b5;3;G-C-E-A;5-0-2-6;2-0-1-3;C-C-F#-D#;2;não;;2;C;intermediário;"Numeração das cordas no CSV segue a ordem grave→agudo. X=abafada; 0=solta.";Dicionário anexado e voicings normalizados/gerados a partir da afinação padrão.
ukulele-Caug-1;ukulele;Caug;;C;Dó;aumentado;1 3 #5;1;G-C-E-A;5-4-4-3;4-2-3-1;C-E-G#-C;3;não;;;C;intermediário;"Numeração das cordas no CSV segue a ordem grave→agudo. X=abafada; 0=solta.";Dicionário anexado e voicings normalizados/gerados a partir da afinação padrão.
ukulele-Caug-2;ukulele;Caug;;C;Dó;aumentado;1 3 #5;2;G-C-E-A;5-4-4-X;2-1-1-X;C-E-G#-X;4;"sim; dedo 1 na casa 4, cordas 2 a 3";4;;C;intermediário;"Numeração das cordas no CSV segue a ordem grave→agudo. X=abafada; 0=solta.";Dicionário anexado e voicings normalizados/gerados a partir da afinação padrão.
ukulele-Caug-3;ukulele;Caug;;C;Dó;aumentado;1 3 #5;3;G-C-E-A;5-0-4-7;2-0-1-3;C-C-G#-E;4;não;;2;C;intermediário;"Numeração das cordas no CSV segue a ordem grave→agudo. X=abafada; 0=solta.";Dicionário anexado e voicings normalizados/gerados a partir da afinação padrão.
ukulele-Csus2-1;ukulele;Csus2;;C;Dó;suspenso com segunda;1 2 5;1;G-C-E-A;5-0-3-5;2-0-1-3;C-C-G-D;3;não;;2;C;intermediário;"Numeração das cordas no CSV segue a ordem grave→agudo. X=abafada; 0=solta.";Dicionário anexado e voicings normalizados/gerados a partir da afinação padrão.
ukulele-Csus2-2;ukulele;Csus2;;C;Dó;suspenso com segunda;1 2 5;2;G-C-E-A;X-0-10-10;X-0-1-1;X-C-D-G;10;"sim; dedo 1 na casa 10, cordas 3 a 4";1;2;C;avançado;"Numeração das cordas no CSV segue a ordem grave→agudo. X=abafada; 0=solta.";Dicionário anexado e voicings normalizados/gerados a partir da afinação padrão.
ukulele-Csus2-3;ukulele;Csus2;;C;Dó;suspenso com segunda;1 2 5;3;G-C-E-A;X-0-3-5;X-0-1-2;X-C-G-D;3;não;1;2;C;intermediário;"Numeração das cordas no CSV segue a ordem grave→agudo. X=abafada; 0=solta.";Dicionário anexado e voicings normalizados/gerados a partir da afinação padrão.
ukulele-Csus4-1;ukulele;Csus4;;C;Dó;suspenso com quarta;1 4 5;1;G-C-E-A;5-5-3-3;2-3-1-1;C-F-G-C;3;"sim; dedo 1 na casa 3, cordas 3 a 4";;;C;intermediário;"Numeração das cordas no CSV segue a ordem grave→agudo. X=abafada; 0=solta.";Dicionário anexado e voicings normalizados/gerados a partir da afinação padrão.
ukulele-Csus4-2;ukulele;Csus4;;C;Dó;suspenso com quarta;1 4 5;2;G-C-E-A;0-0-1-X;0-0-1-X;G-C-F-X;1;não;4;1,2;G;iniciante;"Numeração das cordas no CSV segue a ordem grave→agudo. X=abafada; 0=solta.";Dicionário anexado e voicings normalizados/gerados a partir da afinação padrão.
ukulele-Csus4-3;ukulele;Csus4;;C;Dó;suspenso com quarta;1 4 5;3;G-C-E-A;0-0-8-8;0-0-1-1;G-C-C-F;8;"sim; dedo 1 na casa 8, cordas 3 a 4";;1,2;G;avançado;"Numeração das cordas no CSV segue a ordem grave→agudo. X=abafada; 0=solta.";Dicionário anexado e voicings normalizados/gerados a partir da afinação padrão.
ukulele-Cadd9-1;ukulele;Cadd9;;C;Dó;com nona adicionada;1 3 5 9;1;G-C-E-A;0-0-0-5;0-0-0-1;G-C-E-D;5;não;;1,2,3;G;intermediário;"Numeração das cordas no CSV segue a ordem grave→agudo. X=abafada; 0=solta.";Dicionário anexado e voicings normalizados/gerados a partir da afinação padrão.
ukulele-Cadd9-2;ukulele;Cadd9;;C;Dó;com nona adicionada;1 3 5 9;2;G-C-E-A;5-7-0-5;1-2-0-1;C-G-E-D;5;"sim; dedo 1 na casa 5, cordas 1 a 4";;3;C;intermediário;"Numeração das cordas no CSV segue a ordem grave→agudo. X=abafada; 0=solta.";Dicionário anexado e voicings normalizados/gerados a partir da afinação padrão.
ukulele-Cadd9-3;ukulele;Cadd9;;C;Dó;com nona adicionada;1 3 5 9;3;G-C-E-A;5-4-3-5;3-2-1-4;C-E-G-D;3;não;;;C;intermediário;"Numeração das cordas no CSV segue a ordem grave→agudo. X=abafada; 0=solta.";Dicionário anexado e voicings normalizados/gerados a partir da afinação padrão.
ukulele-C9-1;ukulele;C9;;C;Dó;nona dominante;1 3 5 b7 9;1;G-C-E-A;5-4-6-5;2-1-4-3;C-E-A#-D;4;não;;;C;intermediário;"Numeração das cordas no CSV segue a ordem grave→agudo. X=abafada; 0=solta.";Dicionário anexado e voicings normalizados/gerados a partir da afinação padrão.
ukulele-C9-2;ukulele;C9;;C;Dó;nona dominante;1 3 5 b7 9;2;G-C-E-A;5-2-0-1;3-2-0-1;C-D-E-A#;1;não;;3;C;intermediário;"Numeração das cordas no CSV segue a ordem grave→agudo. X=abafada; 0=solta.";Dicionário anexado e voicings normalizados/gerados a partir da afinação padrão.
ukulele-C9-3;ukulele;C9;;C;Dó;nona dominante;1 3 5 b7 9;3;G-C-E-A;3-2-0-3;2-1-0-3;A#-D-E-C;2;não;;3;A#;iniciante;"Numeração das cordas no CSV segue a ordem grave→agudo. X=abafada; 0=solta.";Dicionário anexado e voicings normalizados/gerados a partir da afinação padrão.
ukulele-C5-1;ukulele;C5;;C;Dó;quinta (power chord);1 5;1;G-C-E-A;X-0-3-3;X-0-1-1;X-C-G-C;3;"sim; dedo 1 na casa 3, cordas 3 a 4";1;2;C;intermediário;"Numeração das cordas no CSV segue a ordem grave→agudo. X=abafada; 0=solta.";Dicionário anexado e voicings normalizados/gerados a partir da afinação padrão.
ukulele-C5-2;ukulele;C5;;C;Dó;quinta (power chord);1 5;2;G-C-E-A;5-0-3-3;2-0-1-1;C-C-G-C;3;"sim; dedo 1 na casa 3, cordas 3 a 4";;2;C;intermediário;"Numeração das cordas no CSV segue a ordem grave→agudo. X=abafada; 0=solta.";Dicionário anexado e voicings normalizados/gerados a partir da afinação padrão.
ukulele-C5-3;ukulele;C5;;C;Dó;quinta (power chord);1 5;3;G-C-E-A;0-0-3-3;0-0-1-1;G-C-G-C;3;"sim; dedo 1 na casa 3, cordas 3 a 4";;1,2;G;intermediário;"Numeração das cordas no CSV segue a ordem grave→agudo. X=abafada; 0=solta.";Dicionário anexado e voicings normalizados/gerados a partir da afinação padrão.
ukulele-C7b5-1;ukulele;C7b5;;C;Dó;sétima com quinta diminuta;1 3 b5 b7;1;G-C-E-A;5-6-6-7;1-2-3-4;C-F#-A#-E;5;não;;;C;intermediário;"Numeração das cordas no CSV segue a ordem grave→agudo. X=abafada; 0=solta.";Dicionário anexado e voicings normalizados/gerados a partir da afinação padrão.
ukulele-C7b5-2;ukulele;C7b5;;C;Dó;sétima com quinta diminuta;1 3 b5 b7;2;G-C-E-A;5-4-2-1;4-3-2-1;C-E-F#-A#;1;não;;;C;intermediário;"Numeração das cordas no CSV segue a ordem grave→agudo. X=abafada; 0=solta.";Dicionário anexado e voicings normalizados/gerados a partir da afinação padrão.
ukulele-C7b5-3;ukulele;C7b5;;C;Dó;sétima com quinta diminuta;1 3 b5 b7;3;G-C-E-A;3-4-2-3;2-4-1-3;A#-E-F#-C;2;não;;;A#;intermediário;"Numeração das cordas no CSV segue a ordem grave→agudo. X=abafada; 0=solta.";Dicionário anexado e voicings normalizados/gerados a partir da afinação padrão.
ukulele-C#-1;ukulele;C#;Db;C#;Dó sustenido;maior;1 3 5;1;G-C-E-A;6-5-4-4;3-2-1-1;C#-F-G#-C#;4;"sim; dedo 1 na casa 4, cordas 3 a 4";;;C#;intermediário;"Numeração das cordas no CSV segue a ordem grave→agudo. X=abafada; 0=solta.";Dicionário anexado e voicings normalizados/gerados a partir da afinação padrão.
ukulele-C#-2;ukulele;C#;Db;C#;Dó sustenido;maior;1 3 5;2;G-C-E-A;6-5-4-X;3-2-1-X;C#-F-G#-X;4;não;4;;C#;intermediário;"Numeração das cordas no CSV segue a ordem grave→agudo. X=abafada; 0=solta.";Dicionário anexado e voicings normalizados/gerados a partir da afinação padrão.
ukulele-C#-3;ukulele;C#;Db;C#;Dó sustenido;maior;1 3 5;3;G-C-E-A;6-8-9-8;1-2-4-3;C#-G#-C#-F;6;não;;;C#;avançado;"Numeração das cordas no CSV segue a ordem grave→agudo. X=abafada; 0=solta.";Dicionário anexado e voicings normalizados/gerados a partir da afinação padrão.
ukulele-C#m-1;ukulele;C#m;Dbm;C#;Dó sustenido;menor;1 b3 5;1;G-C-E-A;6-8-0-7;1-3-0-2;C#-G#-E-E;6;não;;3;C#;avançado;"Numeração das cordas no CSV segue a ordem grave→agudo. X=abafada; 0=solta.";Dicionário anexado e voicings normalizados/gerados a partir da afinação padrão.
ukulele-C#m-2;ukulele;C#m;Dbm;C#;Dó sustenido;menor;1 b3 5;2;G-C-E-A;6-4-4-4;2-1-1-1;C#-E-G#-C#;4;"sim; dedo 1 na casa 4, cordas 2 a 4";;;C#;intermediário;"Numeração das cordas no CSV segue a ordem grave→agudo. X=abafada; 0=solta.";Dicionário anexado e voicings normalizados/gerados a partir da afinação padrão.
ukulele-C#m-3;ukulele;C#m;Dbm;C#;Dó sustenido;menor;1 b3 5;3;G-C-E-A;6-8-0-X;1-2-0-X;C#-G#-E-X;6;não;4;3;C#;avançado;"Numeração das cordas no CSV segue a ordem grave→agudo. X=abafada; 0=solta.";Dicionário anexado e voicings normalizados/gerados a partir da afinação padrão.
ukulele-C#7-1;ukulele;C#7;Db7;C#;Dó sustenido;sétima dominante;1 3 5 b7;1;G-C-E-A;6-8-7-8;1-3-2-4;C#-G#-B-F;6;não;;;C#;avançado;"Numeração das cordas no CSV segue a ordem grave→agudo. X=abafada; 0=solta.";Dicionário anexado e voicings normalizados/gerados a partir da afinação padrão.
ukulele-C#7-2;ukulele;C#7;Db7;C#;Dó sustenido;sétima dominante;1 3 5 b7;2;G-C-E-A;1-1-1-2;1-1-1-2;G#-C#-F-B;1;"sim; dedo 1 na casa 1, cordas 1 a 3";;;G#;intermediário;"Numeração das cordas no CSV segue a ordem grave→agudo. X=abafada; 0=solta.";Dicionário anexado e voicings normalizados/gerados a partir da afinação padrão.
ukulele-C#7-3;ukulele;C#7;Db7;C#;Dó sustenido;sétima dominante;1 3 5 b7;3;G-C-E-A;6-5-4-2;4-3-2-1;C#-F-G#-B;2;não;;;C#;intermediário;"Numeração das cordas no CSV segue a ordem grave→agudo. X=abafada; 0=solta.";Dicionário anexado e voicings normalizados/gerados a partir da afinação padrão.
ukulele-C#maj7-1;ukulele;C#maj7;Dbmaj7;C#;Dó sustenido;sétima maior;1 3 5 7;1;G-C-E-A;6-8-8-8;1-2-3-4;C#-G#-C-F;6;não;;;C#;avançado;"Numeração das cordas no CSV segue a ordem grave→agudo. X=abafada; 0=solta.";Dicionário anexado e voicings normalizados/gerados a partir da afinação padrão.
ukulele-C#maj7-2;ukulele;C#maj7;Dbmaj7;C#;Dó sustenido;sétima maior;1 3 5 7;2;G-C-E-A;6-5-4-3;4-3-2-1;C#-F-G#-C;3;não;;;C#;intermediário;"Numeração das cordas no CSV segue a ordem grave→agudo. X=abafada; 0=solta.";Dicionário anexado e voicings normalizados/gerados a partir da afinação padrão.
ukulele-C#maj7-3;ukulele;C#maj7;Dbmaj7;C#;Dó sustenido;sétima maior;1 3 5 7;3;G-C-E-A;6-0-4-8;2-0-1-3;C#-C-G#-F;4;não;;2;C#;avançado;"Numeração das cordas no CSV segue a ordem grave→agudo. X=abafada; 0=solta.";Dicionário anexado e voicings normalizados/gerados a partir da afinação padrão.
ukulele-C#m7-1;ukulele;C#m7;Dbm7;C#;Dó sustenido;menor com sétima;1 b3 5 b7;1;G-C-E-A;6-8-7-7;1-4-2-3;C#-G#-B-E;6;não;;;C#;avançado;"Numeração das cordas no CSV segue a ordem grave→agudo. X=abafada; 0=solta.";Dicionário anexado e voicings normalizados/gerados a partir da afinação padrão.
ukulele-C#m7-2;ukulele;C#m7;Dbm7;C#;Dó sustenido;menor com sétima;1 b3 5 b7;2;G-C-E-A;1-1-0-2;1-1-0-2;G#-C#-E-B;1;"sim; dedo 1 na casa 1, cordas 1 a 2";;3;G#;intermediário;"Numeração das cordas no CSV segue a ordem grave→agudo. X=abafada; 0=solta.";Dicionário anexado e voicings normalizados/gerados a partir da afinação padrão.
ukulele-C#m7-3;ukulele;C#m7;Dbm7;C#;Dó sustenido;menor com sétima;1 b3 5 b7;3;G-C-E-A;6-4-4-2;4-2-3-1;C#-E-G#-B;2;não;;;C#;intermediário;"Numeração das cordas no CSV segue a ordem grave→agudo. X=abafada; 0=solta.";Dicionário anexado e voicings normalizados/gerados a partir da afinação padrão.
ukulele-C#6-1;ukulele;C#6;Db6;C#;Dó sustenido;sexta;1 3 5 6;1;G-C-E-A;6-8-6-8;1-2-1-3;C#-G#-A#-F;6;"sim; dedo 1 na casa 6, cordas 1 a 3";;;C#;avançado;"Numeração das cordas no CSV segue a ordem grave→agudo. X=abafada; 0=solta.";Dicionário anexado e voicings normalizados/gerados a partir da afinação padrão.
ukulele-C#6-2;ukulele;C#6;Db6;C#;Dó sustenido;sexta;1 3 5 6;2;G-C-E-A;1-1-1-1;1-1-1-1;G#-C#-F-A#;1;"sim; dedo 1 na casa 1, cordas 1 a 4";;;G#;intermediário;"Numeração das cordas no CSV segue a ordem grave→agudo. X=abafada; 0=solta.";Dicionário anexado e voicings normalizados/gerados a partir da afinação padrão.
ukulele-C#6-3;ukulele;C#6;Db6;C#;Dó sustenido;sexta;1 3 5 6;3;G-C-E-A;3-5-4-4;1-4-2-3;A#-F-G#-C#;3;não;;;A#;intermediário;"Numeração das cordas no CSV segue a ordem grave→agudo. X=abafada; 0=solta.";Dicionário anexado e voicings normalizados/gerados a partir da afinação padrão.
ukulele-C#m6-1;ukulele;C#m6;Dbm6;C#;Dó sustenido;menor com sexta;1 b3 5 6;1;G-C-E-A;1-1-0-1;1-1-0-1;G#-C#-E-A#;1;"sim; dedo 1 na casa 1, cordas 1 a 4";;3;G#;intermediário;"Numeração das cordas no CSV segue a ordem grave→agudo. X=abafada; 0=solta.";Dicionário anexado e voicings normalizados/gerados a partir da afinação padrão.
ukulele-C#m6-2;ukulele;C#m6;Dbm6;C#;Dó sustenido;menor com sexta;1 b3 5 6;2;G-C-E-A;6-8-6-7;1-3-1-2;C#-G#-A#-E;6;"sim; dedo 1 na casa 6, cordas 1 a 3";;;C#;avançado;"Numeração das cordas no CSV segue a ordem grave→agudo. X=abafada; 0=solta.";Dicionário anexado e voicings normalizados/gerados a partir da afinação padrão.
ukulele-C#m6-3;ukulele;C#m6;Dbm6;C#;Dó sustenido;menor com sexta;1 b3 5 6;3;G-C-E-A;3-4-4-4;1-2-3-4;A#-E-G#-C#;3;não;;;A#;intermediário;"Numeração das cordas no CSV segue a ordem grave→agudo. X=abafada; 0=solta.";Dicionário anexado e voicings normalizados/gerados a partir da afinação padrão.
ukulele-C#dim-1;ukulele;C#dim;Dbdim;C#;Dó sustenido;diminuto;1 b3 b5;1;G-C-E-A;6-7-0-7;1-2-0-3;C#-G-E-E;6;não;;3;C#;intermediário;"Numeração das cordas no CSV segue a ordem grave→agudo. X=abafada; 0=solta.";Dicionário anexado e voicings normalizados/gerados a partir da afinação padrão.
ukulele-C#dim-2;ukulele;C#dim;Dbdim;C#;Dó sustenido;diminuto;1 b3 b5;2;G-C-E-A;6-7-0-X;1-2-0-X;C#-G-E-X;6;não;4;3;C#;intermediário;"Numeração das cordas no CSV segue a ordem grave→agudo. X=abafada; 0=solta.";Dicionário anexado e voicings normalizados/gerados a partir da afinação padrão.
ukulele-C#dim-3;ukulele;C#dim;Dbdim;C#;Dó sustenido;diminuto;1 b3 b5;3;G-C-E-A;6-7-0-4;2-3-0-1;C#-G-E-C#;4;não;;3;C#;intermediário;"Numeração das cordas no CSV segue a ordem grave→agudo. X=abafada; 0=solta.";Dicionário anexado e voicings normalizados/gerados a partir da afinação padrão.
ukulele-C#aug-1;ukulele;C#aug;Dbaug;C#;Dó sustenido;aumentado;1 3 #5;1;G-C-E-A;X-1-1-0;X-1-1-0;X-C#-F-A;1;"sim; dedo 1 na casa 1, cordas 2 a 3";1;4;C#;intermediário;"Numeração das cordas no CSV segue a ordem grave→agudo. X=abafada; 0=solta.";Dicionário anexado e voicings normalizados/gerados a partir da afinação padrão.
ukulele-C#aug-2;ukulele;C#aug;Dbaug;C#;Dó sustenido;aumentado;1 3 #5;2;G-C-E-A;6-5-5-0;2-1-1-0;C#-F-A-A;5;"sim; dedo 1 na casa 5, cordas 2 a 3";;4;C#;intermediário;"Numeração das cordas no CSV segue a ordem grave→agudo. X=abafada; 0=solta.";Dicionário anexado e voicings normalizados/gerados a partir da afinação padrão.
ukulele-C#aug-3;ukulele;C#aug;Dbaug;C#;Dó sustenido;aumentado;1 3 #5;3;G-C-E-A;6-5-X-0;2-1-X-0;C#-F-X-A;5;não;3;4;C#;intermediário;"Numeração das cordas no CSV segue a ordem grave→agudo. X=abafada; 0=solta.";Dicionário anexado e voicings normalizados/gerados a partir da afinação padrão.
ukulele-C#sus2-1;ukulele;C#sus2;Dbsus2;C#;Dó sustenido;suspenso com segunda;1 2 5;1;G-C-E-A;6-3-4-4;4-1-2-3;C#-D#-G#-C#;3;não;;;C#;intermediário;"Numeração das cordas no CSV segue a ordem grave→agudo. X=abafada; 0=solta.";Dicionário anexado e voicings normalizados/gerados a partir da afinação padrão.
ukulele-C#sus2-2;ukulele;C#sus2;Dbsus2;C#;Dó sustenido;suspenso com segunda;1 2 5;2;G-C-E-A;6-3-4-6;3-1-2-4;C#-D#-G#-D#;3;não;;;C#;intermediário;"Numeração das cordas no CSV segue a ordem grave→agudo. X=abafada; 0=solta.";Dicionário anexado e voicings normalizados/gerados a partir da afinação padrão.
ukulele-C#sus2-3;ukulele;C#sus2;Dbsus2;C#;Dó sustenido;suspenso com segunda;1 2 5;3;G-C-E-A;6-X-4-6;2-X-1-3;C#-X-G#-D#;4;não;2;;C#;intermediário;"Numeração das cordas no CSV segue a ordem grave→agudo. X=abafada; 0=solta.";Dicionário anexado e voicings normalizados/gerados a partir da afinação padrão.
ukulele-C#sus4-1;ukulele;C#sus4;Dbsus4;C#;Dó sustenido;suspenso com quarta;1 4 5;1;G-C-E-A;6-6-4-4;2-3-1-1;C#-F#-G#-C#;4;"sim; dedo 1 na casa 4, cordas 3 a 4";;;C#;intermediário;"Numeração das cordas no CSV segue a ordem grave→agudo. X=abafada; 0=solta.";Dicionário anexado e voicings normalizados/gerados a partir da afinação padrão.
ukulele-C#sus4-2;ukulele;C#sus4;Dbsus4;C#;Dó sustenido;suspenso com quarta;1 4 5;2;G-C-E-A;6-6-4-X;2-3-1-X;C#-F#-G#-X;4;não;4;;C#;intermediário;"Numeração das cordas no CSV segue a ordem grave→agudo. X=abafada; 0=solta.";Dicionário anexado e voicings normalizados/gerados a partir da afinação padrão.
ukulele-C#sus4-3;ukulele;C#sus4;Dbsus4;C#;Dó sustenido;suspenso com quarta;1 4 5;3;G-C-E-A;6-8-9-9;1-2-3-4;C#-G#-C#-F#;6;não;;;C#;avançado;"Numeração das cordas no CSV segue a ordem grave→agudo. X=abafada; 0=solta.";Dicionário anexado e voicings normalizados/gerados a partir da afinação padrão.
ukulele-C#add9-1;ukulele;C#add9;Dbadd9;C#;Dó sustenido;com nona adicionada;1 3 5 9;1;G-C-E-A;6-5-4-6;3-2-1-4;C#-F-G#-D#;4;não;;;C#;intermediário;"Numeração das cordas no CSV segue a ordem grave→agudo. X=abafada; 0=solta.";Dicionário anexado e voicings normalizados/gerados a partir da afinação padrão.
ukulele-C#add9-2;ukulele;C#add9;Dbadd9;C#;Dó sustenido;com nona adicionada;1 3 5 9;2;G-C-E-A;1-3-1-4;1-2-1-3;G#-D#-F-C#;1;"sim; dedo 1 na casa 1, cordas 1 a 3";;;G#;intermediário;"Numeração das cordas no CSV segue a ordem grave→agudo. X=abafada; 0=solta.";Dicionário anexado e voicings normalizados/gerados a partir da afinação padrão.
ukulele-C#add9-3;ukulele;C#add9;Dbadd9;C#;Dó sustenido;com nona adicionada;1 3 5 9;3;G-C-E-A;8-8-9-8;1-1-2-1;D#-G#-C#-F;8;"sim; dedo 1 na casa 8, cordas 1 a 4";;;D#;avançado;"Numeração das cordas no CSV segue a ordem grave→agudo. X=abafada; 0=solta.";Dicionário anexado e voicings normalizados/gerados a partir da afinação padrão.
ukulele-C#9-1;ukulele;C#9;Db9;C#;Dó sustenido;nona dominante;1 3 5 b7 9;1;G-C-E-A;6-5-7-6;2-1-4-3;C#-F-B-D#;5;não;;;C#;intermediário;"Numeração das cordas no CSV segue a ordem grave→agudo. X=abafada; 0=solta.";Dicionário anexado e voicings normalizados/gerados a partir da afinação padrão.
ukulele-C#9-2;ukulele;C#9;Db9;C#;Dó sustenido;nona dominante;1 3 5 b7 9;2;G-C-E-A;4-3-1-4;3-2-1-4;B-D#-F-C#;1;não;;;B;intermediário;"Numeração das cordas no CSV segue a ordem grave→agudo. X=abafada; 0=solta.";Dicionário anexado e voicings normalizados/gerados a partir da afinação padrão.
ukulele-C#9-3;ukulele;C#9;Db9;C#;Dó sustenido;nona dominante;1 3 5 b7 9;3;G-C-E-A;8-5-7-4;4-2-3-1;D#-F-B-C#;4;não;;;D#;avançado;"Numeração das cordas no CSV segue a ordem grave→agudo. X=abafada; 0=solta.";Dicionário anexado e voicings normalizados/gerados a partir da afinação padrão.
ukulele-C#5-1;ukulele;C#5;Db5;C#;Dó sustenido;quinta (power chord);1 5;1;G-C-E-A;6-X-4-4;2-X-1-1;C#-X-G#-C#;4;"sim; dedo 1 na casa 4, cordas 3 a 4";2;;C#;intermediário;"Numeração das cordas no CSV segue a ordem grave→agudo. X=abafada; 0=solta.";Dicionário anexado e voicings normalizados/gerados a partir da afinação padrão.
ukulele-C#5-2;ukulele;C#5;Db5;C#;Dó sustenido;quinta (power chord);1 5;2;G-C-E-A;X-1-4-4;X-1-2-3;X-C#-G#-C#;1;não;1;;C#;iniciante;"Numeração das cordas no CSV segue a ordem grave→agudo. X=abafada; 0=solta.";Dicionário anexado e voicings normalizados/gerados a partir da afinação padrão.
ukulele-C#5-3;ukulele;C#5;Db5;C#;Dó sustenido;quinta (power chord);1 5;3;G-C-E-A;6-8-4-4;2-3-1-1;C#-G#-G#-C#;4;"sim; dedo 1 na casa 4, cordas 3 a 4";;;C#;avançado;"Numeração das cordas no CSV segue a ordem grave→agudo. X=abafada; 0=solta.";Dicionário anexado e voicings normalizados/gerados a partir da afinação padrão.
ukulele-C#7b5-1;ukulele;C#7b5;Db7b5;C#;Dó sustenido;sétima com quinta diminuta;1 3 b5 b7;1;G-C-E-A;6-7-7-8;1-2-3-4;C#-G-B-F;6;não;;;C#;avançado;"Numeração das cordas no CSV segue a ordem grave→agudo. X=abafada; 0=solta.";Dicionário anexado e voicings normalizados/gerados a partir da afinação padrão.
ukulele-C#7b5-2;ukulele;C#7b5;Db7b5;C#;Dó sustenido;sétima com quinta diminuta;1 3 b5 b7;2;G-C-E-A;6-5-3-2;4-3-2-1;C#-F-G-B;2;não;;;C#;intermediário;"Numeração das cordas no CSV segue a ordem grave→agudo. X=abafada; 0=solta.";Dicionário anexado e voicings normalizados/gerados a partir da afinação padrão.
ukulele-C#7b5-3;ukulele;C#7b5;Db7b5;C#;Dó sustenido;sétima com quinta diminuta;1 3 b5 b7;3;G-C-E-A;0-1-1-2;0-1-1-2;G-C#-F-B;1;"sim; dedo 1 na casa 1, cordas 2 a 3";;1;G;intermediário;"Numeração das cordas no CSV segue a ordem grave→agudo. X=abafada; 0=solta.";Dicionário anexado e voicings normalizados/gerados a partir da afinação padrão.
ukulele-D-1;ukulele;D;;D;Ré;maior;1 3 5;1;G-C-E-A;X-2-2-0;X-1-1-0;X-D-F#-A;2;"sim; dedo 1 na casa 2, cordas 2 a 3";1;4;D;intermediário;"Numeração das cordas no CSV segue a ordem grave→agudo. X=abafada; 0=solta.";Dicionário anexado e voicings normalizados/gerados a partir da afinação padrão.
ukulele-D-2;ukulele;D;;D;Ré;maior;1 3 5;2;G-C-E-A;7-6-5-0;3-2-1-0;D-F#-A-A;5;não;;4;D;intermediário;"Numeração das cordas no CSV segue a ordem grave→agudo. X=abafada; 0=solta.";Dicionário anexado e voicings normalizados/gerados a partir da afinação padrão.
ukulele-D-3;ukulele;D;;D;Ré;maior;1 3 5;3;G-C-E-A;7-6-X-0;2-1-X-0;D-F#-X-A;6;não;3;4;D;intermediário;"Numeração das cordas no CSV segue a ordem grave→agudo. X=abafada; 0=solta.";Dicionário anexado e voicings normalizados/gerados a partir da afinação padrão.
ukulele-Dm-1;ukulele;Dm;;D;Ré;menor;1 b3 5;1;G-C-E-A;X-2-1-0;X-2-1-0;X-D-F-A;1;não;1;4;D;iniciante;"Numeração das cordas no CSV segue a ordem grave→agudo. X=abafada; 0=solta.";Dicionário anexado e voicings normalizados/gerados a partir da afinação padrão.
ukulele-Dm-2;ukulele;Dm;;D;Ré;menor;1 b3 5;2;G-C-E-A;7-5-5-0;2-1-1-0;D-F-A-A;5;"sim; dedo 1 na casa 5, cordas 2 a 3";;4;D;intermediário;"Numeração das cordas no CSV segue a ordem grave→agudo. X=abafada; 0=solta.";Dicionário anexado e voicings normalizados/gerados a partir da afinação padrão.
ukulele-Dm-3;ukulele;Dm;;D;Ré;menor;1 b3 5;3;G-C-E-A;7-5-5-5;2-1-1-1;D-F-A-D;5;"sim; dedo 1 na casa 5, cordas 2 a 4";;;D;intermediário;"Numeração das cordas no CSV segue a ordem grave→agudo. X=abafada; 0=solta.";Dicionário anexado e voicings normalizados/gerados a partir da afinação padrão.
ukulele-D7-1;ukulele;D7;;D;Ré;sétima dominante;1 3 5 b7;1;G-C-E-A;7-6-8-0;2-1-3-0;D-F#-C-A;6;não;;4;D;avançado;"Numeração das cordas no CSV segue a ordem grave→agudo. X=abafada; 0=solta.";Dicionário anexado e voicings normalizados/gerados a partir da afinação padrão.
ukulele-D7-2;ukulele;D7;;D;Ré;sétima dominante;1 3 5 b7;2;G-C-E-A;7-9-8-9;1-3-2-4;D-A-C-F#;7;não;;;D;avançado;"Numeração das cordas no CSV segue a ordem grave→agudo. X=abafada; 0=solta.";Dicionário anexado e voicings normalizados/gerados a partir da afinação padrão.
ukulele-D7-3;ukulele;D7;;D;Ré;sétima dominante;1 3 5 b7;3;G-C-E-A;7-0-5-9;2-0-1-3;D-C-A-F#;5;não;;2;D;avançado;"Numeração das cordas no CSV segue a ordem grave→agudo. X=abafada; 0=solta.";Dicionário anexado e voicings normalizados/gerados a partir da afinação padrão.
ukulele-Dmaj7-1;ukulele;Dmaj7;;D;Ré;sétima maior;1 3 5 7;1;G-C-E-A;7-9-9-9;1-2-3-4;D-A-C#-F#;7;não;;;D;avançado;"Numeração das cordas no CSV segue a ordem grave→agudo. X=abafada; 0=solta.";Dicionário anexado e voicings normalizados/gerados a partir da afinação padrão.
ukulele-Dmaj7-2;ukulele;Dmaj7;;D;Ré;sétima maior;1 3 5 7;2;G-C-E-A;7-6-9-0;2-1-3-0;D-F#-C#-A;6;não;;4;D;avançado;"Numeração das cordas no CSV segue a ordem grave→agudo. X=abafada; 0=solta.";Dicionário anexado e voicings normalizados/gerados a partir da afinação padrão.
ukulele-Dmaj7-3;ukulele;Dmaj7;;D;Ré;sétima maior;1 3 5 7;3;G-C-E-A;7-6-5-4;4-3-2-1;D-F#-A-C#;4;não;;;D;intermediário;"Numeração das cordas no CSV segue a ordem grave→agudo. X=abafada; 0=solta.";Dicionário anexado e voicings normalizados/gerados a partir da afinação padrão.
ukulele-Dm7-1;ukulele;Dm7;;D;Ré;menor com sétima;1 b3 5 b7;1;G-C-E-A;7-0-5-8;2-0-1-3;D-C-A-F;5;não;;2;D;avançado;"Numeração das cordas no CSV segue a ordem grave→agudo. X=abafada; 0=solta.";Dicionário anexado e voicings normalizados/gerados a partir da afinação padrão.
ukulele-Dm7-2;ukulele;Dm7;;D;Ré;menor com sétima;1 b3 5 b7;2;G-C-E-A;7-5-8-0;2-1-3-0;D-F-C-A;5;não;;4;D;avançado;"Numeração das cordas no CSV segue a ordem grave→agudo. X=abafada; 0=solta.";Dicionário anexado e voicings normalizados/gerados a partir da afinação padrão.
ukulele-Dm7-3;ukulele;Dm7;;D;Ré;menor com sétima;1 b3 5 b7;3;G-C-E-A;7-9-8-8;1-4-2-3;D-A-C-F;7;não;;;D;avançado;"Numeração das cordas no CSV segue a ordem grave→agudo. X=abafada; 0=solta.";Dicionário anexado e voicings normalizados/gerados a partir da afinação padrão.
ukulele-D6-1;ukulele;D6;;D;Ré;sexta;1 3 5 6;1;G-C-E-A;7-6-7-0;2-1-3-0;D-F#-B-A;6;não;;4;D;intermediário;"Numeração das cordas no CSV segue a ordem grave→agudo. X=abafada; 0=solta.";Dicionário anexado e voicings normalizados/gerados a partir da afinação padrão.
ukulele-D6-2;ukulele;D6;;D;Ré;sexta;1 3 5 6;2;G-C-E-A;7-9-7-9;1-2-1-3;D-A-B-F#;7;"sim; dedo 1 na casa 7, cordas 1 a 3";;;D;avançado;"Numeração das cordas no CSV segue a ordem grave→agudo. X=abafada; 0=solta.";Dicionário anexado e voicings normalizados/gerados a partir da afinação padrão.
ukulele-D6-3;ukulele;D6;;D;Ré;sexta;1 3 5 6;3;G-C-E-A;2-2-2-2;1-1-1-1;A-D-F#-B;2;"sim; dedo 1 na casa 2, cordas 1 a 4";;;A;intermediário;"Numeração das cordas no CSV segue a ordem grave→agudo. X=abafada; 0=solta.";Dicionário anexado e voicings normalizados/gerados a partir da afinação padrão.
ukulele-Dm6-1;ukulele;Dm6;;D;Ré;menor com sexta;1 b3 5 6;1;G-C-E-A;7-5-7-0;2-1-3-0;D-F-B-A;5;não;;4;D;intermediário;"Numeração das cordas no CSV segue a ordem grave→agudo. X=abafada; 0=solta.";Dicionário anexado e voicings normalizados/gerados a partir da afinação padrão.
ukulele-Dm6-2;ukulele;Dm6;;D;Ré;menor com sexta;1 b3 5 6;2;G-C-E-A;7-9-7-8;1-3-1-2;D-A-B-F;7;"sim; dedo 1 na casa 7, cordas 1 a 3";;;D;avançado;"Numeração das cordas no CSV segue a ordem grave→agudo. X=abafada; 0=solta.";Dicionário anexado e voicings normalizados/gerados a partir da afinação padrão.
ukulele-Dm6-3;ukulele;Dm6;;D;Ré;menor com sexta;1 b3 5 6;3;G-C-E-A;2-2-1-2;2-3-1-4;A-D-F-B;1;não;;;A;intermediário;"Numeração das cordas no CSV segue a ordem grave→agudo. X=abafada; 0=solta.";Dicionário anexado e voicings normalizados/gerados a partir da afinação padrão.
ukulele-Ddim-1;ukulele;Ddim;;D;Ré;diminuto;1 b3 b5;1;G-C-E-A;7-8-X-8;1-2-X-3;D-G#-X-F;7;não;3;;D;avançado;"Numeração das cordas no CSV segue a ordem grave→agudo. X=abafada; 0=solta.";Dicionário anexado e voicings normalizados/gerados a partir da afinação padrão.
ukulele-Ddim-2;ukulele;Ddim;;D;Ré;diminuto;1 b3 b5;2;G-C-E-A;7-5-4-5;4-2-1-3;D-F-G#-D;4;não;;;D;intermediário;"Numeração das cordas no CSV segue a ordem grave→agudo. X=abafada; 0=solta.";Dicionário anexado e voicings normalizados/gerados a partir da afinação padrão.
ukulele-Ddim-3;ukulele;Ddim;;D;Ré;diminuto;1 b3 b5;3;G-C-E-A;7-8-10-8;1-2-4-3;D-G#-D-F;7;não;;;D;avançado;"Numeração das cordas no CSV segue a ordem grave→agudo. X=abafada; 0=solta.";Dicionário anexado e voicings normalizados/gerados a partir da afinação padrão.
ukulele-Daug-1;ukulele;Daug;;D;Ré;aumentado;1 3 #5;1;G-C-E-A;X-2-2-1;X-2-3-1;X-D-F#-A#;1;não;1;;D;iniciante;"Numeração das cordas no CSV segue a ordem grave→agudo. X=abafada; 0=solta.";Dicionário anexado e voicings normalizados/gerados a partir da afinação padrão.
ukulele-Daug-2;ukulele;Daug;;D;Ré;aumentado;1 3 #5;2;G-C-E-A;7-6-6-5;4-2-3-1;D-F#-A#-D;5;não;;;D;intermediário;"Numeração das cordas no CSV segue a ordem grave→agudo. X=abafada; 0=solta.";Dicionário anexado e voicings normalizados/gerados a partir da afinação padrão.
ukulele-Daug-3;ukulele;Daug;;D;Ré;aumentado;1 3 #5;3;G-C-E-A;7-6-6-X;2-1-1-X;D-F#-A#-X;6;"sim; dedo 1 na casa 6, cordas 2 a 3";4;;D;intermediário;"Numeração das cordas no CSV segue a ordem grave→agudo. X=abafada; 0=solta.";Dicionário anexado e voicings normalizados/gerados a partir da afinação padrão.
ukulele-Dsus2-1;ukulele;Dsus2;;D;Ré;suspenso com segunda;1 2 5;1;G-C-E-A;X-2-0-0;X-1-0-0;X-D-E-A;2;não;1;3,4;D;iniciante;"Numeração das cordas no CSV segue a ordem grave→agudo. X=abafada; 0=solta.";Dicionário anexado e voicings normalizados/gerados a partir da afinação padrão.
ukulele-Dsus2-2;ukulele;Dsus2;;D;Ré;suspenso com segunda;1 2 5;2;G-C-E-A;7-X-0-0;1-X-0-0;D-X-E-A;7;não;2;3,4;D;intermediário;"Numeração das cordas no CSV segue a ordem grave→agudo. X=abafada; 0=solta.";Dicionário anexado e voicings normalizados/gerados a partir da afinação padrão.
ukulele-Dsus2-3;ukulele;Dsus2;;D;Ré;suspenso com segunda;1 2 5;3;G-C-E-A;7-9-0-0;1-2-0-0;D-A-E-A;7;não;;3,4;D;avançado;"Numeração das cordas no CSV segue a ordem grave→agudo. X=abafada; 0=solta.";Dicionário anexado e voicings normalizados/gerados a partir da afinação padrão.
ukulele-Dsus4-1;ukulele;Dsus4;;D;Ré;suspenso com quarta;1 4 5;1;G-C-E-A;7-7-X-0;1-1-X-0;D-G-X-A;7;"sim; dedo 1 na casa 7, cordas 1 a 2";3;4;D;intermediário;"Numeração das cordas no CSV segue a ordem grave→agudo. X=abafada; 0=solta.";Dicionário anexado e voicings normalizados/gerados a partir da afinação padrão.
ukulele-Dsus4-2;ukulele;Dsus4;;D;Ré;suspenso com quarta;1 4 5;2;G-C-E-A;X-2-3-0;X-1-2-0;X-D-G-A;2;não;1;4;D;iniciante;"Numeração das cordas no CSV segue a ordem grave→agudo. X=abafada; 0=solta.";Dicionário anexado e voicings normalizados/gerados a partir da afinação padrão.
ukulele-Dsus4-3;ukulele;Dsus4;;D;Ré;suspenso com quarta;1 4 5;3;G-C-E-A;7-7-5-0;2-3-1-0;D-G-A-A;5;não;;4;D;intermediário;"Numeração das cordas no CSV segue a ordem grave→agudo. X=abafada; 0=solta.";Dicionário anexado e voicings normalizados/gerados a partir da afinação padrão.
ukulele-Dadd9-1;ukulele;Dadd9;;D;Ré;com nona adicionada;1 3 5 9;1;G-C-E-A;7-6-0-0;2-1-0-0;D-F#-E-A;6;não;;3,4;D;intermediário;"Numeração das cordas no CSV segue a ordem grave→agudo. X=abafada; 0=solta.";Dicionário anexado e voicings normalizados/gerados a partir da afinação padrão.
ukulele-Dadd9-2;ukulele;Dadd9;;D;Ré;com nona adicionada;1 3 5 9;2;G-C-E-A;7-9-0-9;1-2-0-3;D-A-E-F#;7;não;;3;D;avançado;"Numeração das cordas no CSV segue a ordem grave→agudo. X=abafada; 0=solta.";Dicionário anexado e voicings normalizados/gerados a partir da afinação padrão.
ukulele-Dadd9-3;ukulele;Dadd9;;D;Ré;com nona adicionada;1 3 5 9;3;G-C-E-A;7-6-5-7;3-2-1-4;D-F#-A-E;5;não;;;D;intermediário;"Numeração das cordas no CSV segue a ordem grave→agudo. X=abafada; 0=solta.";Dicionário anexado e voicings normalizados/gerados a partir da afinação padrão.
ukulele-D9-1;ukulele;D9;;D;Ré;nona dominante;1 3 5 b7 9;1;G-C-E-A;7-0-0-9;1-0-0-2;D-C-E-F#;7;não;;2,3;D;avançado;"Numeração das cordas no CSV segue a ordem grave→agudo. X=abafada; 0=solta.";Dicionário anexado e voicings normalizados/gerados a partir da afinação padrão.
ukulele-D9-2;ukulele;D9;;D;Ré;nona dominante;1 3 5 b7 9;2;G-C-E-A;7-6-8-7;2-1-4-3;D-F#-C-E;6;não;;;D;avançado;"Numeração das cordas no CSV segue a ordem grave→agudo. X=abafada; 0=solta.";Dicionário anexado e voicings normalizados/gerados a partir da afinação padrão.
ukulele-D9-3;ukulele;D9;;D;Ré;nona dominante;1 3 5 b7 9;3;G-C-E-A;7-6-0-3;3-2-0-1;D-F#-E-C;3;não;;3;D;intermediário;"Numeração das cordas no CSV segue a ordem grave→agudo. X=abafada; 0=solta.";Dicionário anexado e voicings normalizados/gerados a partir da afinação padrão.
ukulele-D5-1;ukulele;D5;;D;Ré;quinta (power chord);1 5;1;G-C-E-A;7-X-5-0;2-X-1-0;D-X-A-A;5;não;2;4;D;intermediário;"Numeração das cordas no CSV segue a ordem grave→agudo. X=abafada; 0=solta.";Dicionário anexado e voicings normalizados/gerados a partir da afinação padrão.
ukulele-D5-2;ukulele;D5;;D;Ré;quinta (power chord);1 5;2;G-C-E-A;7-9-10-0;1-2-3-0;D-A-D-A;7;não;;4;D;avançado;"Numeração das cordas no CSV segue a ordem grave→agudo. X=abafada; 0=solta.";Dicionário anexado e voicings normalizados/gerados a partir da afinação padrão.
ukulele-D5-3;ukulele;D5;;D;Ré;quinta (power chord);1 5;3;G-C-E-A;7-9-X-0;1-2-X-0;D-A-X-A;7;não;3;4;D;avançado;"Numeração das cordas no CSV segue a ordem grave→agudo. X=abafada; 0=solta.";Dicionário anexado e voicings normalizados/gerados a partir da afinação padrão.
ukulele-D7b5-1;ukulele;D7b5;;D;Ré;sétima com quinta diminuta;1 3 b5 b7;1;G-C-E-A;7-8-8-9;1-2-3-4;D-G#-C-F#;7;não;;;D;avançado;"Numeração das cordas no CSV segue a ordem grave→agudo. X=abafada; 0=solta.";Dicionário anexado e voicings normalizados/gerados a partir da afinação padrão.
ukulele-D7b5-2;ukulele;D7b5;;D;Ré;sétima com quinta diminuta;1 3 b5 b7;2;G-C-E-A;7-6-4-3;4-3-2-1;D-F#-G#-C;3;não;;;D;intermediário;"Numeração das cordas no CSV segue a ordem grave→agudo. X=abafada; 0=solta.";Dicionário anexado e voicings normalizados/gerados a partir da afinação padrão.
ukulele-D7b5-3;ukulele;D7b5;;D;Ré;sétima com quinta diminuta;1 3 b5 b7;3;G-C-E-A;1-2-2-3;1-2-3-4;G#-D-F#-C;1;não;;;G#;intermediário;"Numeração das cordas no CSV segue a ordem grave→agudo. X=abafada; 0=solta.";Dicionário anexado e voicings normalizados/gerados a partir da afinação padrão.
ukulele-D#-1;ukulele;D#;Eb;D#;Ré sustenido;maior;1 3 5;1;G-C-E-A;8-7-6-6;3-2-1-1;D#-G-A#-D#;6;"sim; dedo 1 na casa 6, cordas 3 a 4";;;D#;avançado;"Numeração das cordas no CSV segue a ordem grave→agudo. X=abafada; 0=solta.";Dicionário anexado e voicings normalizados/gerados a partir da afinação padrão.
ukulele-D#-2;ukulele;D#;Eb;D#;Ré sustenido;maior;1 3 5;2;G-C-E-A;X-3-3-1;X-2-3-1;X-D#-G-A#;1;não;1;;D#;iniciante;"Numeração das cordas no CSV segue a ordem grave→agudo. X=abafada; 0=solta.";Dicionário anexado e voicings normalizados/gerados a partir da afinação padrão.
ukulele-D#-3;ukulele;D#;Eb;D#;Ré sustenido;maior;1 3 5;3;G-C-E-A;8-7-6-X;3-2-1-X;D#-G-A#-X;6;não;4;;D#;avançado;"Numeração das cordas no CSV segue a ordem grave→agudo. X=abafada; 0=solta.";Dicionário anexado e voicings normalizados/gerados a partir da afinação padrão.
ukulele-D#m-1;ukulele;D#m;Ebm;D#;Ré sustenido;menor;1 b3 5;1;G-C-E-A;8-6-6-6;2-1-1-1;D#-F#-A#-D#;6;"sim; dedo 1 na casa 6, cordas 2 a 4";;;D#;avançado;"Numeração das cordas no CSV segue a ordem grave→agudo. X=abafada; 0=solta.";Dicionário anexado e voicings normalizados/gerados a partir da afinação padrão.
ukulele-D#m-2;ukulele;D#m;Ebm;D#;Ré sustenido;menor;1 b3 5;2;G-C-E-A;X-3-2-1;X-3-2-1;X-D#-F#-A#;1;não;1;;D#;iniciante;"Numeração das cordas no CSV segue a ordem grave→agudo. X=abafada; 0=solta.";Dicionário anexado e voicings normalizados/gerados a partir da afinação padrão.
ukulele-D#m-3;ukulele;D#m;Ebm;D#;Ré sustenido;menor;1 b3 5;3;G-C-E-A;8-6-6-9;2-1-1-3;D#-F#-A#-F#;6;"sim; dedo 1 na casa 6, cordas 2 a 3";;;D#;avançado;"Numeração das cordas no CSV segue a ordem grave→agudo. X=abafada; 0=solta.";Dicionário anexado e voicings normalizados/gerados a partir da afinação padrão.
ukulele-D#7-1;ukulele;D#7;Eb7;D#;Ré sustenido;sétima dominante;1 3 5 b7;1;G-C-E-A;8-10-9-10;1-3-2-4;D#-A#-C#-G;8;não;;;D#;avançado;"Numeração das cordas no CSV segue a ordem grave→agudo. X=abafada; 0=solta.";Dicionário anexado e voicings normalizados/gerados a partir da afinação padrão.
ukulele-D#7-2;ukulele;D#7;Eb7;D#;Ré sustenido;sétima dominante;1 3 5 b7;2;G-C-E-A;3-3-3-4;1-1-1-2;A#-D#-G-C#;3;"sim; dedo 1 na casa 3, cordas 1 a 3";;;A#;intermediário;"Numeração das cordas no CSV segue a ordem grave→agudo. X=abafada; 0=solta.";Dicionário anexado e voicings normalizados/gerados a partir da afinação padrão.
ukulele-D#7-3;ukulele;D#7;Eb7;D#;Ré sustenido;sétima dominante;1 3 5 b7;3;G-C-E-A;8-7-6-4;4-3-2-1;D#-G-A#-C#;4;não;;;D#;avançado;"Numeração das cordas no CSV segue a ordem grave→agudo. X=abafada; 0=solta.";Dicionário anexado e voicings normalizados/gerados a partir da afinação padrão.
ukulele-D#maj7-1;ukulele;D#maj7;Ebmaj7;D#;Ré sustenido;sétima maior;1 3 5 7;1;G-C-E-A;8-10-10-10;1-2-3-4;D#-A#-D-G;8;não;;;D#;avançado;"Numeração das cordas no CSV segue a ordem grave→agudo. X=abafada; 0=solta.";Dicionário anexado e voicings normalizados/gerados a partir da afinação padrão.
ukulele-D#maj7-2;ukulele;D#maj7;Ebmaj7;D#;Ré sustenido;sétima maior;1 3 5 7;2;G-C-E-A;8-7-6-5;4-3-2-1;D#-G-A#-D;5;não;;;D#;avançado;"Numeração das cordas no CSV segue a ordem grave→agudo. X=abafada; 0=solta.";Dicionário anexado e voicings normalizados/gerados a partir da afinação padrão.
ukulele-D#maj7-3;ukulele;D#maj7;Ebmaj7;D#;Ré sustenido;sétima maior;1 3 5 7;3;G-C-E-A;3-3-3-5;1-1-1-2;A#-D#-G-D;3;"sim; dedo 1 na casa 3, cordas 1 a 3";;;A#;intermediário;"Numeração das cordas no CSV segue a ordem grave→agudo. X=abafada; 0=solta.";Dicionário anexado e voicings normalizados/gerados a partir da afinação padrão.
ukulele-D#m7-1;ukulele;D#m7;Ebm7;D#;Ré sustenido;menor com sétima;1 b3 5 b7;1;G-C-E-A;8-10-9-9;1-4-2-3;D#-A#-C#-F#;8;não;;;D#;avançado;"Numeração das cordas no CSV segue a ordem grave→agudo. X=abafada; 0=solta.";Dicionário anexado e voicings normalizados/gerados a partir da afinação padrão.
ukulele-D#m7-2;ukulele;D#m7;Ebm7;D#;Ré sustenido;menor com sétima;1 b3 5 b7;2;G-C-E-A;8-6-6-4;4-2-3-1;D#-F#-A#-C#;4;não;;;D#;avançado;"Numeração das cordas no CSV segue a ordem grave→agudo. X=abafada; 0=solta.";Dicionário anexado e voicings normalizados/gerados a partir da afinação padrão.
ukulele-D#m7-3;ukulele;D#m7;Ebm7;D#;Ré sustenido;menor com sétima;1 b3 5 b7;3;G-C-E-A;3-3-2-4;2-3-1-4;A#-D#-F#-C#;2;não;;;A#;intermediário;"Numeração das cordas no CSV segue a ordem grave→agudo. X=abafada; 0=solta.";Dicionário anexado e voicings normalizados/gerados a partir da afinação padrão.
ukulele-D#6-1;ukulele;D#6;Eb6;D#;Ré sustenido;sexta;1 3 5 6;1;G-C-E-A;8-10-8-10;1-2-1-3;D#-A#-C-G;8;"sim; dedo 1 na casa 8, cordas 1 a 3";;;D#;avançado;"Numeração das cordas no CSV segue a ordem grave→agudo. X=abafada; 0=solta.";Dicionário anexado e voicings normalizados/gerados a partir da afinação padrão.
ukulele-D#6-2;ukulele;D#6;Eb6;D#;Ré sustenido;sexta;1 3 5 6;2;G-C-E-A;3-3-3-3;1-1-1-1;A#-D#-G-C;3;"sim; dedo 1 na casa 3, cordas 1 a 4";;;A#;intermediário;"Numeração das cordas no CSV segue a ordem grave→agudo. X=abafada; 0=solta.";Dicionário anexado e voicings normalizados/gerados a partir da afinação padrão.
ukulele-D#6-3;ukulele;D#6;Eb6;D#;Ré sustenido;sexta;1 3 5 6;3;G-C-E-A;8-0-6-10;2-0-1-3;D#-C-A#-G;6;não;;2;D#;avançado;"Numeração das cordas no CSV segue a ordem grave→agudo. X=abafada; 0=solta.";Dicionário anexado e voicings normalizados/gerados a partir da afinação padrão.
ukulele-D#m6-1;ukulele;D#m6;Ebm6;D#;Ré sustenido;menor com sexta;1 b3 5 6;1;G-C-E-A;8-0-6-9;2-0-1-3;D#-C-A#-F#;6;não;;2;D#;avançado;"Numeração das cordas no CSV segue a ordem grave→agudo. X=abafada; 0=solta.";Dicionário anexado e voicings normalizados/gerados a partir da afinação padrão.
ukulele-D#m6-2;ukulele;D#m6;Ebm6;D#;Ré sustenido;menor com sexta;1 b3 5 6;2;G-C-E-A;8-10-8-9;1-3-1-2;D#-A#-C-F#;8;"sim; dedo 1 na casa 8, cordas 1 a 3";;;D#;avançado;"Numeração das cordas no CSV segue a ordem grave→agudo. X=abafada; 0=solta.";Dicionário anexado e voicings normalizados/gerados a partir da afinação padrão.
ukulele-D#m6-3;ukulele;D#m6;Ebm6;D#;Ré sustenido;menor com sexta;1 b3 5 6;3;G-C-E-A;3-3-2-3;2-3-1-4;A#-D#-F#-C;2;não;;;A#;intermediário;"Numeração das cordas no CSV segue a ordem grave→agudo. X=abafada; 0=solta.";Dicionário anexado e voicings normalizados/gerados a partir da afinação padrão.
ukulele-D#dim-1;ukulele;D#dim;Ebdim;D#;Ré sustenido;diminuto;1 b3 b5;1;G-C-E-A;X-3-2-0;X-2-1-0;X-D#-F#-A;2;não;1;4;D#;iniciante;"Numeração das cordas no CSV segue a ordem grave→agudo. X=abafada; 0=solta.";Dicionário anexado e voicings normalizados/gerados a partir da afinação padrão.
ukulele-D#dim-2;ukulele;D#dim;Ebdim;D#;Ré sustenido;diminuto;1 b3 b5;2;G-C-E-A;8-6-5-0;3-2-1-0;D#-F#-A-A;5;não;;4;D#;avançado;"Numeração das cordas no CSV segue a ordem grave→agudo. X=abafada; 0=solta.";Dicionário anexado e voicings normalizados/gerados a partir da afinação padrão.
ukulele-D#dim-3;ukulele;D#dim;Ebdim;D#;Ré sustenido;diminuto;1 b3 b5;3;G-C-E-A;8-6-X-0;2-1-X-0;D#-F#-X-A;6;não;3;4;D#;avançado;"Numeração das cordas no CSV segue a ordem grave→agudo. X=abafada; 0=solta.";Dicionário anexado e voicings normalizados/gerados a partir da afinação padrão.
ukulele-D#aug-1;ukulele;D#aug;Ebaug;D#;Ré sustenido;aumentado;1 3 #5;1;G-C-E-A;X-3-3-2;X-2-3-1;X-D#-G-B;2;não;1;;D#;iniciante;"Numeração das cordas no CSV segue a ordem grave→agudo. X=abafada; 0=solta.";Dicionário anexado e voicings normalizados/gerados a partir da afinação padrão.
ukulele-D#aug-2;ukulele;D#aug;Ebaug;D#;Ré sustenido;aumentado;1 3 #5;2;G-C-E-A;8-7-7-6;4-2-3-1;D#-G-B-D#;6;não;;;D#;avançado;"Numeração das cordas no CSV segue a ordem grave→agudo. X=abafada; 0=solta.";Dicionário anexado e voicings normalizados/gerados a partir da afinação padrão.
ukulele-D#aug-3;ukulele;D#aug;Ebaug;D#;Ré sustenido;aumentado;1 3 #5;3;G-C-E-A;8-7-7-X;2-1-1-X;D#-G-B-X;7;"sim; dedo 1 na casa 7, cordas 2 a 3";4;;D#;avançado;"Numeração das cordas no CSV segue a ordem grave→agudo. X=abafada; 0=solta.";Dicionário anexado e voicings normalizados/gerados a partir da afinação padrão.
ukulele-D#sus2-1;ukulele;D#sus2;Ebsus2;D#;Ré sustenido;suspenso com segunda;1 2 5;1;G-C-E-A;X-3-1-1;X-2-1-1;X-D#-F-A#;1;"sim; dedo 1 na casa 1, cordas 3 a 4";1;;D#;intermediário;"Numeração das cordas no CSV segue a ordem grave→agudo. X=abafada; 0=solta.";Dicionário anexado e voicings normalizados/gerados a partir da afinação padrão.
ukulele-D#sus2-2;ukulele;D#sus2;Ebsus2;D#;Ré sustenido;suspenso com segunda;1 2 5;2;G-C-E-A;8-5-6-6;4-1-2-3;D#-F-A#-D#;5;não;;;D#;avançado;"Numeração das cordas no CSV segue a ordem grave→agudo. X=abafada; 0=solta.";Dicionário anexado e voicings normalizados/gerados a partir da afinação padrão.
ukulele-D#sus2-3;ukulele;D#sus2;Ebsus2;D#;Ré sustenido;suspenso com segunda;1 2 5;3;G-C-E-A;8-5-6-8;3-1-2-4;D#-F-A#-F;5;não;;;D#;avançado;"Numeração das cordas no CSV segue a ordem grave→agudo. X=abafada; 0=solta.";Dicionário anexado e voicings normalizados/gerados a partir da afinação padrão.
ukulele-D#sus4-1;ukulele;D#sus4;Ebsus4;D#;Ré sustenido;suspenso com quarta;1 4 5;1;G-C-E-A;8-8-6-6;2-3-1-1;D#-G#-A#-D#;6;"sim; dedo 1 na casa 6, cordas 3 a 4";;;D#;avançado;"Numeração das cordas no CSV segue a ordem grave→agudo. X=abafada; 0=solta.";Dicionário anexado e voicings normalizados/gerados a partir da afinação padrão.
ukulele-D#sus4-2;ukulele;D#sus4;Ebsus4;D#;Ré sustenido;suspenso com quarta;1 4 5;2;G-C-E-A;8-8-6-X;2-3-1-X;D#-G#-A#-X;6;não;4;;D#;avançado;"Numeração das cordas no CSV segue a ordem grave→agudo. X=abafada; 0=solta.";Dicionário anexado e voicings normalizados/gerados a partir da afinação padrão.
ukulele-D#sus4-3;ukulele;D#sus4;Ebsus4;D#;Ré sustenido;suspenso com quarta;1 4 5;3;G-C-E-A;X-3-4-1;X-2-3-1;X-D#-G#-A#;1;não;1;;D#;iniciante;"Numeração das cordas no CSV segue a ordem grave→agudo. X=abafada; 0=solta.";Dicionário anexado e voicings normalizados/gerados a partir da afinação padrão.
ukulele-D#add9-1;ukulele;D#add9;Ebadd9;D#;Ré sustenido;com nona adicionada;1 3 5 9;1;G-C-E-A;8-7-6-8;3-2-1-4;D#-G-A#-F;6;não;;;D#;avançado;"Numeração das cordas no CSV segue a ordem grave→agudo. X=abafada; 0=solta.";Dicionário anexado e voicings normalizados/gerados a partir da afinação padrão.
ukulele-D#add9-2;ukulele;D#add9;Ebadd9;D#;Ré sustenido;com nona adicionada;1 3 5 9;2;G-C-E-A;3-5-3-6;1-2-1-3;A#-F-G-D#;3;"sim; dedo 1 na casa 3, cordas 1 a 3";;;A#;intermediário;"Numeração das cordas no CSV segue a ordem grave→agudo. X=abafada; 0=solta.";Dicionário anexado e voicings normalizados/gerados a partir da afinação padrão.
ukulele-D#add9-3;ukulele;D#add9;Ebadd9;D#;Ré sustenido;com nona adicionada;1 3 5 9;3;G-C-E-A;0-5-6-6;0-1-2-3;G-F-A#-D#;5;não;;1;G;intermediário;"Numeração das cordas no CSV segue a ordem grave→agudo. X=abafada; 0=solta.";Dicionário anexado e voicings normalizados/gerados a partir da afinação padrão.
ukulele-D#9-1;ukulele;D#9;Eb9;D#;Ré sustenido;nona dominante;1 3 5 b7 9;1;G-C-E-A;8-7-9-8;2-1-4-3;D#-G-C#-F;7;não;;;D#;avançado;"Numeração das cordas no CSV segue a ordem grave→agudo. X=abafada; 0=solta.";Dicionário anexado e voicings normalizados/gerados a partir da afinação padrão.
ukulele-D#9-2;ukulele;D#9;Eb9;D#;Ré sustenido;nona dominante;1 3 5 b7 9;2;G-C-E-A;0-3-1-4;0-2-1-3;G-D#-F-C#;1;não;;1;G;iniciante;"Numeração das cordas no CSV segue a ordem grave→agudo. X=abafada; 0=solta.";Dicionário anexado e voicings normalizados/gerados a partir da afinação padrão.
ukulele-D#9-3;ukulele;D#9;Eb9;D#;Ré sustenido;nona dominante;1 3 5 b7 9;3;G-C-E-A;6-5-3-6;3-2-1-4;C#-F-G-D#;3;não;;;C#;intermediário;"Numeração das cordas no CSV segue a ordem grave→agudo. X=abafada; 0=solta.";Dicionário anexado e voicings normalizados/gerados a partir da afinação padrão.
ukulele-D#5-1;ukulele;D#5;Eb5;D#;Ré sustenido;quinta (power chord);1 5;1;G-C-E-A;8-X-6-6;2-X-1-1;D#-X-A#-D#;6;"sim; dedo 1 na casa 6, cordas 3 a 4";2;;D#;avançado;"Numeração das cordas no CSV segue a ordem grave→agudo. X=abafada; 0=solta.";Dicionário anexado e voicings normalizados/gerados a partir da afinação padrão.
ukulele-D#5-2;ukulele;D#5;Eb5;D#;Ré sustenido;quinta (power chord);1 5;2;G-C-E-A;X-3-6-6;X-1-2-3;X-D#-A#-D#;3;não;1;;D#;intermediário;"Numeração das cordas no CSV segue a ordem grave→agudo. X=abafada; 0=solta.";Dicionário anexado e voicings normalizados/gerados a partir da afinação padrão.
ukulele-D#5-3;ukulele;D#5;Eb5;D#;Ré sustenido;quinta (power chord);1 5;3;G-C-E-A;8-10-6-6;2-3-1-1;D#-A#-A#-D#;6;"sim; dedo 1 na casa 6, cordas 3 a 4";;;D#;avançado;"Numeração das cordas no CSV segue a ordem grave→agudo. X=abafada; 0=solta.";Dicionário anexado e voicings normalizados/gerados a partir da afinação padrão.
ukulele-D#7b5-1;ukulele;D#7b5;Eb7b5;D#;Ré sustenido;sétima com quinta diminuta;1 3 b5 b7;1;G-C-E-A;8-7-9-0;2-1-3-0;D#-G-C#-A;7;não;;4;D#;avançado;"Numeração das cordas no CSV segue a ordem grave→agudo. X=abafada; 0=solta.";Dicionário anexado e voicings normalizados/gerados a partir da afinação padrão.
ukulele-D#7b5-2;ukulele;D#7b5;Eb7b5;D#;Ré sustenido;sétima com quinta diminuta;1 3 b5 b7;2;G-C-E-A;8-9-9-10;1-2-3-4;D#-A-C#-G;8;não;;;D#;avançado;"Numeração das cordas no CSV segue a ordem grave→agudo. X=abafada; 0=solta.";Dicionário anexado e voicings normalizados/gerados a partir da afinação padrão.
ukulele-D#7b5-3;ukulele;D#7b5;Eb7b5;D#;Ré sustenido;sétima com quinta diminuta;1 3 b5 b7;3;G-C-E-A;8-7-5-4;4-3-2-1;D#-G-A-C#;4;não;;;D#;avançado;"Numeração das cordas no CSV segue a ordem grave→agudo. X=abafada; 0=solta.";Dicionário anexado e voicings normalizados/gerados a partir da afinação padrão.
ukulele-E-1;ukulele;E;;E;Mi;maior;1 3 5;1;G-C-E-A;9-8-7-7;3-2-1-1;E-G#-B-E;7;"sim; dedo 1 na casa 7, cordas 3 a 4";;;E;avançado;"Numeração das cordas no CSV segue a ordem grave→agudo. X=abafada; 0=solta.";Dicionário anexado e voicings normalizados/gerados a partir da afinação padrão.
ukulele-E-2;ukulele;E;;E;Mi;maior;1 3 5;2;G-C-E-A;X-4-4-2;X-2-3-1;X-E-G#-B;2;não;1;;E;iniciante;"Numeração das cordas no CSV segue a ordem grave→agudo. X=abafada; 0=solta.";Dicionário anexado e voicings normalizados/gerados a partir da afinação padrão.
ukulele-E-3;ukulele;E;;E;Mi;maior;1 3 5;3;G-C-E-A;9-8-7-X;3-2-1-X;E-G#-B-X;7;não;4;;E;avançado;"Numeração das cordas no CSV segue a ordem grave→agudo. X=abafada; 0=solta.";Dicionário anexado e voicings normalizados/gerados a partir da afinação padrão.
ukulele-Em-1;ukulele;Em;;E;Mi;menor;1 b3 5;1;G-C-E-A;9-7-7-7;2-1-1-1;E-G-B-E;7;"sim; dedo 1 na casa 7, cordas 2 a 4";;;E;avançado;"Numeração das cordas no CSV segue a ordem grave→agudo. X=abafada; 0=solta.";Dicionário anexado e voicings normalizados/gerados a partir da afinação padrão.
ukulele-Em-2;ukulele;Em;;E;Mi;menor;1 b3 5;2;G-C-E-A;X-4-3-2;X-3-2-1;X-E-G-B;2;não;1;;E;iniciante;"Numeração das cordas no CSV segue a ordem grave→agudo. X=abafada; 0=solta.";Dicionário anexado e voicings normalizados/gerados a partir da afinação padrão.
ukulele-Em-3;ukulele;Em;;E;Mi;menor;1 b3 5;3;G-C-E-A;9-7-7-10;2-1-1-3;E-G-B-G;7;"sim; dedo 1 na casa 7, cordas 2 a 3";;;E;avançado;"Numeração das cordas no CSV segue a ordem grave→agudo. X=abafada; 0=solta.";Dicionário anexado e voicings normalizados/gerados a partir da afinação padrão.
ukulele-E7-1;ukulele;E7;;E;Mi;sétima dominante;1 3 5 b7;1;G-C-E-A;4-4-4-5;1-1-1-2;B-E-G#-D;4;"sim; dedo 1 na casa 4, cordas 1 a 3";;;B;intermediário;"Numeração das cordas no CSV segue a ordem grave→agudo. X=abafada; 0=solta.";Dicionário anexado e voicings normalizados/gerados a partir da afinação padrão.
ukulele-E7-2;ukulele;E7;;E;Mi;sétima dominante;1 3 5 b7;2;G-C-E-A;9-8-7-5;4-3-2-1;E-G#-B-D;5;não;;;E;avançado;"Numeração das cordas no CSV segue a ordem grave→agudo. X=abafada; 0=solta.";Dicionário anexado e voicings normalizados/gerados a partir da afinação padrão.
ukulele-E7-3;ukulele;E7;;E;Mi;sétima dominante;1 3 5 b7;3;G-C-E-A;1-2-0-2;1-2-0-3;G#-D-E-B;1;não;;3;G#;iniciante;"Numeração das cordas no CSV segue a ordem grave→agudo. X=abafada; 0=solta.";Dicionário anexado e voicings normalizados/gerados a partir da afinação padrão.
ukulele-Emaj7-1;ukulele;Emaj7;;E;Mi;sétima maior;1 3 5 7;1;G-C-E-A;9-8-7-6;4-3-2-1;E-G#-B-D#;6;não;;;E;avançado;"Numeração das cordas no CSV segue a ordem grave→agudo. X=abafada; 0=solta.";Dicionário anexado e voicings normalizados/gerados a partir da afinação padrão.
ukulele-Emaj7-2;ukulele;Emaj7;;E;Mi;sétima maior;1 3 5 7;2;G-C-E-A;4-4-4-6;1-1-1-2;B-E-G#-D#;4;"sim; dedo 1 na casa 4, cordas 1 a 3";;;B;intermediário;"Numeração das cordas no CSV segue a ordem grave→agudo. X=abafada; 0=solta.";Dicionário anexado e voicings normalizados/gerados a partir da afinação padrão.
ukulele-Emaj7-3;ukulele;Emaj7;;E;Mi;sétima maior;1 3 5 7;3;G-C-E-A;4-8-0-6;1-3-0-2;B-G#-E-D#;4;não;;3;B;avançado;"Numeração das cordas no CSV segue a ordem grave→agudo. X=abafada; 0=solta.";Dicionário anexado e voicings normalizados/gerados a partir da afinação padrão.
ukulele-Em7-1;ukulele;Em7;;E;Mi;menor com sétima;1 b3 5 b7;1;G-C-E-A;9-7-7-5;4-2-3-1;E-G-B-D;5;não;;;E;avançado;"Numeração das cordas no CSV segue a ordem grave→agudo. X=abafada; 0=solta.";Dicionário anexado e voicings normalizados/gerados a partir da afinação padrão.
ukulele-Em7-2;ukulele;Em7;;E;Mi;menor com sétima;1 b3 5 b7;2;G-C-E-A;0-2-0-2;0-1-0-1;G-D-E-B;2;"sim; dedo 1 na casa 2, cordas 2 a 4";;1,3;G;intermediário;"Numeração das cordas no CSV segue a ordem grave→agudo. X=abafada; 0=solta.";Dicionário anexado e voicings normalizados/gerados a partir da afinação padrão.
ukulele-Em7-3;ukulele;Em7;;E;Mi;menor com sétima;1 b3 5 b7;3;G-C-E-A;4-4-3-5;2-3-1-4;B-E-G-D;3;não;;;B;intermediário;"Numeração das cordas no CSV segue a ordem grave→agudo. X=abafada; 0=solta.";Dicionário anexado e voicings normalizados/gerados a partir da afinação padrão.
ukulele-E6-1;ukulele;E6;;E;Mi;sexta;1 3 5 6;1;G-C-E-A;4-4-4-4;1-1-1-1;B-E-G#-C#;4;"sim; dedo 1 na casa 4, cordas 1 a 4";;;B;intermediário;"Numeração das cordas no CSV segue a ordem grave→agudo. X=abafada; 0=solta.";Dicionário anexado e voicings normalizados/gerados a partir da afinação padrão.
ukulele-E6-2;ukulele;E6;;E;Mi;sexta;1 3 5 6;2;G-C-E-A;1-1-0-2;1-1-0-2;G#-C#-E-B;1;"sim; dedo 1 na casa 1, cordas 1 a 2";;3;G#;intermediário;"Numeração das cordas no CSV segue a ordem grave→agudo. X=abafada; 0=solta.";Dicionário anexado e voicings normalizados/gerados a partir da afinação padrão.
ukulele-E6-3;ukulele;E6;;E;Mi;sexta;1 3 5 6;3;G-C-E-A;4-8-0-4;1-2-0-1;B-G#-E-C#;4;"sim; dedo 1 na casa 4, cordas 1 a 4";;3;B;avançado;"Numeração das cordas no CSV segue a ordem grave→agudo. X=abafada; 0=solta.";Dicionário anexado e voicings normalizados/gerados a partir da afinação padrão.
ukulele-Em6-1;ukulele;Em6;;E;Mi;menor com sexta;1 b3 5 6;1;G-C-E-A;4-4-3-4;2-3-1-4;B-E-G-C#;3;não;;;B;intermediário;"Numeração das cordas no CSV segue a ordem grave→agudo. X=abafada; 0=solta.";Dicionário anexado e voicings normalizados/gerados a partir da afinação padrão.
ukulele-Em6-2;ukulele;Em6;;E;Mi;menor com sexta;1 b3 5 6;2;G-C-E-A;0-1-0-2;0-1-0-2;G-C#-E-B;1;não;;1,3;G;iniciante;"Numeração das cordas no CSV segue a ordem grave→agudo. X=abafada; 0=solta.";Dicionário anexado e voicings normalizados/gerados a partir da afinação padrão.
ukulele-Em6-3;ukulele;Em6;;E;Mi;menor com sexta;1 b3 5 6;3;G-C-E-A;4-7-0-4;1-2-0-1;B-G-E-C#;4;"sim; dedo 1 na casa 4, cordas 1 a 4";;3;B;intermediário;"Numeração das cordas no CSV segue a ordem grave→agudo. X=abafada; 0=solta.";Dicionário anexado e voicings normalizados/gerados a partir da afinação padrão.
ukulele-Edim-1;ukulele;Edim;;E;Mi;diminuto;1 b3 b5;1;G-C-E-A;9-10-0-10;1-2-0-3;E-A#-E-G;9;não;;3;E;avançado;"Numeração das cordas no CSV segue a ordem grave→agudo. X=abafada; 0=solta.";Dicionário anexado e voicings normalizados/gerados a partir da afinação padrão.
ukulele-Edim-2;ukulele;Edim;;E;Mi;diminuto;1 b3 b5;2;G-C-E-A;9-10-X-10;1-2-X-3;E-A#-X-G;9;não;3;;E;avançado;"Numeração das cordas no CSV segue a ordem grave→agudo. X=abafada; 0=solta.";Dicionário anexado e voicings normalizados/gerados a partir da afinação padrão.
ukulele-Edim-3;ukulele;Edim;;E;Mi;diminuto;1 b3 b5;3;G-C-E-A;9-7-6-7;4-2-1-3;E-G-A#-E;6;não;;;E;avançado;"Numeração das cordas no CSV segue a ordem grave→agudo. X=abafada; 0=solta.";Dicionário anexado e voicings normalizados/gerados a partir da afinação padrão.
ukulele-Eaug-1;ukulele;Eaug;;E;Mi;aumentado;1 3 #5;1;G-C-E-A;X-4-4-3;X-2-3-1;X-E-G#-C;3;não;1;;E;iniciante;"Numeração das cordas no CSV segue a ordem grave→agudo. X=abafada; 0=solta.";Dicionário anexado e voicings normalizados/gerados a partir da afinação padrão.
ukulele-Eaug-2;ukulele;Eaug;;E;Mi;aumentado;1 3 #5;2;G-C-E-A;9-8-8-7;4-2-3-1;E-G#-C-E;7;não;;;E;avançado;"Numeração das cordas no CSV segue a ordem grave→agudo. X=abafada; 0=solta.";Dicionário anexado e voicings normalizados/gerados a partir da afinação padrão.
ukulele-Eaug-3;ukulele;Eaug;;E;Mi;aumentado;1 3 #5;3;G-C-E-A;9-8-8-X;2-1-1-X;E-G#-C-X;8;"sim; dedo 1 na casa 8, cordas 2 a 3";4;;E;avançado;"Numeração das cordas no CSV segue a ordem grave→agudo. X=abafada; 0=solta.";Dicionário anexado e voicings normalizados/gerados a partir da afinação padrão.
ukulele-Esus2-1;ukulele;Esus2;;E;Mi;suspenso com segunda;1 2 5;1;G-C-E-A;X-4-2-2;X-2-1-1;X-E-F#-B;2;"sim; dedo 1 na casa 2, cordas 3 a 4";1;;E;intermediário;"Numeração das cordas no CSV segue a ordem grave→agudo. X=abafada; 0=solta.";Dicionário anexado e voicings normalizados/gerados a partir da afinação padrão.
ukulele-Esus2-2;ukulele;Esus2;;E;Mi;suspenso com segunda;1 2 5;2;G-C-E-A;9-6-7-7;4-1-2-3;E-F#-B-E;6;não;;;E;avançado;"Numeração das cordas no CSV segue a ordem grave→agudo. X=abafada; 0=solta.";Dicionário anexado e voicings normalizados/gerados a partir da afinação padrão.
ukulele-Esus2-3;ukulele;Esus2;;E;Mi;suspenso com segunda;1 2 5;3;G-C-E-A;9-6-7-9;3-1-2-4;E-F#-B-F#;6;não;;;E;avançado;"Numeração das cordas no CSV segue a ordem grave→agudo. X=abafada; 0=solta.";Dicionário anexado e voicings normalizados/gerados a partir da afinação padrão.
ukulele-Esus4-1;ukulele;Esus4;;E;Mi;suspenso com quarta;1 4 5;1;G-C-E-A;4-4-0-0;1-1-0-0;B-E-E-A;4;"sim; dedo 1 na casa 4, cordas 1 a 2";;3,4;B;intermediário;"Numeração das cordas no CSV segue a ordem grave→agudo. X=abafada; 0=solta.";Dicionário anexado e voicings normalizados/gerados a partir da afinação padrão.
ukulele-Esus4-2;ukulele;Esus4;;E;Mi;suspenso com quarta;1 4 5;2;G-C-E-A;9-9-7-0;2-3-1-0;E-A-B-A;7;não;;4;E;avançado;"Numeração das cordas no CSV segue a ordem grave→agudo. X=abafada; 0=solta.";Dicionário anexado e voicings normalizados/gerados a partir da afinação padrão.
ukulele-Esus4-3;ukulele;Esus4;;E;Mi;suspenso com quarta;1 4 5;3;G-C-E-A;9-9-7-7;2-3-1-1;E-A-B-E;7;"sim; dedo 1 na casa 7, cordas 3 a 4";;;E;avançado;"Numeração das cordas no CSV segue a ordem grave→agudo. X=abafada; 0=solta.";Dicionário anexado e voicings normalizados/gerados a partir da afinação padrão.
ukulele-Eadd9-1;ukulele;Eadd9;;E;Mi;com nona adicionada;1 3 5 9;1;G-C-E-A;9-8-7-9;3-2-1-4;E-G#-B-F#;7;não;;;E;avançado;"Numeração das cordas no CSV segue a ordem grave→agudo. X=abafada; 0=solta.";Dicionário anexado e voicings normalizados/gerados a partir da afinação padrão.
ukulele-Eadd9-2;ukulele;Eadd9;;E;Mi;com nona adicionada;1 3 5 9;2;G-C-E-A;4-6-4-7;1-2-1-3;B-F#-G#-E;4;"sim; dedo 1 na casa 4, cordas 1 a 3";;;B;intermediário;"Numeração das cordas no CSV segue a ordem grave→agudo. X=abafada; 0=solta.";Dicionário anexado e voicings normalizados/gerados a partir da afinação padrão.
ukulele-Eadd9-3;ukulele;Eadd9;;E;Mi;com nona adicionada;1 3 5 9;3;G-C-E-A;1-4-2-2;1-4-2-3;G#-E-F#-B;1;não;;;G#;intermediário;"Numeração das cordas no CSV segue a ordem grave→agudo. X=abafada; 0=solta.";Dicionário anexado e voicings normalizados/gerados a partir da afinação padrão.
ukulele-E9-1;ukulele;E9;;E;Mi;nona dominante;1 3 5 b7 9;1;G-C-E-A;9-8-10-9;2-1-4-3;E-G#-D-F#;8;não;;;E;avançado;"Numeração das cordas no CSV segue a ordem grave→agudo. X=abafada; 0=solta.";Dicionário anexado e voicings normalizados/gerados a partir da afinação padrão.
ukulele-E9-2;ukulele;E9;;E;Mi;nona dominante;1 3 5 b7 9;2;G-C-E-A;7-8-0-9;1-2-0-3;D-G#-E-F#;7;não;;3;D;avançado;"Numeração das cordas no CSV segue a ordem grave→agudo. X=abafada; 0=solta.";Dicionário anexado e voicings normalizados/gerados a partir da afinação padrão.
ukulele-E9-3;ukulele;E9;;E;Mi;nona dominante;1 3 5 b7 9;3;G-C-E-A;7-6-4-7;3-2-1-4;D-F#-G#-E;4;não;;;D;intermediário;"Numeração das cordas no CSV segue a ordem grave→agudo. X=abafada; 0=solta.";Dicionário anexado e voicings normalizados/gerados a partir da afinação padrão.
ukulele-E5-1;ukulele;E5;;E;Mi;quinta (power chord);1 5;1;G-C-E-A;X-4-0-2;X-2-0-1;X-E-E-B;2;não;1;3;E;iniciante;"Numeração das cordas no CSV segue a ordem grave→agudo. X=abafada; 0=solta.";Dicionário anexado e voicings normalizados/gerados a partir da afinação padrão.
ukulele-E5-2;ukulele;E5;;E;Mi;quinta (power chord);1 5;2;G-C-E-A;4-4-0-X;1-1-0-X;B-E-E-X;4;"sim; dedo 1 na casa 4, cordas 1 a 2";4;3;B;intermediário;"Numeração das cordas no CSV segue a ordem grave→agudo. X=abafada; 0=solta.";Dicionário anexado e voicings normalizados/gerados a partir da afinação padrão.
ukulele-E5-3;ukulele;E5;;E;Mi;quinta (power chord);1 5;3;G-C-E-A;9-X-7-7;2-X-1-1;E-X-B-E;7;"sim; dedo 1 na casa 7, cordas 3 a 4";2;;E;avançado;"Numeração das cordas no CSV segue a ordem grave→agudo. X=abafada; 0=solta.";Dicionário anexado e voicings normalizados/gerados a partir da afinação padrão.
ukulele-E7b5-1;ukulele;E7b5;;E;Mi;sétima com quinta diminuta;1 3 b5 b7;1;G-C-E-A;9-8-6-5;4-3-2-1;E-G#-A#-D;5;não;;;E;avançado;"Numeração das cordas no CSV segue a ordem grave→agudo. X=abafada; 0=solta.";Dicionário anexado e voicings normalizados/gerados a partir da afinação padrão.
ukulele-E7b5-2;ukulele;E7b5;;E;Mi;sétima com quinta diminuta;1 3 b5 b7;2;G-C-E-A;1-2-0-1;1-2-0-1;G#-D-E-A#;1;"sim; dedo 1 na casa 1, cordas 1 a 4";;3;G#;intermediário;"Numeração das cordas no CSV segue a ordem grave→agudo. X=abafada; 0=solta.";Dicionário anexado e voicings normalizados/gerados a partir da afinação padrão.
ukulele-E7b5-3;ukulele;E7b5;;E;Mi;sétima com quinta diminuta;1 3 b5 b7;3;G-C-E-A;3-4-4-5;1-2-3-4;A#-E-G#-D;3;não;;;A#;intermediário;"Numeração das cordas no CSV segue a ordem grave→agudo. X=abafada; 0=solta.";Dicionário anexado e voicings normalizados/gerados a partir da afinação padrão.
ukulele-F-1;ukulele;F;;F;Fá;maior;1 3 5;1;G-C-E-A;10-0-X-0;1-0-X-0;F-C-X-A;10;não;3;2,4;F;avançado;"Numeração das cordas no CSV segue a ordem grave→agudo. X=abafada; 0=solta.";Dicionário anexado e voicings normalizados/gerados a partir da afinação padrão.
ukulele-F-2;ukulele;F;;F;Fá;maior;1 3 5;2;G-C-E-A;10-0-8-0;2-0-1-0;F-C-C-A;8;não;;2,4;F;avançado;"Numeração das cordas no CSV segue a ordem grave→agudo. X=abafada; 0=solta.";Dicionário anexado e voicings normalizados/gerados a partir da afinação padrão.
ukulele-F-3;ukulele;F;;F;Fá;maior;1 3 5;3;G-C-E-A;10-9-8-0;3-2-1-0;F-A-C-A;8;não;;4;F;avançado;"Numeração das cordas no CSV segue a ordem grave→agudo. X=abafada; 0=solta.";Dicionário anexado e voicings normalizados/gerados a partir da afinação padrão.
ukulele-Fm-1;ukulele;Fm;;F;Fá;menor;1 b3 5;1;G-C-E-A;10-8-8-8;2-1-1-1;F-G#-C-F;8;"sim; dedo 1 na casa 8, cordas 2 a 4";;;F;avançado;"Numeração das cordas no CSV segue a ordem grave→agudo. X=abafada; 0=solta.";Dicionário anexado e voicings normalizados/gerados a partir da afinação padrão.
ukulele-Fm-2;ukulele;Fm;;F;Fá;menor;1 b3 5;2;G-C-E-A;X-5-4-3;X-3-2-1;X-F-G#-C;3;não;1;;F;intermediário;"Numeração das cordas no CSV segue a ordem grave→agudo. X=abafada; 0=solta.";Dicionário anexado e voicings normalizados/gerados a partir da afinação padrão.
ukulele-Fm-3;ukulele;Fm;;F;Fá;menor;1 b3 5;3;G-C-E-A;10-8-8-X;2-1-1-X;F-G#-C-X;8;"sim; dedo 1 na casa 8, cordas 2 a 3";4;;F;avançado;"Numeração das cordas no CSV segue a ordem grave→agudo. X=abafada; 0=solta.";Dicionário anexado e voicings normalizados/gerados a partir da afinação padrão.
ukulele-F7-1;ukulele;F7;;F;Fá;sétima dominante;1 3 5 b7;1;G-C-E-A;5-5-5-6;1-1-1-2;C-F-A-D#;5;"sim; dedo 1 na casa 5, cordas 1 a 3";;;C;intermediário;"Numeração das cordas no CSV segue a ordem grave→agudo. X=abafada; 0=solta.";Dicionário anexado e voicings normalizados/gerados a partir da afinação padrão.
ukulele-F7-2;ukulele;F7;;F;Fá;sétima dominante;1 3 5 b7;2;G-C-E-A;10-9-8-6;4-3-2-1;F-A-C-D#;6;não;;;F;avançado;"Numeração das cordas no CSV segue a ordem grave→agudo. X=abafada; 0=solta.";Dicionário anexado e voicings normalizados/gerados a partir da afinação padrão.
ukulele-F7-3;ukulele;F7;;F;Fá;sétima dominante;1 3 5 b7;3;G-C-E-A;5-3-1-0;3-2-1-0;C-D#-F-A;1;não;;4;C;intermediário;"Numeração das cordas no CSV segue a ordem grave→agudo. X=abafada; 0=solta.";Dicionário anexado e voicings normalizados/gerados a partir da afinação padrão.
ukulele-Fmaj7-1;ukulele;Fmaj7;;F;Fá;sétima maior;1 3 5 7;1;G-C-E-A;10-0-0-0;1-0-0-0;F-C-E-A;10;não;;2,3,4;F;avançado;"Numeração das cordas no CSV segue a ordem grave→agudo. X=abafada; 0=solta.";Dicionário anexado e voicings normalizados/gerados a partir da afinação padrão.
ukulele-Fmaj7-2;ukulele;Fmaj7;;F;Fá;sétima maior;1 3 5 7;2;G-C-E-A;5-5-0-0;1-1-0-0;C-F-E-A;5;"sim; dedo 1 na casa 5, cordas 1 a 2";;3,4;C;intermediário;"Numeração das cordas no CSV segue a ordem grave→agudo. X=abafada; 0=solta.";Dicionário anexado e voicings normalizados/gerados a partir da afinação padrão.
ukulele-Fmaj7-3;ukulele;Fmaj7;;F;Fá;sétima maior;1 3 5 7;3;G-C-E-A;10-9-8-7;4-3-2-1;F-A-C-E;7;não;;;F;avançado;"Numeração das cordas no CSV segue a ordem grave→agudo. X=abafada; 0=solta.";Dicionário anexado e voicings normalizados/gerados a partir da afinação padrão.
ukulele-Fm7-1;ukulele;Fm7;;F;Fá;menor com sétima;1 b3 5 b7;1;G-C-E-A;10-8-8-6;4-2-3-1;F-G#-C-D#;6;não;;;F;avançado;"Numeração das cordas no CSV segue a ordem grave→agudo. X=abafada; 0=solta.";Dicionário anexado e voicings normalizados/gerados a partir da afinação padrão.
ukulele-Fm7-2;ukulele;Fm7;;F;Fá;menor com sétima;1 b3 5 b7;2;G-C-E-A;5-5-4-6;2-3-1-4;C-F-G#-D#;4;não;;;C;intermediário;"Numeração das cordas no CSV segue a ordem grave→agudo. X=abafada; 0=solta.";Dicionário anexado e voicings normalizados/gerados a partir da afinação padrão.
ukulele-Fm7-3;ukulele;Fm7;;F;Fá;menor com sétima;1 b3 5 b7;3;G-C-E-A;8-8-8-8;1-1-1-1;D#-G#-C-F;8;"sim; dedo 1 na casa 8, cordas 1 a 4";;;D#;avançado;"Numeração das cordas no CSV segue a ordem grave→agudo. X=abafada; 0=solta.";Dicionário anexado e voicings normalizados/gerados a partir da afinação padrão.
ukulele-F6-1;ukulele;F6;;F;Fá;sexta;1 3 5 6;1;G-C-E-A;10-0-10-0;1-0-1-0;F-C-D-A;10;"sim; dedo 1 na casa 10, cordas 1 a 3";;2,4;F;avançado;"Numeração das cordas no CSV segue a ordem grave→agudo. X=abafada; 0=solta.";Dicionário anexado e voicings normalizados/gerados a partir da afinação padrão.
ukulele-F6-2;ukulele;F6;;F;Fá;sexta;1 3 5 6;2;G-C-E-A;5-5-5-5;1-1-1-1;C-F-A-D;5;"sim; dedo 1 na casa 5, cordas 1 a 4";;;C;intermediário;"Numeração das cordas no CSV segue a ordem grave→agudo. X=abafada; 0=solta.";Dicionário anexado e voicings normalizados/gerados a partir da afinação padrão.
ukulele-F6-3;ukulele;F6;;F;Fá;sexta;1 3 5 6;3;G-C-E-A;5-2-1-0;3-2-1-0;C-D-F-A;1;não;;4;C;intermediário;"Numeração das cordas no CSV segue a ordem grave→agudo. X=abafada; 0=solta.";Dicionário anexado e voicings normalizados/gerados a partir da afinação padrão.
ukulele-Fm6-1;ukulele;Fm6;;F;Fá;menor com sexta;1 b3 5 6;1;G-C-E-A;5-5-4-5;2-3-1-4;C-F-G#-D;4;não;;;C;intermediário;"Numeração das cordas no CSV segue a ordem grave→agudo. X=abafada; 0=solta.";Dicionário anexado e voicings normalizados/gerados a partir da afinação padrão.
ukulele-Fm6-2;ukulele;Fm6;;F;Fá;menor com sexta;1 b3 5 6;2;G-C-E-A;7-8-8-8;1-2-3-4;D-G#-C-F;7;não;;;D;avançado;"Numeração das cordas no CSV segue a ordem grave→agudo. X=abafada; 0=solta.";Dicionário anexado e voicings normalizados/gerados a partir da afinação padrão.
ukulele-Fm6-3;ukulele;Fm6;;F;Fá;menor com sexta;1 b3 5 6;3;G-C-E-A;1-2-1-3;1-2-1-3;G#-D-F-C;1;"sim; dedo 1 na casa 1, cordas 1 a 3";;;G#;intermediário;"Numeração das cordas no CSV segue a ordem grave→agudo. X=abafada; 0=solta.";Dicionário anexado e voicings normalizados/gerados a partir da afinação padrão.
ukulele-Fdim-1;ukulele;Fdim;;F;Fá;diminuto;1 b3 b5;1;G-C-E-A;10-8-7-8;4-2-1-3;F-G#-B-F;7;não;;;F;avançado;"Numeração das cordas no CSV segue a ordem grave→agudo. X=abafada; 0=solta.";Dicionário anexado e voicings normalizados/gerados a partir da afinação padrão.
ukulele-Fdim-2;ukulele;Fdim;;F;Fá;diminuto;1 b3 b5;2;G-C-E-A;X-5-4-2;X-3-2-1;X-F-G#-B;2;não;1;;F;intermediário;"Numeração das cordas no CSV segue a ordem grave→agudo. X=abafada; 0=solta.";Dicionário anexado e voicings normalizados/gerados a partir da afinação padrão.
ukulele-Fdim-3;ukulele;Fdim;;F;Fá;diminuto;1 b3 b5;3;G-C-E-A;10-8-7-X;3-2-1-X;F-G#-B-X;7;não;4;;F;avançado;"Numeração das cordas no CSV segue a ordem grave→agudo. X=abafada; 0=solta.";Dicionário anexado e voicings normalizados/gerados a partir da afinação padrão.
ukulele-Faug-1;ukulele;Faug;;F;Fá;aumentado;1 3 #5;1;G-C-E-A;10-9-9-0;2-1-1-0;F-A-C#-A;9;"sim; dedo 1 na casa 9, cordas 2 a 3";;4;F;avançado;"Numeração das cordas no CSV segue a ordem grave→agudo. X=abafada; 0=solta.";Dicionário anexado e voicings normalizados/gerados a partir da afinação padrão.
ukulele-Faug-2;ukulele;Faug;;F;Fá;aumentado;1 3 #5;2;G-C-E-A;X-5-5-4;X-2-3-1;X-F-A-C#;4;não;1;;F;intermediário;"Numeração das cordas no CSV segue a ordem grave→agudo. X=abafada; 0=solta.";Dicionário anexado e voicings normalizados/gerados a partir da afinação padrão.
ukulele-Faug-3;ukulele;Faug;;F;Fá;aumentado;1 3 #5;3;G-C-E-A;10-X-9-0;2-X-1-0;F-X-C#-A;9;não;2;4;F;avançado;"Numeração das cordas no CSV segue a ordem grave→agudo. X=abafada; 0=solta.";Dicionário anexado e voicings normalizados/gerados a partir da afinação padrão.
ukulele-Fsus2-1;ukulele;Fsus2;;F;Fá;suspenso com segunda;1 2 5;1;G-C-E-A;10-0-X-10;1-0-X-1;F-C-X-G;10;"sim; dedo 1 na casa 10, cordas 1 a 4";3;2;F;avançado;"Numeração das cordas no CSV segue a ordem grave→agudo. X=abafada; 0=solta.";Dicionário anexado e voicings normalizados/gerados a partir da afinação padrão.
ukulele-Fsus2-2;ukulele;Fsus2;;F;Fá;suspenso com segunda;1 2 5;2;G-C-E-A;10-0-8-10;2-0-1-3;F-C-C-G;8;não;;2;F;avançado;"Numeração das cordas no CSV segue a ordem grave→agudo. X=abafada; 0=solta.";Dicionário anexado e voicings normalizados/gerados a partir da afinação padrão.
ukulele-Fsus2-3;ukulele;Fsus2;;F;Fá;suspenso com segunda;1 2 5;3;G-C-E-A;X-5-3-3;X-2-1-1;X-F-G-C;3;"sim; dedo 1 na casa 3, cordas 3 a 4";1;;F;intermediário;"Numeração das cordas no CSV segue a ordem grave→agudo. X=abafada; 0=solta.";Dicionário anexado e voicings normalizados/gerados a partir da afinação padrão.
ukulele-Fsus4-1;ukulele;Fsus4;;F;Fá;suspenso com quarta;1 4 5;1;G-C-E-A;10-10-8-8;2-3-1-1;F-A#-C-F;8;"sim; dedo 1 na casa 8, cordas 3 a 4";;;F;avançado;"Numeração das cordas no CSV segue a ordem grave→agudo. X=abafada; 0=solta.";Dicionário anexado e voicings normalizados/gerados a partir da afinação padrão.
ukulele-Fsus4-2;ukulele;Fsus4;;F;Fá;suspenso com quarta;1 4 5;2;G-C-E-A;X-0-1-1;X-0-1-1;X-C-F-A#;1;"sim; dedo 1 na casa 1, cordas 3 a 4";1;2;C;intermediário;"Numeração das cordas no CSV segue a ordem grave→agudo. X=abafada; 0=solta.";Dicionário anexado e voicings normalizados/gerados a partir da afinação padrão.
ukulele-Fsus4-3;ukulele;Fsus4;;F;Fá;suspenso com quarta;1 4 5;3;G-C-E-A;10-0-6-8;3-0-1-2;F-C-A#-F;6;não;;2;F;avançado;"Numeração das cordas no CSV segue a ordem grave→agudo. X=abafada; 0=solta.";Dicionário anexado e voicings normalizados/gerados a partir da afinação padrão.
ukulele-Fadd9-1;ukulele;Fadd9;;F;Fá;com nona adicionada;1 3 5 9;1;G-C-E-A;10-9-8-10;3-2-1-4;F-A-C-G;8;não;;;F;avançado;"Numeração das cordas no CSV segue a ordem grave→agudo. X=abafada; 0=solta.";Dicionário anexado e voicings normalizados/gerados a partir da afinação padrão.
ukulele-Fadd9-2;ukulele;Fadd9;;F;Fá;com nona adicionada;1 3 5 9;2;G-C-E-A;10-7-8-0;3-1-2-0;F-G-C-A;7;não;;4;F;avançado;"Numeração das cordas no CSV segue a ordem grave→agudo. X=abafada; 0=solta.";Dicionário anexado e voicings normalizados/gerados a partir da afinação padrão.
ukulele-Fadd9-3;ukulele;Fadd9;;F;Fá;com nona adicionada;1 3 5 9;3;G-C-E-A;0-0-1-0;0-0-1-0;G-C-F-A;1;não;;1,2,4;G;iniciante;"Numeração das cordas no CSV segue a ordem grave→agudo. X=abafada; 0=solta.";Dicionário anexado e voicings normalizados/gerados a partir da afinação padrão.
ukulele-F9-1;ukulele;F9;;F;Fá;nona dominante;1 3 5 b7 9;1;G-C-E-A;0-3-1-0;0-2-1-0;G-D#-F-A;1;não;;1,4;G;iniciante;"Numeração das cordas no CSV segue a ordem grave→agudo. X=abafada; 0=solta.";Dicionário anexado e voicings normalizados/gerados a partir da afinação padrão.
ukulele-F9-2;ukulele;F9;;F;Fá;nona dominante;1 3 5 b7 9;2;G-C-E-A;0-5-5-6;0-1-1-2;G-F-A-D#;5;"sim; dedo 1 na casa 5, cordas 2 a 3";;1;G;intermediário;"Numeração das cordas no CSV segue a ordem grave→agudo. X=abafada; 0=solta.";Dicionário anexado e voicings normalizados/gerados a partir da afinação padrão.
ukulele-F9-3;ukulele;F9;;F;Fá;nona dominante;1 3 5 b7 9;3;G-C-E-A;8-7-5-8;3-2-1-4;D#-G-A-F;5;não;;;D#;avançado;"Numeração das cordas no CSV segue a ordem grave→agudo. X=abafada; 0=solta.";Dicionário anexado e voicings normalizados/gerados a partir da afinação padrão.
ukulele-F5-1;ukulele;F5;;F;Fá;quinta (power chord);1 5;1;G-C-E-A;10-0-8-8;2-0-1-1;F-C-C-F;8;"sim; dedo 1 na casa 8, cordas 3 a 4";;2;F;avançado;"Numeração das cordas no CSV segue a ordem grave→agudo. X=abafada; 0=solta.";Dicionário anexado e voicings normalizados/gerados a partir da afinação padrão.
ukulele-F5-2;ukulele;F5;;F;Fá;quinta (power chord);1 5;2;G-C-E-A;10-0-X-8;2-0-X-1;F-C-X-F;8;não;3;2;F;avançado;"Numeração das cordas no CSV segue a ordem grave→agudo. X=abafada; 0=solta.";Dicionário anexado e voicings normalizados/gerados a partir da afinação padrão.
ukulele-F5-3;ukulele;F5;;F;Fá;quinta (power chord);1 5;3;G-C-E-A;10-0-8-X;2-0-1-X;F-C-C-X;8;não;4;2;F;avançado;"Numeração das cordas no CSV segue a ordem grave→agudo. X=abafada; 0=solta.";Dicionário anexado e voicings normalizados/gerados a partir da afinação padrão.
ukulele-F7b5-1;ukulele;F7b5;;F;Fá;sétima com quinta diminuta;1 3 b5 b7;1;G-C-E-A;10-9-7-6;4-3-2-1;F-A-B-D#;6;não;;;F;avançado;"Numeração das cordas no CSV segue a ordem grave→agudo. X=abafada; 0=solta.";Dicionário anexado e voicings normalizados/gerados a partir da afinação padrão.
ukulele-F7b5-2;ukulele;F7b5;;F;Fá;sétima com quinta diminuta;1 3 b5 b7;2;G-C-E-A;2-3-1-2;2-4-1-3;A-D#-F-B;1;não;;;A;intermediário;"Numeração das cordas no CSV segue a ordem grave→agudo. X=abafada; 0=solta.";Dicionário anexado e voicings normalizados/gerados a partir da afinação padrão.
ukulele-F7b5-3;ukulele;F7b5;;F;Fá;sétima com quinta diminuta;1 3 b5 b7;3;G-C-E-A;4-3-1-0;3-2-1-0;B-D#-F-A;1;não;;4;B;iniciante;"Numeração das cordas no CSV segue a ordem grave→agudo. X=abafada; 0=solta.";Dicionário anexado e voicings normalizados/gerados a partir da afinação padrão.
ukulele-F#-1;ukulele;F#;Gb;F#;Fá sustenido;maior;1 3 5;1;G-C-E-A;X-6-6-4;X-2-3-1;X-F#-A#-C#;4;não;1;;F#;intermediário;"Numeração das cordas no CSV segue a ordem grave→agudo. X=abafada; 0=solta.";Dicionário anexado e voicings normalizados/gerados a partir da afinação padrão.
ukulele-F#-2;ukulele;F#;Gb;F#;Fá sustenido;maior;1 3 5;2;G-C-E-A;6-6-6-X;1-1-1-X;C#-F#-A#-X;6;"sim; dedo 1 na casa 6, cordas 1 a 3";4;;C#;intermediário;"Numeração das cordas no CSV segue a ordem grave→agudo. X=abafada; 0=solta.";Dicionário anexado e voicings normalizados/gerados a partir da afinação padrão.
ukulele-F#-3;ukulele;F#;Gb;F#;Fá sustenido;maior;1 3 5;3;G-C-E-A;X-1-2-1;X-1-2-1;X-C#-F#-A#;1;"sim; dedo 1 na casa 1, cordas 2 a 4";1;;C#;intermediário;"Numeração das cordas no CSV segue a ordem grave→agudo. X=abafada; 0=solta.";Dicionário anexado e voicings normalizados/gerados a partir da afinação padrão.
ukulele-F#m-1;ukulele;F#m;Gbm;F#;Fá sustenido;menor;1 b3 5;1;G-C-E-A;X-6-5-4;X-3-2-1;X-F#-A-C#;4;não;1;;F#;intermediário;"Numeração das cordas no CSV segue a ordem grave→agudo. X=abafada; 0=solta.";Dicionário anexado e voicings normalizados/gerados a partir da afinação padrão.
ukulele-F#m-2;ukulele;F#m;Gbm;F#;Fá sustenido;menor;1 b3 5;2;G-C-E-A;6-6-5-0;2-3-1-0;C#-F#-A-A;5;não;;4;C#;intermediário;"Numeração das cordas no CSV segue a ordem grave→agudo. X=abafada; 0=solta.";Dicionário anexado e voicings normalizados/gerados a partir da afinação padrão.
ukulele-F#m-3;ukulele;F#m;Gbm;F#;Fá sustenido;menor;1 b3 5;3;G-C-E-A;X-6-9-0;X-1-2-0;X-F#-C#-A;6;não;1;4;F#;avançado;"Numeração das cordas no CSV segue a ordem grave→agudo. X=abafada; 0=solta.";Dicionário anexado e voicings normalizados/gerados a partir da afinação padrão.
ukulele-F#7-1;ukulele;F#7;Gb7;F#;Fá sustenido;sétima dominante;1 3 5 b7;1;G-C-E-A;6-6-6-7;1-1-1-2;C#-F#-A#-E;6;"sim; dedo 1 na casa 6, cordas 1 a 3";;;C#;intermediário;"Numeração das cordas no CSV segue a ordem grave→agudo. X=abafada; 0=solta.";Dicionário anexado e voicings normalizados/gerados a partir da afinação padrão.
ukulele-F#7-2;ukulele;F#7;Gb7;F#;Fá sustenido;sétima dominante;1 3 5 b7;2;G-C-E-A;6-10-0-9;1-3-0-2;C#-A#-E-F#;6;não;;3;C#;avançado;"Numeração das cordas no CSV segue a ordem grave→agudo. X=abafada; 0=solta.";Dicionário anexado e voicings normalizados/gerados a partir da afinação padrão.
ukulele-F#7-3;ukulele;F#7;Gb7;F#;Fá sustenido;sétima dominante;1 3 5 b7;3;G-C-E-A;3-4-2-4;2-3-1-4;A#-E-F#-C#;2;não;;;A#;intermediário;"Numeração das cordas no CSV segue a ordem grave→agudo. X=abafada; 0=solta.";Dicionário anexado e voicings normalizados/gerados a partir da afinação padrão.
ukulele-F#maj7-1;ukulele;F#maj7;Gbmaj7;F#;Fá sustenido;sétima maior;1 3 5 7;1;G-C-E-A;6-6-6-8;1-1-1-2;C#-F#-A#-F;6;"sim; dedo 1 na casa 6, cordas 1 a 3";;;C#;avançado;"Numeração das cordas no CSV segue a ordem grave→agudo. X=abafada; 0=solta.";Dicionário anexado e voicings normalizados/gerados a partir da afinação padrão.
ukulele-F#maj7-2;ukulele;F#maj7;Gbmaj7;F#;Fá sustenido;sétima maior;1 3 5 7;2;G-C-E-A;6-5-6-9;2-1-3-4;C#-F-A#-F#;5;não;;;C#;avançado;"Numeração das cordas no CSV segue a ordem grave→agudo. X=abafada; 0=solta.";Dicionário anexado e voicings normalizados/gerados a partir da afinação padrão.
ukulele-F#maj7-3;ukulele;F#maj7;Gbmaj7;F#;Fá sustenido;sétima maior;1 3 5 7;3;G-C-E-A;10-10-9-9;2-3-1-1;F-A#-C#-F#;9;"sim; dedo 1 na casa 9, cordas 3 a 4";;;F;avançado;"Numeração das cordas no CSV segue a ordem grave→agudo. X=abafada; 0=solta.";Dicionário anexado e voicings normalizados/gerados a partir da afinação padrão.
ukulele-F#m7-1;ukulele;F#m7;Gbm7;F#;Fá sustenido;menor com sétima;1 b3 5 b7;1;G-C-E-A;6-6-0-0;1-1-0-0;C#-F#-E-A;6;"sim; dedo 1 na casa 6, cordas 1 a 2";;3,4;C#;intermediário;"Numeração das cordas no CSV segue a ordem grave→agudo. X=abafada; 0=solta.";Dicionário anexado e voicings normalizados/gerados a partir da afinação padrão.
ukulele-F#m7-2;ukulele;F#m7;Gbm7;F#;Fá sustenido;menor com sétima;1 b3 5 b7;2;G-C-E-A;6-6-5-7;2-3-1-4;C#-F#-A-E;5;não;;;C#;intermediário;"Numeração das cordas no CSV segue a ordem grave→agudo. X=abafada; 0=solta.";Dicionário anexado e voicings normalizados/gerados a partir da afinação padrão.
ukulele-F#m7-3;ukulele;F#m7;Gbm7;F#;Fá sustenido;menor com sétima;1 b3 5 b7;3;G-C-E-A;6-9-0-9;1-2-0-3;C#-A-E-F#;6;não;;3;C#;avançado;"Numeração das cordas no CSV segue a ordem grave→agudo. X=abafada; 0=solta.";Dicionário anexado e voicings normalizados/gerados a partir da afinação padrão.
ukulele-F#6-1;ukulele;F#6;Gb6;F#;Fá sustenido;sexta;1 3 5 6;1;G-C-E-A;6-6-6-6;1-1-1-1;C#-F#-A#-D#;6;"sim; dedo 1 na casa 6, cordas 1 a 4";;;C#;intermediário;"Numeração das cordas no CSV segue a ordem grave→agudo. X=abafada; 0=solta.";Dicionário anexado e voicings normalizados/gerados a partir da afinação padrão.
ukulele-F#6-2;ukulele;F#6;Gb6;F#;Fá sustenido;sexta;1 3 5 6;2;G-C-E-A;3-3-2-4;2-3-1-4;A#-D#-F#-C#;2;não;;;A#;intermediário;"Numeração das cordas no CSV segue a ordem grave→agudo. X=abafada; 0=solta.";Dicionário anexado e voicings normalizados/gerados a partir da afinação padrão.
ukulele-F#6-3;ukulele;F#6;Gb6;F#;Fá sustenido;sexta;1 3 5 6;3;G-C-E-A;8-10-9-9;1-4-2-3;D#-A#-C#-F#;8;não;;;D#;avançado;"Numeração das cordas no CSV segue a ordem grave→agudo. X=abafada; 0=solta.";Dicionário anexado e voicings normalizados/gerados a partir da afinação padrão.
ukulele-F#m6-1;ukulele;F#m6;Gbm6;F#;Fá sustenido;menor com sexta;1 b3 5 6;1;G-C-E-A;6-6-5-6;2-3-1-4;C#-F#-A-D#;5;não;;;C#;intermediário;"Numeração das cordas no CSV segue a ordem grave→agudo. X=abafada; 0=solta.";Dicionário anexado e voicings normalizados/gerados a partir da afinação padrão.
ukulele-F#m6-2;ukulele;F#m6;Gbm6;F#;Fá sustenido;menor com sexta;1 b3 5 6;2;G-C-E-A;6-3-2-0;3-2-1-0;C#-D#-F#-A;2;não;;4;C#;intermediário;"Numeração das cordas no CSV segue a ordem grave→agudo. X=abafada; 0=solta.";Dicionário anexado e voicings normalizados/gerados a partir da afinação padrão.
ukulele-F#m6-3;ukulele;F#m6;Gbm6;F#;Fá sustenido;menor com sexta;1 b3 5 6;3;G-C-E-A;8-9-9-9;1-2-3-4;D#-A-C#-F#;8;não;;;D#;avançado;"Numeração das cordas no CSV segue a ordem grave→agudo. X=abafada; 0=solta.";Dicionário anexado e voicings normalizados/gerados a partir da afinação padrão.
ukulele-F#dim-1;ukulele;F#dim;Gbdim;F#;Fá sustenido;diminuto;1 b3 b5;1;G-C-E-A;X-6-8-0;X-1-2-0;X-F#-C-A;6;não;1;4;F#;avançado;"Numeração das cordas no CSV segue a ordem grave→agudo. X=abafada; 0=solta.";Dicionário anexado e voicings normalizados/gerados a partir da afinação padrão.
ukulele-F#dim-2;ukulele;F#dim;Gbdim;F#;Fá sustenido;diminuto;1 b3 b5;2;G-C-E-A;X-6-5-3;X-3-2-1;X-F#-A-C;3;não;1;;F#;intermediário;"Numeração das cordas no CSV segue a ordem grave→agudo. X=abafada; 0=solta.";Dicionário anexado e voicings normalizados/gerados a partir da afinação padrão.
ukulele-F#dim-3;ukulele;F#dim;Gbdim;F#;Fá sustenido;diminuto;1 b3 b5;3;G-C-E-A;2-0-2-0;1-0-1-0;A-C-F#-A;2;"sim; dedo 1 na casa 2, cordas 1 a 3";;2,4;A;intermediário;"Numeração das cordas no CSV segue a ordem grave→agudo. X=abafada; 0=solta.";Dicionário anexado e voicings normalizados/gerados a partir da afinação padrão.
ukulele-F#aug-1;ukulele;F#aug;Gbaug;F#;Fá sustenido;aumentado;1 3 #5;1;G-C-E-A;X-6-6-5;X-2-3-1;X-F#-A#-D;5;não;1;;F#;intermediário;"Numeração das cordas no CSV segue a ordem grave→agudo. X=abafada; 0=solta.";Dicionário anexado e voicings normalizados/gerados a partir da afinação padrão.
ukulele-F#aug-2;ukulele;F#aug;Gbaug;F#;Fá sustenido;aumentado;1 3 #5;2;G-C-E-A;3-2-2-1;4-2-3-1;A#-D-F#-A#;1;não;;;A#;intermediário;"Numeração das cordas no CSV segue a ordem grave→agudo. X=abafada; 0=solta.";Dicionário anexado e voicings normalizados/gerados a partir da afinação padrão.
ukulele-F#aug-3;ukulele;F#aug;Gbaug;F#;Fá sustenido;aumentado;1 3 #5;3;G-C-E-A;X-2-2-1;X-2-3-1;X-D-F#-A#;1;não;1;;D;iniciante;"Numeração das cordas no CSV segue a ordem grave→agudo. X=abafada; 0=solta.";Dicionário anexado e voicings normalizados/gerados a partir da afinação padrão.
ukulele-F#sus2-1;ukulele;F#sus2;Gbsus2;F#;Fá sustenido;suspenso com segunda;1 2 5;1;G-C-E-A;X-6-4-4;X-2-1-1;X-F#-G#-C#;4;"sim; dedo 1 na casa 4, cordas 3 a 4";1;;F#;intermediário;"Numeração das cordas no CSV segue a ordem grave→agudo. X=abafada; 0=solta.";Dicionário anexado e voicings normalizados/gerados a partir da afinação padrão.
ukulele-F#sus2-2;ukulele;F#sus2;Gbsus2;F#;Fá sustenido;suspenso com segunda;1 2 5;2;G-C-E-A;6-6-4-4;2-3-1-1;C#-F#-G#-C#;4;"sim; dedo 1 na casa 4, cordas 3 a 4";;;C#;intermediário;"Numeração das cordas no CSV segue a ordem grave→agudo. X=abafada; 0=solta.";Dicionário anexado e voicings normalizados/gerados a partir da afinação padrão.
ukulele-F#sus2-3;ukulele;F#sus2;Gbsus2;F#;Fá sustenido;suspenso com segunda;1 2 5;3;G-C-E-A;6-6-4-X;2-3-1-X;C#-F#-G#-X;4;não;4;;C#;intermediário;"Numeração das cordas no CSV segue a ordem grave→agudo. X=abafada; 0=solta.";Dicionário anexado e voicings normalizados/gerados a partir da afinação padrão.
ukulele-F#sus4-1;ukulele;F#sus4;Gbsus4;F#;Fá sustenido;suspenso com quarta;1 4 5;1;G-C-E-A;X-6-7-4;X-2-3-1;X-F#-B-C#;4;não;1;;F#;intermediário;"Numeração das cordas no CSV segue a ordem grave→agudo. X=abafada; 0=solta.";Dicionário anexado e voicings normalizados/gerados a partir da afinação padrão.
ukulele-F#sus4-2;ukulele;F#sus4;Gbsus4;F#;Fá sustenido;suspenso com quarta;1 4 5;2;G-C-E-A;X-1-2-2;X-1-2-3;X-C#-F#-B;1;não;1;;C#;iniciante;"Numeração das cordas no CSV segue a ordem grave→agudo. X=abafada; 0=solta.";Dicionário anexado e voicings normalizados/gerados a partir da afinação padrão.
ukulele-F#sus4-3;ukulele;F#sus4;Gbsus4;F#;Fá sustenido;suspenso com quarta;1 4 5;3;G-C-E-A;6-6-7-X;1-1-2-X;C#-F#-B-X;6;"sim; dedo 1 na casa 6, cordas 1 a 2";4;;C#;intermediário;"Numeração das cordas no CSV segue a ordem grave→agudo. X=abafada; 0=solta.";Dicionário anexado e voicings normalizados/gerados a partir da afinação padrão.
ukulele-F#add9-1;ukulele;F#add9;Gbadd9;F#;Fá sustenido;com nona adicionada;1 3 5 9;1;G-C-E-A;6-8-6-9;1-2-1-3;C#-G#-A#-F#;6;"sim; dedo 1 na casa 6, cordas 1 a 3";;;C#;avançado;"Numeração das cordas no CSV segue a ordem grave→agudo. X=abafada; 0=solta.";Dicionário anexado e voicings normalizados/gerados a partir da afinação padrão.
ukulele-F#add9-2;ukulele;F#add9;Gbadd9;F#;Fá sustenido;com nona adicionada;1 3 5 9;2;G-C-E-A;1-1-2-1;1-1-2-1;G#-C#-F#-A#;1;"sim; dedo 1 na casa 1, cordas 1 a 4";;;G#;intermediário;"Numeração das cordas no CSV segue a ordem grave→agudo. X=abafada; 0=solta.";Dicionário anexado e voicings normalizados/gerados a partir da afinação padrão.
ukulele-F#add9-3;ukulele;F#add9;Gbadd9;F#;Fá sustenido;com nona adicionada;1 3 5 9;3;G-C-E-A;3-6-4-4;1-4-2-3;A#-F#-G#-C#;3;não;;;A#;intermediário;"Numeração das cordas no CSV segue a ordem grave→agudo. X=abafada; 0=solta.";Dicionário anexado e voicings normalizados/gerados a partir da afinação padrão.
ukulele-F#9-1;ukulele;F#9;Gb9;F#;Fá sustenido;nona dominante;1 3 5 b7 9;1;G-C-E-A;1-4-2-1;1-3-2-1;G#-E-F#-A#;1;"sim; dedo 1 na casa 1, cordas 1 a 4";;;G#;intermediário;"Numeração das cordas no CSV segue a ordem grave→agudo. X=abafada; 0=solta.";Dicionário anexado e voicings normalizados/gerados a partir da afinação padrão.
ukulele-F#9-2;ukulele;F#9;Gb9;F#;Fá sustenido;nona dominante;1 3 5 b7 9;2;G-C-E-A;9-8-6-9;3-2-1-4;E-G#-A#-F#;6;não;;;E;avançado;"Numeração das cordas no CSV segue a ordem grave→agudo. X=abafada; 0=solta.";Dicionário anexado e voicings normalizados/gerados a partir da afinação padrão.
ukulele-F#9-3;ukulele;F#9;Gb9;F#;Fá sustenido;nona dominante;1 3 5 b7 9;3;G-C-E-A;3-6-4-7;1-3-2-4;A#-F#-G#-E;3;não;;;A#;intermediário;"Numeração das cordas no CSV segue a ordem grave→agudo. X=abafada; 0=solta.";Dicionário anexado e voicings normalizados/gerados a partir da afinação padrão.
ukulele-F#5-1;ukulele;F#5;Gb5;F#;Fá sustenido;quinta (power chord);1 5;1;G-C-E-A;X-6-9-9;X-1-2-3;X-F#-C#-F#;6;não;1;;F#;avançado;"Numeração das cordas no CSV segue a ordem grave→agudo. X=abafada; 0=solta.";Dicionário anexado e voicings normalizados/gerados a partir da afinação padrão.
ukulele-F#5-2;ukulele;F#5;Gb5;F#;Fá sustenido;quinta (power chord);1 5;2;G-C-E-A;X-6-2-4;X-3-1-2;X-F#-F#-C#;2;não;1;;F#;intermediário;"Numeração das cordas no CSV segue a ordem grave→agudo. X=abafada; 0=solta.";Dicionário anexado e voicings normalizados/gerados a partir da afinação padrão.
ukulele-F#5-3;ukulele;F#5;Gb5;F#;Fá sustenido;quinta (power chord);1 5;3;G-C-E-A;6-6-X-4;2-3-X-1;C#-F#-X-C#;4;não;3;;C#;intermediário;"Numeração das cordas no CSV segue a ordem grave→agudo. X=abafada; 0=solta.";Dicionário anexado e voicings normalizados/gerados a partir da afinação padrão.
ukulele-F#7b5-1;ukulele;F#7b5;Gb7b5;F#;Fá sustenido;sétima com quinta diminuta;1 3 b5 b7;1;G-C-E-A;3-4-2-3;2-4-1-3;A#-E-F#-C;2;não;;;A#;intermediário;"Numeração das cordas no CSV segue a ordem grave→agudo. X=abafada; 0=solta.";Dicionário anexado e voicings normalizados/gerados a partir da afinação padrão.
ukulele-F#7b5-2;ukulele;F#7b5;Gb7b5;F#;Fá sustenido;sétima com quinta diminuta;1 3 b5 b7;2;G-C-E-A;3-6-0-3;1-2-0-1;A#-F#-E-C;3;"sim; dedo 1 na casa 3, cordas 1 a 4";;3;A#;intermediário;"Numeração das cordas no CSV segue a ordem grave→agudo. X=abafada; 0=solta.";Dicionário anexado e voicings normalizados/gerados a partir da afinação padrão.
ukulele-F#7b5-3;ukulele;F#7b5;Gb7b5;F#;Fá sustenido;sétima com quinta diminuta;1 3 b5 b7;3;G-C-E-A;5-6-6-7;1-2-3-4;C-F#-A#-E;5;não;;;C;intermediário;"Numeração das cordas no CSV segue a ordem grave→agudo. X=abafada; 0=solta.";Dicionário anexado e voicings normalizados/gerados a partir da afinação padrão.
ukulele-G-1;ukulele;G;;G;Sol;maior;1 3 5;1;G-C-E-A;0-2-3-2;0-1-2-1;G-D-G-B;2;"sim; dedo 1 na casa 2, cordas 2 a 4";;1;G;intermediário;"Numeração das cordas no CSV segue a ordem grave→agudo. X=abafada; 0=solta.";Dicionário anexado e voicings normalizados/gerados a partir da afinação padrão.
ukulele-G-2;ukulele;G;;G;Sol;maior;1 3 5;2;G-C-E-A;0-2-X-2;0-1-X-1;G-D-X-B;2;"sim; dedo 1 na casa 2, cordas 2 a 4";3;1;G;intermediário;"Numeração das cordas no CSV segue a ordem grave→agudo. X=abafada; 0=solta.";Dicionário anexado e voicings normalizados/gerados a partir da afinação padrão.
ukulele-G-3;ukulele;G;;G;Sol;maior;1 3 5;3;G-C-E-A;0-7-7-5;0-2-3-1;G-G-B-D;5;não;;1;G;intermediário;"Numeração das cordas no CSV segue a ordem grave→agudo. X=abafada; 0=solta.";Dicionário anexado e voicings normalizados/gerados a partir da afinação padrão.
ukulele-Gm-1;ukulele;Gm;;G;Sol;menor;1 b3 5;1;G-C-E-A;0-10-10-10;0-1-1-1;G-A#-D-G;10;"sim; dedo 1 na casa 10, cordas 2 a 4";;1;G;avançado;"Numeração das cordas no CSV segue a ordem grave→agudo. X=abafada; 0=solta.";Dicionário anexado e voicings normalizados/gerados a partir da afinação padrão.
ukulele-Gm-2;ukulele;Gm;;G;Sol;menor;1 b3 5;2;G-C-E-A;0-2-3-1;0-2-3-1;G-D-G-A#;1;não;;1;G;iniciante;"Numeração das cordas no CSV segue a ordem grave→agudo. X=abafada; 0=solta.";Dicionário anexado e voicings normalizados/gerados a partir da afinação padrão.
ukulele-Gm-3;ukulele;Gm;;G;Sol;menor;1 b3 5;3;G-C-E-A;0-2-X-1;0-2-X-1;G-D-X-A#;1;não;3;1;G;iniciante;"Numeração das cordas no CSV segue a ordem grave→agudo. X=abafada; 0=solta.";Dicionário anexado e voicings normalizados/gerados a partir da afinação padrão.
ukulele-G7-1;ukulele;G7;;G;Sol;sétima dominante;1 3 5 b7;1;G-C-E-A;0-2-1-2;0-2-1-3;G-D-F-B;1;não;;1;G;iniciante;"Numeração das cordas no CSV segue a ordem grave→agudo. X=abafada; 0=solta.";Dicionário anexado e voicings normalizados/gerados a partir da afinação padrão.
ukulele-G7-2;ukulele;G7;;G;Sol;sétima dominante;1 3 5 b7;2;G-C-E-A;0-5-7-5;0-1-2-1;G-F-B-D;5;"sim; dedo 1 na casa 5, cordas 2 a 4";;1;G;intermediário;"Numeração das cordas no CSV segue a ordem grave→agudo. X=abafada; 0=solta.";Dicionário anexado e voicings normalizados/gerados a partir da afinação padrão.
ukulele-G7-3;ukulele;G7;;G;Sol;sétima dominante;1 3 5 b7;3;G-C-E-A;7-7-7-8;1-1-1-2;D-G-B-F;7;"sim; dedo 1 na casa 7, cordas 1 a 3";;;D;avançado;"Numeração das cordas no CSV segue a ordem grave→agudo. X=abafada; 0=solta.";Dicionário anexado e voicings normalizados/gerados a partir da afinação padrão.
ukulele-Gmaj7-1;ukulele;Gmaj7;;G;Sol;sétima maior;1 3 5 7;1;G-C-E-A;0-2-2-2;0-1-1-1;G-D-F#-B;2;"sim; dedo 1 na casa 2, cordas 2 a 4";;1;G;intermediário;"Numeração das cordas no CSV segue a ordem grave→agudo. X=abafada; 0=solta.";Dicionário anexado e voicings normalizados/gerados a partir da afinação padrão.
ukulele-Gmaj7-2;ukulele;Gmaj7;;G;Sol;sétima maior;1 3 5 7;2;G-C-E-A;0-6-7-5;0-2-3-1;G-F#-B-D;5;não;;1;G;intermediário;"Numeração das cordas no CSV segue a ordem grave→agudo. X=abafada; 0=solta.";Dicionário anexado e voicings normalizados/gerados a partir da afinação padrão.
ukulele-Gmaj7-3;ukulele;Gmaj7;;G;Sol;sétima maior;1 3 5 7;3;G-C-E-A;7-7-7-9;1-1-1-2;D-G-B-F#;7;"sim; dedo 1 na casa 7, cordas 1 a 3";;;D;avançado;"Numeração das cordas no CSV segue a ordem grave→agudo. X=abafada; 0=solta.";Dicionário anexado e voicings normalizados/gerados a partir da afinação padrão.
ukulele-Gm7-1;ukulele;Gm7;;G;Sol;menor com sétima;1 b3 5 b7;1;G-C-E-A;0-2-1-1;0-2-1-1;G-D-F-A#;1;"sim; dedo 1 na casa 1, cordas 3 a 4";;1;G;intermediário;"Numeração das cordas no CSV segue a ordem grave→agudo. X=abafada; 0=solta.";Dicionário anexado e voicings normalizados/gerados a partir da afinação padrão.
ukulele-Gm7-2;ukulele;Gm7;;G;Sol;menor com sétima;1 b3 5 b7;2;G-C-E-A;0-5-6-5;0-1-2-1;G-F-A#-D;5;"sim; dedo 1 na casa 5, cordas 2 a 4";;1;G;intermediário;"Numeração das cordas no CSV segue a ordem grave→agudo. X=abafada; 0=solta.";Dicionário anexado e voicings normalizados/gerados a partir da afinação padrão.
ukulele-Gm7-3;ukulele;Gm7;;G;Sol;menor com sétima;1 b3 5 b7;3;G-C-E-A;0-10-10-8;0-2-3-1;G-A#-D-F;8;não;;1;G;avançado;"Numeração das cordas no CSV segue a ordem grave→agudo. X=abafada; 0=solta.";Dicionário anexado e voicings normalizados/gerados a partir da afinação padrão.
ukulele-G6-1;ukulele;G6;;G;Sol;sexta;1 3 5 6;1;G-C-E-A;0-2-0-2;0-1-0-1;G-D-E-B;2;"sim; dedo 1 na casa 2, cordas 2 a 4";;1,3;G;intermediário;"Numeração das cordas no CSV segue a ordem grave→agudo. X=abafada; 0=solta.";Dicionário anexado e voicings normalizados/gerados a partir da afinação padrão.
ukulele-G6-2;ukulele;G6;;G;Sol;sexta;1 3 5 6;2;G-C-E-A;0-4-7-5;0-1-3-2;G-E-B-D;4;não;;1;G;intermediário;"Numeração das cordas no CSV segue a ordem grave→agudo. X=abafada; 0=solta.";Dicionário anexado e voicings normalizados/gerados a partir da afinação padrão.
ukulele-G6-3;ukulele;G6;;G;Sol;sexta;1 3 5 6;3;G-C-E-A;7-7-7-7;1-1-1-1;D-G-B-E;7;"sim; dedo 1 na casa 7, cordas 1 a 4";;;D;intermediário;"Numeração das cordas no CSV segue a ordem grave→agudo. X=abafada; 0=solta.";Dicionário anexado e voicings normalizados/gerados a partir da afinação padrão.
ukulele-Gm6-1;ukulele;Gm6;;G;Sol;menor com sexta;1 b3 5 6;1;G-C-E-A;0-2-0-1;0-2-0-1;G-D-E-A#;1;não;;1,3;G;iniciante;"Numeração das cordas no CSV segue a ordem grave→agudo. X=abafada; 0=solta.";Dicionário anexado e voicings normalizados/gerados a partir da afinação padrão.
ukulele-Gm6-2;ukulele;Gm6;;G;Sol;menor com sexta;1 b3 5 6;2;G-C-E-A;0-4-6-5;0-1-3-2;G-E-A#-D;4;não;;1;G;intermediário;"Numeração das cordas no CSV segue a ordem grave→agudo. X=abafada; 0=solta.";Dicionário anexado e voicings normalizados/gerados a partir da afinação padrão.
ukulele-Gm6-3;ukulele;Gm6;;G;Sol;menor com sexta;1 b3 5 6;3;G-C-E-A;0-10-10-7;0-2-3-1;G-A#-D-E;7;não;;1;G;avançado;"Numeração das cordas no CSV segue a ordem grave→agudo. X=abafada; 0=solta.";Dicionário anexado e voicings normalizados/gerados a partir da afinação padrão.
ukulele-Gdim-1;ukulele;Gdim;;G;Sol;diminuto;1 b3 b5;1;G-C-E-A;0-1-X-1;0-1-X-1;G-C#-X-A#;1;"sim; dedo 1 na casa 1, cordas 2 a 4";3;1;G;intermediário;"Numeração das cordas no CSV segue a ordem grave→agudo. X=abafada; 0=solta.";Dicionário anexado e voicings normalizados/gerados a partir da afinação padrão.
ukulele-Gdim-2;ukulele;Gdim;;G;Sol;diminuto;1 b3 b5;2;G-C-E-A;0-1-3-1;0-1-2-1;G-C#-G-A#;1;"sim; dedo 1 na casa 1, cordas 2 a 4";;1;G;intermediário;"Numeração das cordas no CSV segue a ordem grave→agudo. X=abafada; 0=solta.";Dicionário anexado e voicings normalizados/gerados a partir da afinação padrão.
ukulele-Gdim-3;ukulele;Gdim;;G;Sol;diminuto;1 b3 b5;3;G-C-E-A;0-10-9-10;0-2-1-3;G-A#-C#-G;9;não;;1;G;avançado;"Numeração das cordas no CSV segue a ordem grave→agudo. X=abafada; 0=solta.";Dicionário anexado e voicings normalizados/gerados a partir da afinação padrão.
ukulele-Gaug-1;ukulele;Gaug;;G;Sol;aumentado;1 3 #5;1;G-C-E-A;0-3-3-2;0-2-3-1;G-D#-G-B;2;não;;1;G;iniciante;"Numeração das cordas no CSV segue a ordem grave→agudo. X=abafada; 0=solta.";Dicionário anexado e voicings normalizados/gerados a partir da afinação padrão.
ukulele-Gaug-2;ukulele;Gaug;;G;Sol;aumentado;1 3 #5;2;G-C-E-A;0-7-7-6;0-2-3-1;G-G-B-D#;6;não;;1;G;intermediário;"Numeração das cordas no CSV segue a ordem grave→agudo. X=abafada; 0=solta.";Dicionário anexado e voicings normalizados/gerados a partir da afinação padrão.
ukulele-Gaug-3;ukulele;Gaug;;G;Sol;aumentado;1 3 #5;3;G-C-E-A;0-3-X-2;0-2-X-1;G-D#-X-B;2;não;3;1;G;iniciante;"Numeração das cordas no CSV segue a ordem grave→agudo. X=abafada; 0=solta.";Dicionário anexado e voicings normalizados/gerados a partir da afinação padrão.
ukulele-Gsus2-1;ukulele;Gsus2;;G;Sol;suspenso com segunda;1 2 5;1;G-C-E-A;0-2-3-0;0-1-2-0;G-D-G-A;2;não;;1,4;G;iniciante;"Numeração das cordas no CSV segue a ordem grave→agudo. X=abafada; 0=solta.";Dicionário anexado e voicings normalizados/gerados a partir da afinação padrão.
ukulele-Gsus2-2;ukulele;Gsus2;;G;Sol;suspenso com segunda;1 2 5;2;G-C-E-A;0-2-X-0;0-1-X-0;G-D-X-A;2;não;3;1,4;G;iniciante;"Numeração das cordas no CSV segue a ordem grave→agudo. X=abafada; 0=solta.";Dicionário anexado e voicings normalizados/gerados a partir da afinação padrão.
ukulele-Gsus2-3;ukulele;Gsus2;;G;Sol;suspenso com segunda;1 2 5;3;G-C-E-A;0-9-10-0;0-1-2-0;G-A-D-A;9;não;;1,4;G;avançado;"Numeração das cordas no CSV segue a ordem grave→agudo. X=abafada; 0=solta.";Dicionário anexado e voicings normalizados/gerados a partir da afinação padrão.
ukulele-Gsus4-1;ukulele;Gsus4;;G;Sol;suspenso com quarta;1 4 5;1;G-C-E-A;0-0-10-10;0-0-1-1;G-C-D-G;10;"sim; dedo 1 na casa 10, cordas 3 a 4";;1,2;G;avançado;"Numeração das cordas no CSV segue a ordem grave→agudo. X=abafada; 0=solta.";Dicionário anexado e voicings normalizados/gerados a partir da afinação padrão.
ukulele-Gsus4-2;ukulele;Gsus4;;G;Sol;suspenso com quarta;1 4 5;2;G-C-E-A;0-0-X-5;0-0-X-1;G-C-X-D;5;não;3;1,2;G;intermediário;"Numeração das cordas no CSV segue a ordem grave→agudo. X=abafada; 0=solta.";Dicionário anexado e voicings normalizados/gerados a partir da afinação padrão.
ukulele-Gsus4-3;ukulele;Gsus4;;G;Sol;suspenso com quarta;1 4 5;3;G-C-E-A;0-2-3-3;0-1-2-3;G-D-G-C;2;não;;1;G;iniciante;"Numeração das cordas no CSV segue a ordem grave→agudo. X=abafada; 0=solta.";Dicionário anexado e voicings normalizados/gerados a partir da afinação padrão.
ukulele-Gadd9-1;ukulele;Gadd9;;G;Sol;com nona adicionada;1 3 5 9;1;G-C-E-A;0-2-5-2;0-1-2-1;G-D-A-B;2;"sim; dedo 1 na casa 2, cordas 2 a 4";;1;G;intermediário;"Numeração das cordas no CSV segue a ordem grave→agudo. X=abafada; 0=solta.";Dicionário anexado e voicings normalizados/gerados a partir da afinação padrão.
ukulele-Gadd9-2;ukulele;Gadd9;;G;Sol;com nona adicionada;1 3 5 9;2;G-C-E-A;7-7-7-0;1-1-1-0;D-G-B-A;7;"sim; dedo 1 na casa 7, cordas 1 a 3";;4;D;intermediário;"Numeração das cordas no CSV segue a ordem grave→agudo. X=abafada; 0=solta.";Dicionário anexado e voicings normalizados/gerados a partir da afinação padrão.
ukulele-Gadd9-3;ukulele;Gadd9;;G;Sol;com nona adicionada;1 3 5 9;3;G-C-E-A;0-9-7-5;0-3-2-1;G-A-B-D;5;não;;1;G;avançado;"Numeração das cordas no CSV segue a ordem grave→agudo. X=abafada; 0=solta.";Dicionário anexado e voicings normalizados/gerados a partir da afinação padrão.
ukulele-G9-1;ukulele;G9;;G;Sol;nona dominante;1 3 5 b7 9;1;G-C-E-A;0-5-7-0;0-1-2-0;G-F-B-A;5;não;;1,4;G;intermediário;"Numeração das cordas no CSV segue a ordem grave→agudo. X=abafada; 0=solta.";Dicionário anexado e voicings normalizados/gerados a partir da afinação padrão.
ukulele-G9-2;ukulele;G9;;G;Sol;nona dominante;1 3 5 b7 9;2;G-C-E-A;0-9-7-8;0-3-1-2;G-A-B-F;7;não;;1;G;avançado;"Numeração das cordas no CSV segue a ordem grave→agudo. X=abafada; 0=solta.";Dicionário anexado e voicings normalizados/gerados a partir da afinação padrão.
ukulele-G9-3;ukulele;G9;;G;Sol;nona dominante;1 3 5 b7 9;3;G-C-E-A;0-5-5-2;0-2-3-1;G-F-A-B;2;não;;1;G;intermediário;"Numeração das cordas no CSV segue a ordem grave→agudo. X=abafada; 0=solta.";Dicionário anexado e voicings normalizados/gerados a partir da afinação padrão.
ukulele-G5-1;ukulele;G5;;G;Sol;quinta (power chord);1 5;1;G-C-E-A;0-2-3-X;0-1-2-X;G-D-G-X;2;não;4;1;G;iniciante;"Numeração das cordas no CSV segue a ordem grave→agudo. X=abafada; 0=solta.";Dicionário anexado e voicings normalizados/gerados a partir da afinação padrão.
ukulele-G5-2;ukulele;G5;;G;Sol;quinta (power chord);1 5;2;G-C-E-A;0-X-10-10;0-X-1-1;G-X-D-G;10;"sim; dedo 1 na casa 10, cordas 3 a 4";2;1;G;avançado;"Numeração das cordas no CSV segue a ordem grave→agudo. X=abafada; 0=solta.";Dicionário anexado e voicings normalizados/gerados a partir da afinação padrão.
ukulele-G5-3;ukulele;G5;;G;Sol;quinta (power chord);1 5;3;G-C-E-A;0-2-3-5;0-1-2-3;G-D-G-D;2;não;;1;G;intermediário;"Numeração das cordas no CSV segue a ordem grave→agudo. X=abafada; 0=solta.";Dicionário anexado e voicings normalizados/gerados a partir da afinação padrão.
ukulele-G7b5-1;ukulele;G7b5;;G;Sol;sétima com quinta diminuta;1 3 b5 b7;1;G-C-E-A;0-1-1-2;0-1-1-2;G-C#-F-B;1;"sim; dedo 1 na casa 1, cordas 2 a 3";;1;G;intermediário;"Numeração das cordas no CSV segue a ordem grave→agudo. X=abafada; 0=solta.";Dicionário anexado e voicings normalizados/gerados a partir da afinação padrão.
ukulele-G7b5-2;ukulele;G7b5;;G;Sol;sétima com quinta diminuta;1 3 b5 b7;2;G-C-E-A;0-5-7-4;0-2-3-1;G-F-B-C#;4;não;;1;G;intermediário;"Numeração das cordas no CSV segue a ordem grave→agudo. X=abafada; 0=solta.";Dicionário anexado e voicings normalizados/gerados a partir da afinação padrão.
ukulele-G7b5-3;ukulele;G7b5;;G;Sol;sétima com quinta diminuta;1 3 b5 b7;3;G-C-E-A;4-5-3-4;2-4-1-3;B-F-G-C#;3;não;;;B;intermediário;"Numeração das cordas no CSV segue a ordem grave→agudo. X=abafada; 0=solta.";Dicionário anexado e voicings normalizados/gerados a partir da afinação padrão.
ukulele-G#-1;ukulele;G#;Ab;G#;Sol sustenido;maior;1 3 5;1;G-C-E-A;1-3-4-3;1-2-4-3;G#-D#-G#-C;1;não;;;G#;intermediário;"Numeração das cordas no CSV segue a ordem grave→agudo. X=abafada; 0=solta.";Dicionário anexado e voicings normalizados/gerados a partir da afinação padrão.
ukulele-G#-2;ukulele;G#;Ab;G#;Sol sustenido;maior;1 3 5;2;G-C-E-A;1-3-X-3;1-2-X-3;G#-D#-X-C;1;não;3;;G#;iniciante;"Numeração das cordas no CSV segue a ordem grave→agudo. X=abafada; 0=solta.";Dicionário anexado e voicings normalizados/gerados a partir da afinação padrão.
ukulele-G#-3;ukulele;G#;Ab;G#;Sol sustenido;maior;1 3 5;3;G-C-E-A;X-8-8-6;X-2-3-1;X-G#-C-D#;6;não;1;;G#;avançado;"Numeração das cordas no CSV segue a ordem grave→agudo. X=abafada; 0=solta.";Dicionário anexado e voicings normalizados/gerados a partir da afinação padrão.
ukulele-G#m-1;ukulele;G#m;Abm;G#;Sol sustenido;menor;1 b3 5;1;G-C-E-A;1-3-4-2;1-3-4-2;G#-D#-G#-B;1;não;;;G#;intermediário;"Numeração das cordas no CSV segue a ordem grave→agudo. X=abafada; 0=solta.";Dicionário anexado e voicings normalizados/gerados a partir da afinação padrão.
ukulele-G#m-2;ukulele;G#m;Abm;G#;Sol sustenido;menor;1 b3 5;2;G-C-E-A;1-3-X-2;1-3-X-2;G#-D#-X-B;1;não;3;;G#;iniciante;"Numeração das cordas no CSV segue a ordem grave→agudo. X=abafada; 0=solta.";Dicionário anexado e voicings normalizados/gerados a partir da afinação padrão.
ukulele-G#m-3;ukulele;G#m;Abm;G#;Sol sustenido;menor;1 b3 5;3;G-C-E-A;X-8-7-6;X-3-2-1;X-G#-B-D#;6;não;1;;G#;avançado;"Numeração das cordas no CSV segue a ordem grave→agudo. X=abafada; 0=solta.";Dicionário anexado e voicings normalizados/gerados a partir da afinação padrão.
ukulele-G#7-1;ukulele;G#7;Ab7;G#;Sol sustenido;sétima dominante;1 3 5 b7;1;G-C-E-A;1-3-2-3;1-3-2-4;G#-D#-F#-C;1;não;;;G#;intermediário;"Numeração das cordas no CSV segue a ordem grave→agudo. X=abafada; 0=solta.";Dicionário anexado e voicings normalizados/gerados a partir da afinação padrão.
ukulele-G#7-2;ukulele;G#7;Ab7;G#;Sol sustenido;sétima dominante;1 3 5 b7;2;G-C-E-A;8-8-8-9;1-1-1-2;D#-G#-C-F#;8;"sim; dedo 1 na casa 8, cordas 1 a 3";;;D#;avançado;"Numeração das cordas no CSV segue a ordem grave→agudo. X=abafada; 0=solta.";Dicionário anexado e voicings normalizados/gerados a partir da afinação padrão.
ukulele-G#7-3;ukulele;G#7;Ab7;G#;Sol sustenido;sétima dominante;1 3 5 b7;3;G-C-E-A;5-6-4-6;2-3-1-4;C-F#-G#-D#;4;não;;;C;intermediário;"Numeração das cordas no CSV segue a ordem grave→agudo. X=abafada; 0=solta.";Dicionário anexado e voicings normalizados/gerados a partir da afinação padrão.
ukulele-G#maj7-1;ukulele;G#maj7;Abmaj7;G#;Sol sustenido;sétima maior;1 3 5 7;1;G-C-E-A;1-3-3-3;1-2-3-4;G#-D#-G-C;1;não;;;G#;intermediário;"Numeração das cordas no CSV segue a ordem grave→agudo. X=abafada; 0=solta.";Dicionário anexado e voicings normalizados/gerados a partir da afinação padrão.
ukulele-G#maj7-2;ukulele;G#maj7;Abmaj7;G#;Sol sustenido;sétima maior;1 3 5 7;2;G-C-E-A;8-8-8-10;1-1-1-2;D#-G#-C-G;8;"sim; dedo 1 na casa 8, cordas 1 a 3";;;D#;avançado;"Numeração das cordas no CSV segue a ordem grave→agudo. X=abafada; 0=solta.";Dicionário anexado e voicings normalizados/gerados a partir da afinação padrão.
ukulele-G#maj7-3;ukulele;G#maj7;Abmaj7;G#;Sol sustenido;sétima maior;1 3 5 7;3;G-C-E-A;0-3-4-3;0-1-2-1;G-D#-G#-C;3;"sim; dedo 1 na casa 3, cordas 2 a 4";;1;G;intermediário;"Numeração das cordas no CSV segue a ordem grave→agudo. X=abafada; 0=solta.";Dicionário anexado e voicings normalizados/gerados a partir da afinação padrão.
ukulele-G#m7-1;ukulele;G#m7;Abm7;G#;Sol sustenido;menor com sétima;1 b3 5 b7;1;G-C-E-A;1-3-2-2;1-4-2-3;G#-D#-F#-B;1;não;;;G#;intermediário;"Numeração das cordas no CSV segue a ordem grave→agudo. X=abafada; 0=solta.";Dicionário anexado e voicings normalizados/gerados a partir da afinação padrão.
ukulele-G#m7-2;ukulele;G#m7;Abm7;G#;Sol sustenido;menor com sétima;1 b3 5 b7;2;G-C-E-A;8-8-7-9;2-3-1-4;D#-G#-B-F#;7;não;;;D#;avançado;"Numeração das cordas no CSV segue a ordem grave→agudo. X=abafada; 0=solta.";Dicionário anexado e voicings normalizados/gerados a partir da afinação padrão.
ukulele-G#m7-3;ukulele;G#m7;Abm7;G#;Sol sustenido;menor com sétima;1 b3 5 b7;3;G-C-E-A;4-6-4-6;1-2-1-3;B-F#-G#-D#;4;"sim; dedo 1 na casa 4, cordas 1 a 3";;;B;intermediário;"Numeração das cordas no CSV segue a ordem grave→agudo. X=abafada; 0=solta.";Dicionário anexado e voicings normalizados/gerados a partir da afinação padrão.
ukulele-G#6-1;ukulele;G#6;Ab6;G#;Sol sustenido;sexta;1 3 5 6;1;G-C-E-A;1-3-1-3;1-2-1-3;G#-D#-F-C;1;"sim; dedo 1 na casa 1, cordas 1 a 3";;;G#;intermediário;"Numeração das cordas no CSV segue a ordem grave→agudo. X=abafada; 0=solta.";Dicionário anexado e voicings normalizados/gerados a partir da afinação padrão.
ukulele-G#6-2;ukulele;G#6;Ab6;G#;Sol sustenido;sexta;1 3 5 6;2;G-C-E-A;8-8-8-8;1-1-1-1;D#-G#-C-F;8;"sim; dedo 1 na casa 8, cordas 1 a 4";;;D#;avançado;"Numeração das cordas no CSV segue a ordem grave→agudo. X=abafada; 0=solta.";Dicionário anexado e voicings normalizados/gerados a partir da afinação padrão.
ukulele-G#6-3;ukulele;G#6;Ab6;G#;Sol sustenido;sexta;1 3 5 6;3;G-C-E-A;8-0-4-8;2-0-1-3;D#-C-G#-F;4;não;;2;D#;avançado;"Numeração das cordas no CSV segue a ordem grave→agudo. X=abafada; 0=solta.";Dicionário anexado e voicings normalizados/gerados a partir da afinação padrão.
ukulele-G#m6-1;ukulele;G#m6;Abm6;G#;Sol sustenido;menor com sexta;1 b3 5 6;1;G-C-E-A;1-3-1-2;1-3-1-2;G#-D#-F-B;1;"sim; dedo 1 na casa 1, cordas 1 a 3";;;G#;intermediário;"Numeração das cordas no CSV segue a ordem grave→agudo. X=abafada; 0=solta.";Dicionário anexado e voicings normalizados/gerados a partir da afinação padrão.
ukulele-G#m6-2;ukulele;G#m6;Abm6;G#;Sol sustenido;menor com sexta;1 b3 5 6;2;G-C-E-A;8-8-7-8;2-3-1-4;D#-G#-B-F;7;não;;;D#;avançado;"Numeração das cordas no CSV segue a ordem grave→agudo. X=abafada; 0=solta.";Dicionário anexado e voicings normalizados/gerados a partir da afinação padrão.
ukulele-G#m6-3;ukulele;G#m6;Abm6;G#;Sol sustenido;menor com sexta;1 b3 5 6;3;G-C-E-A;4-5-4-6;1-2-1-3;B-F-G#-D#;4;"sim; dedo 1 na casa 4, cordas 1 a 3";;;B;intermediário;"Numeração das cordas no CSV segue a ordem grave→agudo. X=abafada; 0=solta.";Dicionário anexado e voicings normalizados/gerados a partir da afinação padrão.
ukulele-G#dim-1;ukulele;G#dim;Abdim;G#;Sol sustenido;diminuto;1 b3 b5;1;G-C-E-A;1-2-X-2;1-2-X-3;G#-D-X-B;1;não;3;;G#;iniciante;"Numeração das cordas no CSV segue a ordem grave→agudo. X=abafada; 0=solta.";Dicionário anexado e voicings normalizados/gerados a partir da afinação padrão.
ukulele-G#dim-2;ukulele;G#dim;Abdim;G#;Sol sustenido;diminuto;1 b3 b5;2;G-C-E-A;1-2-4-2;1-2-4-3;G#-D-G#-B;1;não;;;G#;intermediário;"Numeração das cordas no CSV segue a ordem grave→agudo. X=abafada; 0=solta.";Dicionário anexado e voicings normalizados/gerados a partir da afinação padrão.
ukulele-G#dim-3;ukulele;G#dim;Abdim;G#;Sol sustenido;diminuto;1 b3 b5;3;G-C-E-A;X-8-7-5;X-3-2-1;X-G#-B-D;5;não;1;;G#;avançado;"Numeração das cordas no CSV segue a ordem grave→agudo. X=abafada; 0=solta.";Dicionário anexado e voicings normalizados/gerados a partir da afinação padrão.
ukulele-G#aug-1;ukulele;G#aug;Abaug;G#;Sol sustenido;aumentado;1 3 #5;1;G-C-E-A;1-0-0-X;1-0-0-X;G#-C-E-X;1;não;4;2,3;G#;iniciante;"Numeração das cordas no CSV segue a ordem grave→agudo. X=abafada; 0=solta.";Dicionário anexado e voicings normalizados/gerados a partir da afinação padrão.
ukulele-G#aug-2;ukulele;G#aug;Abaug;G#;Sol sustenido;aumentado;1 3 #5;2;G-C-E-A;1-0-0-3;1-0-0-2;G#-C-E-C;1;não;;2,3;G#;iniciante;"Numeração das cordas no CSV segue a ordem grave→agudo. X=abafada; 0=solta.";Dicionário anexado e voicings normalizados/gerados a partir da afinação padrão.
ukulele-G#aug-3;ukulele;G#aug;Abaug;G#;Sol sustenido;aumentado;1 3 #5;3;G-C-E-A;1-4-0-3;1-3-0-2;G#-E-E-C;1;não;;3;G#;iniciante;"Numeração das cordas no CSV segue a ordem grave→agudo. X=abafada; 0=solta.";Dicionário anexado e voicings normalizados/gerados a partir da afinação padrão.
ukulele-G#sus2-1;ukulele;G#sus2;Absus2;G#;Sol sustenido;suspenso com segunda;1 2 5;1;G-C-E-A;1-3-4-1;1-2-3-1;G#-D#-G#-A#;1;"sim; dedo 1 na casa 1, cordas 1 a 4";;;G#;intermediário;"Numeração das cordas no CSV segue a ordem grave→agudo. X=abafada; 0=solta.";Dicionário anexado e voicings normalizados/gerados a partir da afinação padrão.
ukulele-G#sus2-2;ukulele;G#sus2;Absus2;G#;Sol sustenido;suspenso com segunda;1 2 5;2;G-C-E-A;1-3-X-1;1-2-X-1;G#-D#-X-A#;1;"sim; dedo 1 na casa 1, cordas 1 a 4";3;;G#;intermediário;"Numeração das cordas no CSV segue a ordem grave→agudo. X=abafada; 0=solta.";Dicionário anexado e voicings normalizados/gerados a partir da afinação padrão.
ukulele-G#sus2-3;ukulele;G#sus2;Absus2;G#;Sol sustenido;suspenso com segunda;1 2 5;3;G-C-E-A;X-8-6-6;X-2-1-1;X-G#-A#-D#;6;"sim; dedo 1 na casa 6, cordas 3 a 4";1;;G#;avançado;"Numeração das cordas no CSV segue a ordem grave→agudo. X=abafada; 0=solta.";Dicionário anexado e voicings normalizados/gerados a partir da afinação padrão.
ukulele-G#sus4-1;ukulele;G#sus4;Absus4;G#;Sol sustenido;suspenso com quarta;1 4 5;1;G-C-E-A;1-3-4-4;1-2-3-4;G#-D#-G#-C#;1;não;;;G#;intermediário;"Numeração das cordas no CSV segue a ordem grave→agudo. X=abafada; 0=solta.";Dicionário anexado e voicings normalizados/gerados a partir da afinação padrão.
ukulele-G#sus4-2;ukulele;G#sus4;Absus4;G#;Sol sustenido;suspenso com quarta;1 4 5;2;G-C-E-A;1-3-X-4;1-2-X-3;G#-D#-X-C#;1;não;3;;G#;iniciante;"Numeração das cordas no CSV segue a ordem grave→agudo. X=abafada; 0=solta.";Dicionário anexado e voicings normalizados/gerados a partir da afinação padrão.
ukulele-G#sus4-3;ukulele;G#sus4;Absus4;G#;Sol sustenido;suspenso com quarta;1 4 5;3;G-C-E-A;X-8-9-6;X-2-3-1;X-G#-C#-D#;6;não;1;;G#;avançado;"Numeração das cordas no CSV segue a ordem grave→agudo. X=abafada; 0=solta.";Dicionário anexado e voicings normalizados/gerados a partir da afinação padrão.
ukulele-G#add9-1;ukulele;G#add9;Abadd9;G#;Sol sustenido;com nona adicionada;1 3 5 9;1;G-C-E-A;3-3-4-3;1-1-2-1;A#-D#-G#-C;3;"sim; dedo 1 na casa 3, cordas 1 a 4";;;A#;intermediário;"Numeração das cordas no CSV segue a ordem grave→agudo. X=abafada; 0=solta.";Dicionário anexado e voicings normalizados/gerados a partir da afinação padrão.
ukulele-G#add9-2;ukulele;G#add9;Abadd9;G#;Sol sustenido;com nona adicionada;1 3 5 9;2;G-C-E-A;3-0-4-6;1-0-2-3;A#-C-G#-D#;3;não;;2;A#;intermediário;"Numeração das cordas no CSV segue a ordem grave→agudo. X=abafada; 0=solta.";Dicionário anexado e voicings normalizados/gerados a partir da afinação padrão.
ukulele-G#add9-3;ukulele;G#add9;Abadd9;G#;Sol sustenido;com nona adicionada;1 3 5 9;3;G-C-E-A;5-8-6-6;1-4-2-3;C-G#-A#-D#;5;não;;;C;avançado;"Numeração das cordas no CSV segue a ordem grave→agudo. X=abafada; 0=solta.";Dicionário anexado e voicings normalizados/gerados a partir da afinação padrão.
ukulele-G#9-1;ukulele;G#9;Ab9;G#;Sol sustenido;nona dominante;1 3 5 b7 9;1;G-C-E-A;1-0-2-1;1-0-2-1;G#-C-F#-A#;1;"sim; dedo 1 na casa 1, cordas 1 a 4";;2;G#;intermediário;"Numeração das cordas no CSV segue a ordem grave→agudo. X=abafada; 0=solta.";Dicionário anexado e voicings normalizados/gerados a partir da afinação padrão.
ukulele-G#9-2;ukulele;G#9;Ab9;G#;Sol sustenido;nona dominante;1 3 5 b7 9;2;G-C-E-A;3-6-4-3;1-3-2-1;A#-F#-G#-C;3;"sim; dedo 1 na casa 3, cordas 1 a 4";;;A#;intermediário;"Numeração das cordas no CSV segue a ordem grave→agudo. X=abafada; 0=solta.";Dicionário anexado e voicings normalizados/gerados a partir da afinação padrão.
ukulele-G#9-3;ukulele;G#9;Ab9;G#;Sol sustenido;nona dominante;1 3 5 b7 9;3;G-C-E-A;5-8-6-9;1-3-2-4;C-G#-A#-F#;5;não;;;C;avançado;"Numeração das cordas no CSV segue a ordem grave→agudo. X=abafada; 0=solta.";Dicionário anexado e voicings normalizados/gerados a partir da afinação padrão.
ukulele-G#5-1;ukulele;G#5;Ab5;G#;Sol sustenido;quinta (power chord);1 5;1;G-C-E-A;1-3-4-X;1-2-3-X;G#-D#-G#-X;1;não;4;;G#;iniciante;"Numeração das cordas no CSV segue a ordem grave→agudo. X=abafada; 0=solta.";Dicionário anexado e voicings normalizados/gerados a partir da afinação padrão.
ukulele-G#5-2;ukulele;G#5;Ab5;G#;Sol sustenido;quinta (power chord);1 5;2;G-C-E-A;X-8-4-6;X-3-1-2;X-G#-G#-D#;4;não;1;;G#;avançado;"Numeração das cordas no CSV segue a ordem grave→agudo. X=abafada; 0=solta.";Dicionário anexado e voicings normalizados/gerados a partir da afinação padrão.
ukulele-G#5-3;ukulele;G#5;Ab5;G#;Sol sustenido;quinta (power chord);1 5;3;G-C-E-A;8-8-X-6;2-3-X-1;D#-G#-X-D#;6;não;3;;D#;avançado;"Numeração das cordas no CSV segue a ordem grave→agudo. X=abafada; 0=solta.";Dicionário anexado e voicings normalizados/gerados a partir da afinação padrão.
ukulele-G#7b5-1;ukulele;G#7b5;Ab7b5;G#;Sol sustenido;sétima com quinta diminuta;1 3 b5 b7;1;G-C-E-A;1-2-2-3;1-2-3-4;G#-D-F#-C;1;não;;;G#;intermediário;"Numeração das cordas no CSV segue a ordem grave→agudo. X=abafada; 0=solta.";Dicionário anexado e voicings normalizados/gerados a partir da afinação padrão.
ukulele-G#7b5-2;ukulele;G#7b5;Ab7b5;G#;Sol sustenido;sétima com quinta diminuta;1 3 b5 b7;2;G-C-E-A;1-0-2-5;1-0-2-3;G#-C-F#-D;1;não;;2;G#;intermediário;"Numeração das cordas no CSV segue a ordem grave→agudo. X=abafada; 0=solta.";Dicionário anexado e voicings normalizados/gerados a partir da afinação padrão.
ukulele-G#7b5-3;ukulele;G#7b5;Ab7b5;G#;Sol sustenido;sétima com quinta diminuta;1 3 b5 b7;3;G-C-E-A;5-6-4-5;2-4-1-3;C-F#-G#-D;4;não;;;C;intermediário;"Numeração das cordas no CSV segue a ordem grave→agudo. X=abafada; 0=solta.";Dicionário anexado e voicings normalizados/gerados a partir da afinação padrão.
ukulele-A-1;ukulele;A;;A;Lá;maior;1 3 5;1;G-C-E-A;2-1-0-0;2-1-0-0;A-C#-E-A;1;não;;3,4;A;iniciante;"Numeração das cordas no CSV segue a ordem grave→agudo. X=abafada; 0=solta.";Dicionário anexado e voicings normalizados/gerados a partir da afinação padrão.
ukulele-A-2;ukulele;A;;A;Lá;maior;1 3 5;2;G-C-E-A;2-1-0-X;2-1-0-X;A-C#-E-X;1;não;4;3;A;iniciante;"Numeração das cordas no CSV segue a ordem grave→agudo. X=abafada; 0=solta.";Dicionário anexado e voicings normalizados/gerados a partir da afinação padrão.
ukulele-A-3;ukulele;A;;A;Lá;maior;1 3 5;3;G-C-E-A;2-4-0-4;1-2-0-3;A-E-E-C#;2;não;;3;A;iniciante;"Numeração das cordas no CSV segue a ordem grave→agudo. X=abafada; 0=solta.";Dicionário anexado e voicings normalizados/gerados a partir da afinação padrão.
ukulele-Am-1;ukulele;Am;;A;Lá;menor;1 b3 5;1;G-C-E-A;2-0-0-0;1-0-0-0;A-C-E-A;2;não;;2,3,4;A;iniciante;"Numeração das cordas no CSV segue a ordem grave→agudo. X=abafada; 0=solta.";Dicionário anexado e voicings normalizados/gerados a partir da afinação padrão.
ukulele-Am-2;ukulele;Am;;A;Lá;menor;1 b3 5;2;G-C-E-A;2-0-0-3;1-0-0-2;A-C-E-C;2;não;;2,3;A;iniciante;"Numeração das cordas no CSV segue a ordem grave→agudo. X=abafada; 0=solta.";Dicionário anexado e voicings normalizados/gerados a partir da afinação padrão.
ukulele-Am-3;ukulele;Am;;A;Lá;menor;1 b3 5;3;G-C-E-A;2-0-0-X;1-0-0-X;A-C-E-X;2;não;4;2,3;A;iniciante;"Numeração das cordas no CSV segue a ordem grave→agudo. X=abafada; 0=solta.";Dicionário anexado e voicings normalizados/gerados a partir da afinação padrão.
ukulele-A7-1;ukulele;A7;;A;Lá;sétima dominante;1 3 5 b7;1;G-C-E-A;2-4-3-4;1-3-2-4;A-E-G-C#;2;não;;;A;intermediário;"Numeração das cordas no CSV segue a ordem grave→agudo. X=abafada; 0=solta.";Dicionário anexado e voicings normalizados/gerados a partir da afinação padrão.
ukulele-A7-2;ukulele;A7;;A;Lá;sétima dominante;1 3 5 b7;2;G-C-E-A;0-1-0-0;0-1-0-0;G-C#-E-A;1;não;;1,3,4;G;iniciante;"Numeração das cordas no CSV segue a ordem grave→agudo. X=abafada; 0=solta.";Dicionário anexado e voicings normalizados/gerados a partir da afinação padrão.
ukulele-A7-3;ukulele;A7;;A;Lá;sétima dominante;1 3 5 b7;3;G-C-E-A;9-7-9-0;2-1-3-0;E-G-C#-A;7;não;;4;E;avançado;"Numeração das cordas no CSV segue a ordem grave→agudo. X=abafada; 0=solta.";Dicionário anexado e voicings normalizados/gerados a partir da afinação padrão.
ukulele-Amaj7-1;ukulele;Amaj7;;A;Lá;sétima maior;1 3 5 7;1;G-C-E-A;2-4-4-4;1-2-3-4;A-E-G#-C#;2;não;;;A;intermediário;"Numeração das cordas no CSV segue a ordem grave→agudo. X=abafada; 0=solta.";Dicionário anexado e voicings normalizados/gerados a partir da afinação padrão.
ukulele-Amaj7-2;ukulele;Amaj7;;A;Lá;sétima maior;1 3 5 7;2;G-C-E-A;9-8-9-0;2-1-3-0;E-G#-C#-A;8;não;;4;E;avançado;"Numeração das cordas no CSV segue a ordem grave→agudo. X=abafada; 0=solta.";Dicionário anexado e voicings normalizados/gerados a partir da afinação padrão.
ukulele-Amaj7-3;ukulele;Amaj7;;A;Lá;sétima maior;1 3 5 7;3;G-C-E-A;1-1-0-0;1-1-0-0;G#-C#-E-A;1;"sim; dedo 1 na casa 1, cordas 1 a 2";;3,4;G#;intermediário;"Numeração das cordas no CSV segue a ordem grave→agudo. X=abafada; 0=solta.";Dicionário anexado e voicings normalizados/gerados a partir da afinação padrão.
ukulele-Am7-1;ukulele;Am7;;A;Lá;menor com sétima;1 b3 5 b7;1;G-C-E-A;2-4-3-3;1-4-2-3;A-E-G-C;2;não;;;A;intermediário;"Numeração das cordas no CSV segue a ordem grave→agudo. X=abafada; 0=solta.";Dicionário anexado e voicings normalizados/gerados a partir da afinação padrão.
ukulele-Am7-2;ukulele;Am7;;A;Lá;menor com sétima;1 b3 5 b7;2;G-C-E-A;0-0-0-0;0-0-0-0;G-C-E-A;0;não;;1,2,3,4;G;iniciante;"Numeração das cordas no CSV segue a ordem grave→agudo. X=abafada; 0=solta.";Dicionário anexado e voicings normalizados/gerados a partir da afinação padrão.
ukulele-Am7-3;ukulele;Am7;;A;Lá;menor com sétima;1 b3 5 b7;3;G-C-E-A;9-7-8-0;3-1-2-0;E-G-C-A;7;não;;4;E;avançado;"Numeração das cordas no CSV segue a ordem grave→agudo. X=abafada; 0=solta.";Dicionário anexado e voicings normalizados/gerados a partir da afinação padrão.
ukulele-A6-1;ukulele;A6;;A;Lá;sexta;1 3 5 6;1;G-C-E-A;2-4-2-4;1-2-1-3;A-E-F#-C#;2;"sim; dedo 1 na casa 2, cordas 1 a 3";;;A;intermediário;"Numeração das cordas no CSV segue a ordem grave→agudo. X=abafada; 0=solta.";Dicionário anexado e voicings normalizados/gerados a partir da afinação padrão.
ukulele-A6-2;ukulele;A6;;A;Lá;sexta;1 3 5 6;2;G-C-E-A;2-6-0-4;1-3-0-2;A-F#-E-C#;2;não;;3;A;intermediário;"Numeração das cordas no CSV segue a ordem grave→agudo. X=abafada; 0=solta.";Dicionário anexado e voicings normalizados/gerados a partir da afinação padrão.
ukulele-A6-3;ukulele;A6;;A;Lá;sexta;1 3 5 6;3;G-C-E-A;9-9-9-9;1-1-1-1;E-A-C#-F#;9;"sim; dedo 1 na casa 9, cordas 1 a 4";;;E;avançado;"Numeração das cordas no CSV segue a ordem grave→agudo. X=abafada; 0=solta.";Dicionário anexado e voicings normalizados/gerados a partir da afinação padrão.
ukulele-Am6-1;ukulele;Am6;;A;Lá;menor com sexta;1 b3 5 6;1;G-C-E-A;2-4-2-3;1-3-1-2;A-E-F#-C;2;"sim; dedo 1 na casa 2, cordas 1 a 3";;;A;intermediário;"Numeração das cordas no CSV segue a ordem grave→agudo. X=abafada; 0=solta.";Dicionário anexado e voicings normalizados/gerados a partir da afinação padrão.
ukulele-Am6-2;ukulele;Am6;;A;Lá;menor com sexta;1 b3 5 6;2;G-C-E-A;2-6-0-3;1-3-0-2;A-F#-E-C;2;não;;3;A;intermediário;"Numeração das cordas no CSV segue a ordem grave→agudo. X=abafada; 0=solta.";Dicionário anexado e voicings normalizados/gerados a partir da afinação padrão.
ukulele-Am6-3;ukulele;Am6;;A;Lá;menor com sexta;1 b3 5 6;3;G-C-E-A;9-9-8-9;2-3-1-4;E-A-C-F#;8;não;;;E;avançado;"Numeração das cordas no CSV segue a ordem grave→agudo. X=abafada; 0=solta.";Dicionário anexado e voicings normalizados/gerados a partir da afinação padrão.
ukulele-Adim-1;ukulele;Adim;;A;Lá;diminuto;1 b3 b5;1;G-C-E-A;2-3-X-3;1-2-X-3;A-D#-X-C;2;não;3;;A;iniciante;"Numeração das cordas no CSV segue a ordem grave→agudo. X=abafada; 0=solta.";Dicionário anexado e voicings normalizados/gerados a partir da afinação padrão.
ukulele-Adim-2;ukulele;Adim;;A;Lá;diminuto;1 b3 b5;2;G-C-E-A;2-3-5-3;1-2-4-3;A-D#-A-C;2;não;;;A;intermediário;"Numeração das cordas no CSV segue a ordem grave→agudo. X=abafada; 0=solta.";Dicionário anexado e voicings normalizados/gerados a partir da afinação padrão.
ukulele-Adim-3;ukulele;Adim;;A;Lá;diminuto;1 b3 b5;3;G-C-E-A;2-0-5-6;1-0-2-3;A-C-A-D#;2;não;;2;A;intermediário;"Numeração das cordas no CSV segue a ordem grave→agudo. X=abafada; 0=solta.";Dicionário anexado e voicings normalizados/gerados a partir da afinação padrão.
ukulele-Aaug-1;ukulele;Aaug;;A;Lá;aumentado;1 3 #5;1;G-C-E-A;2-1-1-0;2-1-1-0;A-C#-F-A;1;"sim; dedo 1 na casa 1, cordas 2 a 3";;4;A;intermediário;"Numeração das cordas no CSV segue a ordem grave→agudo. X=abafada; 0=solta.";Dicionário anexado e voicings normalizados/gerados a partir da afinação padrão.
ukulele-Aaug-2;ukulele;Aaug;;A;Lá;aumentado;1 3 #5;2;G-C-E-A;2-1-1-X;2-1-1-X;A-C#-F-X;1;"sim; dedo 1 na casa 1, cordas 2 a 3";4;;A;intermediário;"Numeração das cordas no CSV segue a ordem grave→agudo. X=abafada; 0=solta.";Dicionário anexado e voicings normalizados/gerados a partir da afinação padrão.
ukulele-Aaug-3;ukulele;Aaug;;A;Lá;aumentado;1 3 #5;3;G-C-E-A;2-1-1-4;2-1-1-3;A-C#-F-C#;1;"sim; dedo 1 na casa 1, cordas 2 a 3";;;A;intermediário;"Numeração das cordas no CSV segue a ordem grave→agudo. X=abafada; 0=solta.";Dicionário anexado e voicings normalizados/gerados a partir da afinação padrão.
ukulele-Asus2-1;ukulele;Asus2;;A;Lá;suspenso com segunda;1 2 5;1;G-C-E-A;2-X-0-2;1-X-0-1;A-X-E-B;2;"sim; dedo 1 na casa 2, cordas 1 a 4";2;3;A;intermediário;"Numeração das cordas no CSV segue a ordem grave→agudo. X=abafada; 0=solta.";Dicionário anexado e voicings normalizados/gerados a partir da afinação padrão.
ukulele-Asus2-2;ukulele;Asus2;;A;Lá;suspenso com segunda;1 2 5;2;G-C-E-A;2-4-0-2;1-2-0-1;A-E-E-B;2;"sim; dedo 1 na casa 2, cordas 1 a 4";;3;A;intermediário;"Numeração das cordas no CSV segue a ordem grave→agudo. X=abafada; 0=solta.";Dicionário anexado e voicings normalizados/gerados a partir da afinação padrão.
ukulele-Asus2-3;ukulele;Asus2;;A;Lá;suspenso com segunda;1 2 5;3;G-C-E-A;2-4-5-2;1-2-3-1;A-E-A-B;2;"sim; dedo 1 na casa 2, cordas 1 a 4";;;A;intermediário;"Numeração das cordas no CSV segue a ordem grave→agudo. X=abafada; 0=solta.";Dicionário anexado e voicings normalizados/gerados a partir da afinação padrão.
ukulele-Asus4-1;ukulele;Asus4;;A;Lá;suspenso com quarta;1 4 5;1;G-C-E-A;2-2-0-0;1-1-0-0;A-D-E-A;2;"sim; dedo 1 na casa 2, cordas 1 a 2";;3,4;A;intermediário;"Numeração das cordas no CSV segue a ordem grave→agudo. X=abafada; 0=solta.";Dicionário anexado e voicings normalizados/gerados a partir da afinação padrão.
ukulele-Asus4-2;ukulele;Asus4;;A;Lá;suspenso com quarta;1 4 5;2;G-C-E-A;2-2-0-X;1-1-0-X;A-D-E-X;2;"sim; dedo 1 na casa 2, cordas 1 a 2";4;3;A;intermediário;"Numeração das cordas no CSV segue a ordem grave→agudo. X=abafada; 0=solta.";Dicionário anexado e voicings normalizados/gerados a partir da afinação padrão.
ukulele-Asus4-3;ukulele;Asus4;;A;Lá;suspenso com quarta;1 4 5;3;G-C-E-A;2-2-0-5;1-1-0-2;A-D-E-D;2;"sim; dedo 1 na casa 2, cordas 1 a 2";;3;A;intermediário;"Numeração das cordas no CSV segue a ordem grave→agudo. X=abafada; 0=solta.";Dicionário anexado e voicings normalizados/gerados a partir da afinação padrão.
ukulele-Aadd9-1;ukulele;Aadd9;;A;Lá;com nona adicionada;1 3 5 9;1;G-C-E-A;2-1-0-2;2-1-0-3;A-C#-E-B;1;não;;3;A;iniciante;"Numeração das cordas no CSV segue a ordem grave→agudo. X=abafada; 0=solta.";Dicionário anexado e voicings normalizados/gerados a partir da afinação padrão.
ukulele-Aadd9-2;ukulele;Aadd9;;A;Lá;com nona adicionada;1 3 5 9;2;G-C-E-A;4-4-5-4;1-1-2-1;B-E-A-C#;4;"sim; dedo 1 na casa 4, cordas 1 a 4";;;B;intermediário;"Numeração das cordas no CSV segue a ordem grave→agudo. X=abafada; 0=solta.";Dicionário anexado e voicings normalizados/gerados a partir da afinação padrão.
ukulele-Aadd9-3;ukulele;Aadd9;;A;Lá;com nona adicionada;1 3 5 9;3;G-C-E-A;4-1-0-0;2-1-0-0;B-C#-E-A;1;não;;3,4;B;iniciante;"Numeração das cordas no CSV segue a ordem grave→agudo. X=abafada; 0=solta.";Dicionário anexado e voicings normalizados/gerados a partir da afinação padrão.
ukulele-A9-1;ukulele;A9;;A;Lá;nona dominante;1 3 5 b7 9;1;G-C-E-A;2-1-3-2;2-1-4-3;A-C#-G-B;1;não;;;A;intermediário;"Numeração das cordas no CSV segue a ordem grave→agudo. X=abafada; 0=solta.";Dicionário anexado e voicings normalizados/gerados a partir da afinação padrão.
ukulele-A9-2;ukulele;A9;;A;Lá;nona dominante;1 3 5 b7 9;2;G-C-E-A;6-7-7-0;1-2-3-0;C#-G-B-A;6;não;;4;C#;intermediário;"Numeração das cordas no CSV segue a ordem grave→agudo. X=abafada; 0=solta.";Dicionário anexado e voicings normalizados/gerados a partir da afinação padrão.
ukulele-A9-3;ukulele;A9;;A;Lá;nona dominante;1 3 5 b7 9;3;G-C-E-A;4-1-3-0;3-1-2-0;B-C#-G-A;1;não;;4;B;iniciante;"Numeração das cordas no CSV segue a ordem grave→agudo. X=abafada; 0=solta.";Dicionário anexado e voicings normalizados/gerados a partir da afinação padrão.
ukulele-A5-1;ukulele;A5;;A;Lá;quinta (power chord);1 5;1;G-C-E-A;2-X-0-0;1-X-0-0;A-X-E-A;2;não;2;3,4;A;iniciante;"Numeração das cordas no CSV segue a ordem grave→agudo. X=abafada; 0=solta.";Dicionário anexado e voicings normalizados/gerados a partir da afinação padrão.
ukulele-A5-2;ukulele;A5;;A;Lá;quinta (power chord);1 5;2;G-C-E-A;2-4-0-0;1-2-0-0;A-E-E-A;2;não;;3,4;A;iniciante;"Numeração das cordas no CSV segue a ordem grave→agudo. X=abafada; 0=solta.";Dicionário anexado e voicings normalizados/gerados a partir da afinação padrão.
ukulele-A5-3;ukulele;A5;;A;Lá;quinta (power chord);1 5;3;G-C-E-A;X-9-0-0;X-1-0-0;X-A-E-A;9;não;1;3,4;A;avançado;"Numeração das cordas no CSV segue a ordem grave→agudo. X=abafada; 0=solta.";Dicionário anexado e voicings normalizados/gerados a partir da afinação padrão.
ukulele-A7b5-1;ukulele;A7b5;;A;Lá;sétima com quinta diminuta;1 3 b5 b7;1;G-C-E-A;2-3-3-4;1-2-3-4;A-D#-G-C#;2;não;;;A;intermediário;"Numeração das cordas no CSV segue a ordem grave→agudo. X=abafada; 0=solta.";Dicionário anexado e voicings normalizados/gerados a partir da afinação padrão.
ukulele-A7b5-2;ukulele;A7b5;;A;Lá;sétima com quinta diminuta;1 3 b5 b7;2;G-C-E-A;0-3-5-4;0-1-3-2;G-D#-A-C#;3;não;;1;G;intermediário;"Numeração das cordas no CSV segue a ordem grave→agudo. X=abafada; 0=solta.";Dicionário anexado e voicings normalizados/gerados a partir da afinação padrão.
ukulele-A7b5-3;ukulele;A7b5;;A;Lá;sétima com quinta diminuta;1 3 b5 b7;3;G-C-E-A;8-7-9-0;2-1-3-0;D#-G-C#-A;7;não;;4;D#;avançado;"Numeração das cordas no CSV segue a ordem grave→agudo. X=abafada; 0=solta.";Dicionário anexado e voicings normalizados/gerados a partir da afinação padrão.
ukulele-A#-1;ukulele;A#;Bb;A#;Lá sustenido;maior;1 3 5;1;G-C-E-A;3-2-1-1;3-2-1-1;A#-D-F-A#;1;"sim; dedo 1 na casa 1, cordas 3 a 4";;;A#;intermediário;"Numeração das cordas no CSV segue a ordem grave→agudo. X=abafada; 0=solta.";Dicionário anexado e voicings normalizados/gerados a partir da afinação padrão.
ukulele-A#-2;ukulele;A#;Bb;A#;Lá sustenido;maior;1 3 5;2;G-C-E-A;3-2-1-X;3-2-1-X;A#-D-F-X;1;não;4;;A#;iniciante;"Numeração das cordas no CSV segue a ordem grave→agudo. X=abafada; 0=solta.";Dicionário anexado e voicings normalizados/gerados a partir da afinação padrão.
ukulele-A#-3;ukulele;A#;Bb;A#;Lá sustenido;maior;1 3 5;3;G-C-E-A;3-5-6-5;1-2-4-3;A#-F-A#-D;3;não;;;A#;intermediário;"Numeração das cordas no CSV segue a ordem grave→agudo. X=abafada; 0=solta.";Dicionário anexado e voicings normalizados/gerados a partir da afinação padrão.
ukulele-A#m-1;ukulele;A#m;Bbm;A#;Lá sustenido;menor;1 b3 5;1;G-C-E-A;3-1-1-1;2-1-1-1;A#-C#-F-A#;1;"sim; dedo 1 na casa 1, cordas 2 a 4";;;A#;intermediário;"Numeração das cordas no CSV segue a ordem grave→agudo. X=abafada; 0=solta.";Dicionário anexado e voicings normalizados/gerados a partir da afinação padrão.
ukulele-A#m-2;ukulele;A#m;Bbm;A#;Lá sustenido;menor;1 b3 5;2;G-C-E-A;3-1-1-4;2-1-1-3;A#-C#-F-C#;1;"sim; dedo 1 na casa 1, cordas 2 a 3";;;A#;intermediário;"Numeração das cordas no CSV segue a ordem grave→agudo. X=abafada; 0=solta.";Dicionário anexado e voicings normalizados/gerados a partir da afinação padrão.
ukulele-A#m-3;ukulele;A#m;Bbm;A#;Lá sustenido;menor;1 b3 5;3;G-C-E-A;3-1-1-X;2-1-1-X;A#-C#-F-X;1;"sim; dedo 1 na casa 1, cordas 2 a 3";4;;A#;intermediário;"Numeração das cordas no CSV segue a ordem grave→agudo. X=abafada; 0=solta.";Dicionário anexado e voicings normalizados/gerados a partir da afinação padrão.
ukulele-A#7-1;ukulele;A#7;Bb7;A#;Lá sustenido;sétima dominante;1 3 5 b7;1;G-C-E-A;3-5-4-5;1-3-2-4;A#-F-G#-D;3;não;;;A#;intermediário;"Numeração das cordas no CSV segue a ordem grave→agudo. X=abafada; 0=solta.";Dicionário anexado e voicings normalizados/gerados a partir da afinação padrão.
ukulele-A#7-2;ukulele;A#7;Bb7;A#;Lá sustenido;sétima dominante;1 3 5 b7;2;G-C-E-A;1-2-1-1;1-2-1-1;G#-D-F-A#;1;"sim; dedo 1 na casa 1, cordas 1 a 4";;;G#;intermediário;"Numeração das cordas no CSV segue a ordem grave→agudo. X=abafada; 0=solta.";Dicionário anexado e voicings normalizados/gerados a partir da afinação padrão.
ukulele-A#7-3;ukulele;A#7;Bb7;A#;Lá sustenido;sétima dominante;1 3 5 b7;3;G-C-E-A;7-8-6-8;2-3-1-4;D-G#-A#-F;6;não;;;D;avançado;"Numeração das cordas no CSV segue a ordem grave→agudo. X=abafada; 0=solta.";Dicionário anexado e voicings normalizados/gerados a partir da afinação padrão.
ukulele-A#maj7-1;ukulele;A#maj7;Bbmaj7;A#;Lá sustenido;sétima maior;1 3 5 7;1;G-C-E-A;3-2-1-0;3-2-1-0;A#-D-F-A;1;não;;4;A#;iniciante;"Numeração das cordas no CSV segue a ordem grave→agudo. X=abafada; 0=solta.";Dicionário anexado e voicings normalizados/gerados a partir da afinação padrão.
ukulele-A#maj7-2;ukulele;A#maj7;Bbmaj7;A#;Lá sustenido;sétima maior;1 3 5 7;2;G-C-E-A;3-5-5-5;1-2-3-4;A#-F-A-D;3;não;;;A#;intermediário;"Numeração das cordas no CSV segue a ordem grave→agudo. X=abafada; 0=solta.";Dicionário anexado e voicings normalizados/gerados a partir da afinação padrão.
ukulele-A#maj7-3;ukulele;A#maj7;Bbmaj7;A#;Lá sustenido;sétima maior;1 3 5 7;3;G-C-E-A;10-10-10-0;1-1-1-0;F-A#-D-A;10;"sim; dedo 1 na casa 10, cordas 1 a 3";;4;F;avançado;"Numeração das cordas no CSV segue a ordem grave→agudo. X=abafada; 0=solta.";Dicionário anexado e voicings normalizados/gerados a partir da afinação padrão.
ukulele-A#m7-1;ukulele;A#m7;Bbm7;A#;Lá sustenido;menor com sétima;1 b3 5 b7;1;G-C-E-A;3-5-4-4;1-4-2-3;A#-F-G#-C#;3;não;;;A#;intermediário;"Numeração das cordas no CSV segue a ordem grave→agudo. X=abafada; 0=solta.";Dicionário anexado e voicings normalizados/gerados a partir da afinação padrão.
ukulele-A#m7-2;ukulele;A#m7;Bbm7;A#;Lá sustenido;menor com sétima;1 b3 5 b7;2;G-C-E-A;1-1-1-1;1-1-1-1;G#-C#-F-A#;1;"sim; dedo 1 na casa 1, cordas 1 a 4";;;G#;intermediário;"Numeração das cordas no CSV segue a ordem grave→agudo. X=abafada; 0=solta.";Dicionário anexado e voicings normalizados/gerados a partir da afinação padrão.
ukulele-A#m7-3;ukulele;A#m7;Bbm7;A#;Lá sustenido;menor com sétima;1 b3 5 b7;3;G-C-E-A;6-8-6-8;1-2-1-3;C#-G#-A#-F;6;"sim; dedo 1 na casa 6, cordas 1 a 3";;;C#;avançado;"Numeração das cordas no CSV segue a ordem grave→agudo. X=abafada; 0=solta.";Dicionário anexado e voicings normalizados/gerados a partir da afinação padrão.
ukulele-A#6-1;ukulele;A#6;Bb6;A#;Lá sustenido;sexta;1 3 5 6;1;G-C-E-A;3-5-3-5;1-2-1-3;A#-F-G-D;3;"sim; dedo 1 na casa 3, cordas 1 a 3";;;A#;intermediário;"Numeração das cordas no CSV segue a ordem grave→agudo. X=abafada; 0=solta.";Dicionário anexado e voicings normalizados/gerados a partir da afinação padrão.
ukulele-A#6-2;ukulele;A#6;Bb6;A#;Lá sustenido;sexta;1 3 5 6;2;G-C-E-A;10-10-10-10;1-1-1-1;F-A#-D-G;10;"sim; dedo 1 na casa 10, cordas 1 a 4";;;F;avançado;"Numeração das cordas no CSV segue a ordem grave→agudo. X=abafada; 0=solta.";Dicionário anexado e voicings normalizados/gerados a partir da afinação padrão.
ukulele-A#6-3;ukulele;A#6;Bb6;A#;Lá sustenido;sexta;1 3 5 6;3;G-C-E-A;0-2-1-1;0-2-1-1;G-D-F-A#;1;"sim; dedo 1 na casa 1, cordas 3 a 4";;1;G;intermediário;"Numeração das cordas no CSV segue a ordem grave→agudo. X=abafada; 0=solta.";Dicionário anexado e voicings normalizados/gerados a partir da afinação padrão.
ukulele-A#m6-1;ukulele;A#m6;Bbm6;A#;Lá sustenido;menor com sexta;1 b3 5 6;1;G-C-E-A;3-5-3-4;1-3-1-2;A#-F-G-C#;3;"sim; dedo 1 na casa 3, cordas 1 a 3";;;A#;intermediário;"Numeração das cordas no CSV segue a ordem grave→agudo. X=abafada; 0=solta.";Dicionário anexado e voicings normalizados/gerados a partir da afinação padrão.
ukulele-A#m6-2;ukulele;A#m6;Bbm6;A#;Lá sustenido;menor com sexta;1 b3 5 6;2;G-C-E-A;10-10-9-10;2-3-1-4;F-A#-C#-G;9;não;;;F;avançado;"Numeração das cordas no CSV segue a ordem grave→agudo. X=abafada; 0=solta.";Dicionário anexado e voicings normalizados/gerados a partir da afinação padrão.
ukulele-A#m6-3;ukulele;A#m6;Bbm6;A#;Lá sustenido;menor com sexta;1 b3 5 6;3;G-C-E-A;0-1-1-1;0-1-1-1;G-C#-F-A#;1;"sim; dedo 1 na casa 1, cordas 2 a 4";;1;G;intermediário;"Numeração das cordas no CSV segue a ordem grave→agudo. X=abafada; 0=solta.";Dicionário anexado e voicings normalizados/gerados a partir da afinação padrão.
ukulele-A#dim-1;ukulele;A#dim;Bbdim;A#;Lá sustenido;diminuto;1 b3 b5;1;G-C-E-A;3-4-0-4;1-2-0-3;A#-E-E-C#;3;não;;3;A#;iniciante;"Numeração das cordas no CSV segue a ordem grave→agudo. X=abafada; 0=solta.";Dicionário anexado e voicings normalizados/gerados a partir da afinação padrão.
ukulele-A#dim-2;ukulele;A#dim;Bbdim;A#;Lá sustenido;diminuto;1 b3 b5;2;G-C-E-A;3-1-0-1;2-1-0-1;A#-C#-E-A#;1;"sim; dedo 1 na casa 1, cordas 2 a 4";;3;A#;intermediário;"Numeração das cordas no CSV segue a ordem grave→agudo. X=abafada; 0=solta.";Dicionário anexado e voicings normalizados/gerados a partir da afinação padrão.
ukulele-A#dim-3;ukulele;A#dim;Bbdim;A#;Lá sustenido;diminuto;1 b3 b5;3;G-C-E-A;3-X-0-4;1-X-0-2;A#-X-E-C#;3;não;2;3;A#;iniciante;"Numeração das cordas no CSV segue a ordem grave→agudo. X=abafada; 0=solta.";Dicionário anexado e voicings normalizados/gerados a partir da afinação padrão.
ukulele-A#aug-1;ukulele;A#aug;Bbaug;A#;Lá sustenido;aumentado;1 3 #5;1;G-C-E-A;3-2-2-1;4-2-3-1;A#-D-F#-A#;1;não;;;A#;intermediário;"Numeração das cordas no CSV segue a ordem grave→agudo. X=abafada; 0=solta.";Dicionário anexado e voicings normalizados/gerados a partir da afinação padrão.
ukulele-A#aug-2;ukulele;A#aug;Bbaug;A#;Lá sustenido;aumentado;1 3 #5;2;G-C-E-A;3-2-2-X;2-1-1-X;A#-D-F#-X;2;"sim; dedo 1 na casa 2, cordas 2 a 3";4;;A#;intermediário;"Numeração das cordas no CSV segue a ordem grave→agudo. X=abafada; 0=solta.";Dicionário anexado e voicings normalizados/gerados a partir da afinação padrão.
ukulele-A#aug-3;ukulele;A#aug;Bbaug;A#;Lá sustenido;aumentado;1 3 #5;3;G-C-E-A;3-2-2-5;2-1-1-3;A#-D-F#-D;2;"sim; dedo 1 na casa 2, cordas 2 a 3";;;A#;intermediário;"Numeração das cordas no CSV segue a ordem grave→agudo. X=abafada; 0=solta.";Dicionário anexado e voicings normalizados/gerados a partir da afinação padrão.
ukulele-A#sus2-1;ukulele;A#sus2;Bbsus2;A#;Lá sustenido;suspenso com segunda;1 2 5;1;G-C-E-A;3-0-1-1;2-0-1-1;A#-C-F-A#;1;"sim; dedo 1 na casa 1, cordas 3 a 4";;2;A#;intermediário;"Numeração das cordas no CSV segue a ordem grave→agudo. X=abafada; 0=solta.";Dicionário anexado e voicings normalizados/gerados a partir da afinação padrão.
ukulele-A#sus2-2;ukulele;A#sus2;Bbsus2;A#;Lá sustenido;suspenso com segunda;1 2 5;2;G-C-E-A;3-0-1-3;2-0-1-3;A#-C-F-C;1;não;;2;A#;iniciante;"Numeração das cordas no CSV segue a ordem grave→agudo. X=abafada; 0=solta.";Dicionário anexado e voicings normalizados/gerados a partir da afinação padrão.
ukulele-A#sus2-3;ukulele;A#sus2;Bbsus2;A#;Lá sustenido;suspenso com segunda;1 2 5;3;G-C-E-A;3-0-1-X;2-0-1-X;A#-C-F-X;1;não;4;2;A#;iniciante;"Numeração das cordas no CSV segue a ordem grave→agudo. X=abafada; 0=solta.";Dicionário anexado e voicings normalizados/gerados a partir da afinação padrão.
ukulele-A#sus4-1;ukulele;A#sus4;Bbsus4;A#;Lá sustenido;suspenso com quarta;1 4 5;1;G-C-E-A;3-3-1-1;2-3-1-1;A#-D#-F-A#;1;"sim; dedo 1 na casa 1, cordas 3 a 4";;;A#;intermediário;"Numeração das cordas no CSV segue a ordem grave→agudo. X=abafada; 0=solta.";Dicionário anexado e voicings normalizados/gerados a partir da afinação padrão.
ukulele-A#sus4-2;ukulele;A#sus4;Bbsus4;A#;Lá sustenido;suspenso com quarta;1 4 5;2;G-C-E-A;3-3-1-X;2-3-1-X;A#-D#-F-X;1;não;4;;A#;iniciante;"Numeração das cordas no CSV segue a ordem grave→agudo. X=abafada; 0=solta.";Dicionário anexado e voicings normalizados/gerados a partir da afinação padrão.
ukulele-A#sus4-3;ukulele;A#sus4;Bbsus4;A#;Lá sustenido;suspenso com quarta;1 4 5;3;G-C-E-A;3-5-6-6;1-2-3-4;A#-F-A#-D#;3;não;;;A#;intermediário;"Numeração das cordas no CSV segue a ordem grave→agudo. X=abafada; 0=solta.";Dicionário anexado e voicings normalizados/gerados a partir da afinação padrão.
ukulele-A#add9-1;ukulele;A#add9;Bbadd9;A#;Lá sustenido;com nona adicionada;1 3 5 9;1;G-C-E-A;3-2-1-3;3-2-1-4;A#-D-F-C;1;não;;;A#;intermediário;"Numeração das cordas no CSV segue a ordem grave→agudo. X=abafada; 0=solta.";Dicionário anexado e voicings normalizados/gerados a partir da afinação padrão.
ukulele-A#add9-2;ukulele;A#add9;Bbadd9;A#;Lá sustenido;com nona adicionada;1 3 5 9;2;G-C-E-A;3-0-1-5;2-0-1-3;A#-C-F-D;1;não;;2;A#;intermediário;"Numeração das cordas no CSV segue a ordem grave→agudo. X=abafada; 0=solta.";Dicionário anexado e voicings normalizados/gerados a partir da afinação padrão.
ukulele-A#add9-3;ukulele;A#add9;Bbadd9;A#;Lá sustenido;com nona adicionada;1 3 5 9;3;G-C-E-A;5-5-6-5;1-1-2-1;C-F-A#-D;5;"sim; dedo 1 na casa 5, cordas 1 a 4";;;C;intermediário;"Numeração das cordas no CSV segue a ordem grave→agudo. X=abafada; 0=solta.";Dicionário anexado e voicings normalizados/gerados a partir da afinação padrão.
ukulele-A#9-1;ukulele;A#9;Bb9;A#;Lá sustenido;nona dominante;1 3 5 b7 9;1;G-C-E-A;3-0-4-5;1-0-2-3;A#-C-G#-D;3;não;;2;A#;intermediário;"Numeração das cordas no CSV segue a ordem grave→agudo. X=abafada; 0=solta.";Dicionário anexado e voicings normalizados/gerados a partir da afinação padrão.
ukulele-A#9-2;ukulele;A#9;Bb9;A#;Lá sustenido;nona dominante;1 3 5 b7 9;2;G-C-E-A;3-2-4-3;2-1-4-3;A#-D-G#-C;2;não;;;A#;intermediário;"Numeração das cordas no CSV segue a ordem grave→agudo. X=abafada; 0=solta.";Dicionário anexado e voicings normalizados/gerados a partir da afinação padrão.
ukulele-A#9-3;ukulele;A#9;Bb9;A#;Lá sustenido;nona dominante;1 3 5 b7 9;3;G-C-E-A;5-8-6-5;1-3-2-1;C-G#-A#-D;5;"sim; dedo 1 na casa 5, cordas 1 a 4";;;C;avançado;"Numeração das cordas no CSV segue a ordem grave→agudo. X=abafada; 0=solta.";Dicionário anexado e voicings normalizados/gerados a partir da afinação padrão.
ukulele-A#5-1;ukulele;A#5;Bb5;A#;Lá sustenido;quinta (power chord);1 5;1;G-C-E-A;3-X-1-1;2-X-1-1;A#-X-F-A#;1;"sim; dedo 1 na casa 1, cordas 3 a 4";2;;A#;intermediário;"Numeração das cordas no CSV segue a ordem grave→agudo. X=abafada; 0=solta.";Dicionário anexado e voicings normalizados/gerados a partir da afinação padrão.
ukulele-A#5-2;ukulele;A#5;Bb5;A#;Lá sustenido;quinta (power chord);1 5;2;G-C-E-A;3-5-1-1;2-3-1-1;A#-F-F-A#;1;"sim; dedo 1 na casa 1, cordas 3 a 4";;;A#;intermediário;"Numeração das cordas no CSV segue a ordem grave→agudo. X=abafada; 0=solta.";Dicionário anexado e voicings normalizados/gerados a partir da afinação padrão.
ukulele-A#5-3;ukulele;A#5;Bb5;A#;Lá sustenido;quinta (power chord);1 5;3;G-C-E-A;3-5-6-X;1-2-3-X;A#-F-A#-X;3;não;4;;A#;intermediário;"Numeração das cordas no CSV segue a ordem grave→agudo. X=abafada; 0=solta.";Dicionário anexado e voicings normalizados/gerados a partir da afinação padrão.
ukulele-A#7b5-1;ukulele;A#7b5;Bb7b5;A#;Lá sustenido;sétima com quinta diminuta;1 3 b5 b7;1;G-C-E-A;3-4-4-5;1-2-3-4;A#-E-G#-D;3;não;;;A#;intermediário;"Numeração das cordas no CSV segue a ordem grave→agudo. X=abafada; 0=solta.";Dicionário anexado e voicings normalizados/gerados a partir da afinação padrão.
ukulele-A#7b5-2;ukulele;A#7b5;Bb7b5;A#;Lá sustenido;sétima com quinta diminuta;1 3 b5 b7;2;G-C-E-A;1-2-0-1;1-2-0-1;G#-D-E-A#;1;"sim; dedo 1 na casa 1, cordas 1 a 4";;3;G#;intermediário;"Numeração das cordas no CSV segue a ordem grave→agudo. X=abafada; 0=solta.";Dicionário anexado e voicings normalizados/gerados a partir da afinação padrão.
ukulele-A#7b5-3;ukulele;A#7b5;Bb7b5;A#;Lá sustenido;sétima com quinta diminuta;1 3 b5 b7;3;G-C-E-A;7-8-6-7;2-4-1-3;D-G#-A#-E;6;não;;;D;avançado;"Numeração das cordas no CSV segue a ordem grave→agudo. X=abafada; 0=solta.";Dicionário anexado e voicings normalizados/gerados a partir da afinação padrão.
ukulele-B-1;ukulele;B;;B;Si;maior;1 3 5;1;G-C-E-A;4-3-2-2;3-2-1-1;B-D#-F#-B;2;"sim; dedo 1 na casa 2, cordas 3 a 4";;;B;intermediário;"Numeração das cordas no CSV segue a ordem grave→agudo. X=abafada; 0=solta.";Dicionário anexado e voicings normalizados/gerados a partir da afinação padrão.
ukulele-B-2;ukulele;B;;B;Si;maior;1 3 5;2;G-C-E-A;4-3-2-X;3-2-1-X;B-D#-F#-X;2;não;4;;B;iniciante;"Numeração das cordas no CSV segue a ordem grave→agudo. X=abafada; 0=solta.";Dicionário anexado e voicings normalizados/gerados a partir da afinação padrão.
ukulele-B-3;ukulele;B;;B;Si;maior;1 3 5;3;G-C-E-A;4-6-7-6;1-2-4-3;B-F#-B-D#;4;não;;;B;intermediário;"Numeração das cordas no CSV segue a ordem grave→agudo. X=abafada; 0=solta.";Dicionário anexado e voicings normalizados/gerados a partir da afinação padrão.
ukulele-Bm-1;ukulele;Bm;;B;Si;menor;1 b3 5;1;G-C-E-A;4-2-2-2;2-1-1-1;B-D-F#-B;2;"sim; dedo 1 na casa 2, cordas 2 a 4";;;B;intermediário;"Numeração das cordas no CSV segue a ordem grave→agudo. X=abafada; 0=solta.";Dicionário anexado e voicings normalizados/gerados a partir da afinação padrão.
ukulele-Bm-2;ukulele;Bm;;B;Si;menor;1 b3 5;2;G-C-E-A;4-2-2-5;2-1-1-3;B-D-F#-D;2;"sim; dedo 1 na casa 2, cordas 2 a 3";;;B;intermediário;"Numeração das cordas no CSV segue a ordem grave→agudo. X=abafada; 0=solta.";Dicionário anexado e voicings normalizados/gerados a partir da afinação padrão.
ukulele-Bm-3;ukulele;Bm;;B;Si;menor;1 b3 5;3;G-C-E-A;4-2-2-X;2-1-1-X;B-D-F#-X;2;"sim; dedo 1 na casa 2, cordas 2 a 3";4;;B;intermediário;"Numeração das cordas no CSV segue a ordem grave→agudo. X=abafada; 0=solta.";Dicionário anexado e voicings normalizados/gerados a partir da afinação padrão.
ukulele-B7-1;ukulele;B7;;B;Si;sétima dominante;1 3 5 b7;1;G-C-E-A;4-3-2-0;3-2-1-0;B-D#-F#-A;2;não;;4;B;iniciante;"Numeração das cordas no CSV segue a ordem grave→agudo. X=abafada; 0=solta.";Dicionário anexado e voicings normalizados/gerados a partir da afinação padrão.
ukulele-B7-2;ukulele;B7;;B;Si;sétima dominante;1 3 5 b7;2;G-C-E-A;4-6-5-6;1-3-2-4;B-F#-A-D#;4;não;;;B;intermediário;"Numeração das cordas no CSV segue a ordem grave→agudo. X=abafada; 0=solta.";Dicionário anexado e voicings normalizados/gerados a partir da afinação padrão.
ukulele-B7-3;ukulele;B7;;B;Si;sétima dominante;1 3 5 b7;3;G-C-E-A;2-3-2-2;1-2-1-1;A-D#-F#-B;2;"sim; dedo 1 na casa 2, cordas 1 a 4";;;A;intermediário;"Numeração das cordas no CSV segue a ordem grave→agudo. X=abafada; 0=solta.";Dicionário anexado e voicings normalizados/gerados a partir da afinação padrão.
ukulele-Bmaj7-1;ukulele;Bmaj7;;B;Si;sétima maior;1 3 5 7;1;G-C-E-A;4-6-6-6;1-2-3-4;B-F#-A#-D#;4;não;;;B;intermediário;"Numeração das cordas no CSV segue a ordem grave→agudo. X=abafada; 0=solta.";Dicionário anexado e voicings normalizados/gerados a partir da afinação padrão.
ukulele-Bmaj7-2;ukulele;Bmaj7;;B;Si;sétima maior;1 3 5 7;2;G-C-E-A;4-3-2-1;4-3-2-1;B-D#-F#-A#;1;não;;;B;intermediário;"Numeração das cordas no CSV segue a ordem grave→agudo. X=abafada; 0=solta.";Dicionário anexado e voicings normalizados/gerados a partir da afinação padrão.
ukulele-Bmaj7-3;ukulele;Bmaj7;;B;Si;sétima maior;1 3 5 7;3;G-C-E-A;3-3-2-2;2-3-1-1;A#-D#-F#-B;2;"sim; dedo 1 na casa 2, cordas 3 a 4";;;A#;intermediário;"Numeração das cordas no CSV segue a ordem grave→agudo. X=abafada; 0=solta.";Dicionário anexado e voicings normalizados/gerados a partir da afinação padrão.
ukulele-Bm7-1;ukulele;Bm7;;B;Si;menor com sétima;1 b3 5 b7;1;G-C-E-A;4-2-2-0;2-1-1-0;B-D-F#-A;2;"sim; dedo 1 na casa 2, cordas 2 a 3";;4;B;intermediário;"Numeração das cordas no CSV segue a ordem grave→agudo. X=abafada; 0=solta.";Dicionário anexado e voicings normalizados/gerados a partir da afinação padrão.
ukulele-Bm7-2;ukulele;Bm7;;B;Si;menor com sétima;1 b3 5 b7;2;G-C-E-A;4-6-5-5;1-4-2-3;B-F#-A-D;4;não;;;B;intermediário;"Numeração das cordas no CSV segue a ordem grave→agudo. X=abafada; 0=solta.";Dicionário anexado e voicings normalizados/gerados a partir da afinação padrão.
ukulele-Bm7-3;ukulele;Bm7;;B;Si;menor com sétima;1 b3 5 b7;3;G-C-E-A;2-2-2-2;1-1-1-1;A-D-F#-B;2;"sim; dedo 1 na casa 2, cordas 1 a 4";;;A;intermediário;"Numeração das cordas no CSV segue a ordem grave→agudo. X=abafada; 0=solta.";Dicionário anexado e voicings normalizados/gerados a partir da afinação padrão.
ukulele-B6-1;ukulele;B6;;B;Si;sexta;1 3 5 6;1;G-C-E-A;4-6-4-6;1-2-1-3;B-F#-G#-D#;4;"sim; dedo 1 na casa 4, cordas 1 a 3";;;B;intermediário;"Numeração das cordas no CSV segue a ordem grave→agudo. X=abafada; 0=solta.";Dicionário anexado e voicings normalizados/gerados a partir da afinação padrão.
ukulele-B6-2;ukulele;B6;;B;Si;sexta;1 3 5 6;2;G-C-E-A;1-3-2-2;1-4-2-3;G#-D#-F#-B;1;não;;;G#;intermediário;"Numeração das cordas no CSV segue a ordem grave→agudo. X=abafada; 0=solta.";Dicionário anexado e voicings normalizados/gerados a partir da afinação padrão.
ukulele-B6-3;ukulele;B6;;B;Si;sexta;1 3 5 6;3;G-C-E-A;8-8-7-9;2-3-1-4;D#-G#-B-F#;7;não;;;D#;avançado;"Numeração das cordas no CSV segue a ordem grave→agudo. X=abafada; 0=solta.";Dicionário anexado e voicings normalizados/gerados a partir da afinação padrão.
ukulele-Bm6-1;ukulele;Bm6;;B;Si;menor com sexta;1 b3 5 6;1;G-C-E-A;4-6-4-5;1-3-1-2;B-F#-G#-D;4;"sim; dedo 1 na casa 4, cordas 1 a 3";;;B;intermediário;"Numeração das cordas no CSV segue a ordem grave→agudo. X=abafada; 0=solta.";Dicionário anexado e voicings normalizados/gerados a partir da afinação padrão.
ukulele-Bm6-2;ukulele;Bm6;;B;Si;menor com sexta;1 b3 5 6;2;G-C-E-A;1-2-2-2;1-2-3-4;G#-D-F#-B;1;não;;;G#;intermediário;"Numeração das cordas no CSV segue a ordem grave→agudo. X=abafada; 0=solta.";Dicionário anexado e voicings normalizados/gerados a partir da afinação padrão.
ukulele-Bm6-3;ukulele;Bm6;;B;Si;menor com sexta;1 b3 5 6;3;G-C-E-A;7-8-7-9;1-2-1-3;D-G#-B-F#;7;"sim; dedo 1 na casa 7, cordas 1 a 3";;;D;avançado;"Numeração das cordas no CSV segue a ordem grave→agudo. X=abafada; 0=solta.";Dicionário anexado e voicings normalizados/gerados a partir da afinação padrão.
ukulele-Bdim-1;ukulele;Bdim;;B;Si;diminuto;1 b3 b5;1;G-C-E-A;4-5-X-5;1-2-X-3;B-F-X-D;4;não;3;;B;intermediário;"Numeração das cordas no CSV segue a ordem grave→agudo. X=abafada; 0=solta.";Dicionário anexado e voicings normalizados/gerados a partir da afinação padrão.
ukulele-Bdim-2;ukulele;Bdim;;B;Si;diminuto;1 b3 b5;2;G-C-E-A;4-2-1-2;4-2-1-3;B-D-F-B;1;não;;;B;intermediário;"Numeração das cordas no CSV segue a ordem grave→agudo. X=abafada; 0=solta.";Dicionário anexado e voicings normalizados/gerados a partir da afinação padrão.
ukulele-Bdim-3;ukulele;Bdim;;B;Si;diminuto;1 b3 b5;3;G-C-E-A;4-5-7-5;1-2-4-3;B-F-B-D;4;não;;;B;intermediário;"Numeração das cordas no CSV segue a ordem grave→agudo. X=abafada; 0=solta.";Dicionário anexado e voicings normalizados/gerados a partir da afinação padrão.
ukulele-Baug-1;ukulele;Baug;;B;Si;aumentado;1 3 #5;1;G-C-E-A;4-3-3-2;4-2-3-1;B-D#-G-B;2;não;;;B;intermediário;"Numeração das cordas no CSV segue a ordem grave→agudo. X=abafada; 0=solta.";Dicionário anexado e voicings normalizados/gerados a partir da afinação padrão.
ukulele-Baug-2;ukulele;Baug;;B;Si;aumentado;1 3 #5;2;G-C-E-A;4-3-3-X;2-1-1-X;B-D#-G-X;3;"sim; dedo 1 na casa 3, cordas 2 a 3";4;;B;intermediário;"Numeração das cordas no CSV segue a ordem grave→agudo. X=abafada; 0=solta.";Dicionário anexado e voicings normalizados/gerados a partir da afinação padrão.
ukulele-Baug-3;ukulele;Baug;;B;Si;aumentado;1 3 #5;3;G-C-E-A;4-3-3-6;2-1-1-3;B-D#-G-D#;3;"sim; dedo 1 na casa 3, cordas 2 a 3";;;B;intermediário;"Numeração das cordas no CSV segue a ordem grave→agudo. X=abafada; 0=solta.";Dicionário anexado e voicings normalizados/gerados a partir da afinação padrão.
ukulele-Bsus2-1;ukulele;Bsus2;;B;Si;suspenso com segunda;1 2 5;1;G-C-E-A;4-1-2-2;4-1-2-3;B-C#-F#-B;1;não;;;B;intermediário;"Numeração das cordas no CSV segue a ordem grave→agudo. X=abafada; 0=solta.";Dicionário anexado e voicings normalizados/gerados a partir da afinação padrão.
ukulele-Bsus2-2;ukulele;Bsus2;;B;Si;suspenso com segunda;1 2 5;2;G-C-E-A;4-1-2-4;3-1-2-4;B-C#-F#-C#;1;não;;;B;intermediário;"Numeração das cordas no CSV segue a ordem grave→agudo. X=abafada; 0=solta.";Dicionário anexado e voicings normalizados/gerados a partir da afinação padrão.
ukulele-Bsus2-3;ukulele;Bsus2;;B;Si;suspenso com segunda;1 2 5;3;G-C-E-A;4-X-2-4;2-X-1-3;B-X-F#-C#;2;não;2;;B;iniciante;"Numeração das cordas no CSV segue a ordem grave→agudo. X=abafada; 0=solta.";Dicionário anexado e voicings normalizados/gerados a partir da afinação padrão.
ukulele-Bsus4-1;ukulele;Bsus4;;B;Si;suspenso com quarta;1 4 5;1;G-C-E-A;4-4-2-2;2-3-1-1;B-E-F#-B;2;"sim; dedo 1 na casa 2, cordas 3 a 4";;;B;intermediário;"Numeração das cordas no CSV segue a ordem grave→agudo. X=abafada; 0=solta.";Dicionário anexado e voicings normalizados/gerados a partir da afinação padrão.
ukulele-Bsus4-2;ukulele;Bsus4;;B;Si;suspenso com quarta;1 4 5;2;G-C-E-A;4-6-0-7;1-2-0-3;B-F#-E-E;4;não;;3;B;intermediário;"Numeração das cordas no CSV segue a ordem grave→agudo. X=abafada; 0=solta.";Dicionário anexado e voicings normalizados/gerados a partir da afinação padrão.
ukulele-Bsus4-3;ukulele;Bsus4;;B;Si;suspenso com quarta;1 4 5;3;G-C-E-A;4-6-0-X;1-2-0-X;B-F#-E-X;4;não;4;3;B;intermediário;"Numeração das cordas no CSV segue a ordem grave→agudo. X=abafada; 0=solta.";Dicionário anexado e voicings normalizados/gerados a partir da afinação padrão.
ukulele-Badd9-1;ukulele;Badd9;;B;Si;com nona adicionada;1 3 5 9;1;G-C-E-A;4-3-2-4;3-2-1-4;B-D#-F#-C#;2;não;;;B;intermediário;"Numeração das cordas no CSV segue a ordem grave→agudo. X=abafada; 0=solta.";Dicionário anexado e voicings normalizados/gerados a partir da afinação padrão.
ukulele-Badd9-2;ukulele;Badd9;;B;Si;com nona adicionada;1 3 5 9;2;G-C-E-A;6-6-7-6;1-1-2-1;C#-F#-B-D#;6;"sim; dedo 1 na casa 6, cordas 1 a 4";;;C#;intermediário;"Numeração das cordas no CSV segue a ordem grave→agudo. X=abafada; 0=solta.";Dicionário anexado e voicings normalizados/gerados a partir da afinação padrão.
ukulele-Badd9-3;ukulele;Badd9;;B;Si;com nona adicionada;1 3 5 9;3;G-C-E-A;6-3-2-2;3-2-1-1;C#-D#-F#-B;2;"sim; dedo 1 na casa 2, cordas 3 a 4";;;C#;intermediário;"Numeração das cordas no CSV segue a ordem grave→agudo. X=abafada; 0=solta.";Dicionário anexado e voicings normalizados/gerados a partir da afinação padrão.
ukulele-B9-1;ukulele;B9;;B;Si;nona dominante;1 3 5 b7 9;1;G-C-E-A;4-3-5-4;2-1-4-3;B-D#-A-C#;3;não;;;B;intermediário;"Numeração das cordas no CSV segue a ordem grave→agudo. X=abafada; 0=solta.";Dicionário anexado e voicings normalizados/gerados a partir da afinação padrão.
ukulele-B9-2;ukulele;B9;;B;Si;nona dominante;1 3 5 b7 9;2;G-C-E-A;6-3-7-0;2-1-3-0;C#-D#-B-A;3;não;;4;C#;intermediário;"Numeração das cordas no CSV segue a ordem grave→agudo. X=abafada; 0=solta.";Dicionário anexado e voicings normalizados/gerados a partir da afinação padrão.
ukulele-B9-3;ukulele;B9;;B;Si;nona dominante;1 3 5 b7 9;3;G-C-E-A;6-9-7-6;1-3-2-1;C#-A-B-D#;6;"sim; dedo 1 na casa 6, cordas 1 a 4";;;C#;avançado;"Numeração das cordas no CSV segue a ordem grave→agudo. X=abafada; 0=solta.";Dicionário anexado e voicings normalizados/gerados a partir da afinação padrão.
ukulele-B5-1;ukulele;B5;;B;Si;quinta (power chord);1 5;1;G-C-E-A;4-X-2-2;2-X-1-1;B-X-F#-B;2;"sim; dedo 1 na casa 2, cordas 3 a 4";2;;B;intermediário;"Numeração das cordas no CSV segue a ordem grave→agudo. X=abafada; 0=solta.";Dicionário anexado e voicings normalizados/gerados a partir da afinação padrão.
ukulele-B5-2;ukulele;B5;;B;Si;quinta (power chord);1 5;2;G-C-E-A;4-6-2-2;2-3-1-1;B-F#-F#-B;2;"sim; dedo 1 na casa 2, cordas 3 a 4";;;B;intermediário;"Numeração das cordas no CSV segue a ordem grave→agudo. X=abafada; 0=solta.";Dicionário anexado e voicings normalizados/gerados a partir da afinação padrão.
ukulele-B5-3;ukulele;B5;;B;Si;quinta (power chord);1 5;3;G-C-E-A;4-6-7-X;1-2-3-X;B-F#-B-X;4;não;4;;B;intermediário;"Numeração das cordas no CSV segue a ordem grave→agudo. X=abafada; 0=solta.";Dicionário anexado e voicings normalizados/gerados a partir da afinação padrão.
ukulele-B7b5-1;ukulele;B7b5;;B;Si;sétima com quinta diminuta;1 3 b5 b7;1;G-C-E-A;4-3-1-0;3-2-1-0;B-D#-F-A;1;não;;4;B;iniciante;"Numeração das cordas no CSV segue a ordem grave→agudo. X=abafada; 0=solta.";Dicionário anexado e voicings normalizados/gerados a partir da afinação padrão.
ukulele-B7b5-2;ukulele;B7b5;;B;Si;sétima com quinta diminuta;1 3 b5 b7;2;G-C-E-A;4-5-5-6;1-2-3-4;B-F-A-D#;4;não;;;B;intermediário;"Numeração das cordas no CSV segue a ordem grave→agudo. X=abafada; 0=solta.";Dicionário anexado e voicings normalizados/gerados a partir da afinação padrão.
ukulele-B7b5-3;ukulele;B7b5;;B;Si;sétima com quinta diminuta;1 3 b5 b7;3;G-C-E-A;2-3-1-2;2-4-1-3;A-D#-F-B;1;não;;;A;intermediário;"Numeração das cordas no CSV segue a ordem grave→agudo. X=abafada; 0=solta.";Dicionário anexado e voicings normalizados/gerados a partir da afinação padrão.
