id;instrumento;acorde;acorde_enarmonico;tonica;tonica_pt;qualidade;formula_intervalar;inversao_numero;inversao_nome;notas_ordenadas;notas_separadas;baixo_sugerido;mao_esquerda_sugerida;mao_direita_sugerida;oitava_referencia;observacoes;fonte
teclado-C-0;teclado;C;;C;Dó;maior;1 3 5;0;posição fundamental;C-E-G;C|E|G;C;C;C-E-G;"C4 como dó central; ajustar conforme tessitura";Voicing teórico fechado. O desenvolvedor pode distribuir notas entre oitavas e omitir duplicações.;"Dicionário de acordes para teclado anexado; estrutura normalizada por teoria musical."
teclado-C-1;teclado;C;;C;Dó;maior;1 3 5;1;1ª inversão;E-G-C;E|G|C;E;C;E-G-C;"C4 como dó central; ajustar conforme tessitura";Voicing teórico fechado. O desenvolvedor pode distribuir notas entre oitavas e omitir duplicações.;"Dicionário de acordes para teclado anexado; estrutura normalizada por teoria musical."
teclado-C-2;teclado;C;;C;Dó;maior;1 3 5;2;2ª inversão;G-C-E;G|C|E;G;C;G-C-E;"C4 como dó central; ajustar conforme tessitura";Voicing teórico fechado. O desenvolvedor pode distribuir notas entre oitavas e omitir duplicações.;"Dicionário de acordes para teclado anexado; estrutura normalizada por teoria musical."
teclado-Cm-0;teclado;Cm;;C;Dó;menor;1 b3 5;0;posição fundamental;C-D#-G;C|D#|G;C;C;C-D#-G;"C4 como dó central; ajustar conforme tessitura";Voicing teórico fechado. O desenvolvedor pode distribuir notas entre oitavas e omitir duplicações.;"Dicionário de acordes para teclado anexado; estrutura normalizada por teoria musical."
teclado-Cm-1;teclado;Cm;;C;Dó;menor;1 b3 5;1;1ª inversão;D#-G-C;D#|G|C;D#;C;D#-G-C;"C4 como dó central; ajustar conforme tessitura";Voicing teórico fechado. O desenvolvedor pode distribuir notas entre oitavas e omitir duplicações.;"Dicionário de acordes para teclado anexado; estrutura normalizada por teoria musical."
teclado-Cm-2;teclado;Cm;;C;Dó;menor;1 b3 5;2;2ª inversão;G-C-D#;G|C|D#;G;C;G-C-D#;"C4 como dó central; ajustar conforme tessitura";Voicing teórico fechado. O desenvolvedor pode distribuir notas entre oitavas e omitir duplicações.;"Dicionário de acordes para teclado anexado; estrutura normalizada por teoria musical."
teclado-C7-0;teclado;C7;;C;Dó;sétima dominante;1 3 5 b7;0;posição fundamental;C-E-G-A#;C|E|G|A#;C;C;C-E-G-A#;"C4 como dó central; ajustar conforme tessitura";Voicing teórico fechado. O desenvolvedor pode distribuir notas entre oitavas e omitir duplicações.;"Dicionário de acordes para teclado anexado; estrutura normalizada por teoria musical."
teclado-C7-1;teclado;C7;;C;Dó;sétima dominante;1 3 5 b7;1;1ª inversão;E-G-A#-C;E|G|A#|C;E;C;E-G-A#-C;"C4 como dó central; ajustar conforme tessitura";Voicing teórico fechado. O desenvolvedor pode distribuir notas entre oitavas e omitir duplicações.;"Dicionário de acordes para teclado anexado; estrutura normalizada por teoria musical."
teclado-C7-2;teclado;C7;;C;Dó;sétima dominante;1 3 5 b7;2;2ª inversão;G-A#-C-E;G|A#|C|E;G;C;G-A#-C-E;"C4 como dó central; ajustar conforme tessitura";Voicing teórico fechado. O desenvolvedor pode distribuir notas entre oitavas e omitir duplicações.;"Dicionário de acordes para teclado anexado; estrutura normalizada por teoria musical."
teclado-C7-3;teclado;C7;;C;Dó;sétima dominante;1 3 5 b7;3;3ª inversão;A#-C-E-G;A#|C|E|G;A#;C;A#-C-E-G;"C4 como dó central; ajustar conforme tessitura";Voicing teórico fechado. O desenvolvedor pode distribuir notas entre oitavas e omitir duplicações.;"Dicionário de acordes para teclado anexado; estrutura normalizada por teoria musical."
teclado-Cmaj7-0;teclado;Cmaj7;;C;Dó;sétima maior;1 3 5 7;0;posição fundamental;C-E-G-B;C|E|G|B;C;C;C-E-G-B;"C4 como dó central; ajustar conforme tessitura";Voicing teórico fechado. O desenvolvedor pode distribuir notas entre oitavas e omitir duplicações.;"Dicionário de acordes para teclado anexado; estrutura normalizada por teoria musical."
teclado-Cmaj7-1;teclado;Cmaj7;;C;Dó;sétima maior;1 3 5 7;1;1ª inversão;E-G-B-C;E|G|B|C;E;C;E-G-B-C;"C4 como dó central; ajustar conforme tessitura";Voicing teórico fechado. O desenvolvedor pode distribuir notas entre oitavas e omitir duplicações.;"Dicionário de acordes para teclado anexado; estrutura normalizada por teoria musical."
teclado-Cmaj7-2;teclado;Cmaj7;;C;Dó;sétima maior;1 3 5 7;2;2ª inversão;G-B-C-E;G|B|C|E;G;C;G-B-C-E;"C4 como dó central; ajustar conforme tessitura";Voicing teórico fechado. O desenvolvedor pode distribuir notas entre oitavas e omitir duplicações.;"Dicionário de acordes para teclado anexado; estrutura normalizada por teoria musical."
teclado-Cmaj7-3;teclado;Cmaj7;;C;Dó;sétima maior;1 3 5 7;3;3ª inversão;B-C-E-G;B|C|E|G;B;C;B-C-E-G;"C4 como dó central; ajustar conforme tessitura";Voicing teórico fechado. O desenvolvedor pode distribuir notas entre oitavas e omitir duplicações.;"Dicionário de acordes para teclado anexado; estrutura normalizada por teoria musical."
teclado-Cm7-0;teclado;Cm7;;C;Dó;menor com sétima;1 b3 5 b7;0;posição fundamental;C-D#-G-A#;C|D#|G|A#;C;C;C-D#-G-A#;"C4 como dó central; ajustar conforme tessitura";Voicing teórico fechado. O desenvolvedor pode distribuir notas entre oitavas e omitir duplicações.;"Dicionário de acordes para teclado anexado; estrutura normalizada por teoria musical."
teclado-Cm7-1;teclado;Cm7;;C;Dó;menor com sétima;1 b3 5 b7;1;1ª inversão;D#-G-A#-C;D#|G|A#|C;D#;C;D#-G-A#-C;"C4 como dó central; ajustar conforme tessitura";Voicing teórico fechado. O desenvolvedor pode distribuir notas entre oitavas e omitir duplicações.;"Dicionário de acordes para teclado anexado; estrutura normalizada por teoria musical."
teclado-Cm7-2;teclado;Cm7;;C;Dó;menor com sétima;1 b3 5 b7;2;2ª inversão;G-A#-C-D#;G|A#|C|D#;G;C;G-A#-C-D#;"C4 como dó central; ajustar conforme tessitura";Voicing teórico fechado. O desenvolvedor pode distribuir notas entre oitavas e omitir duplicações.;"Dicionário de acordes para teclado anexado; estrutura normalizada por teoria musical."
teclado-Cm7-3;teclado;Cm7;;C;Dó;menor com sétima;1 b3 5 b7;3;3ª inversão;A#-C-D#-G;A#|C|D#|G;A#;C;A#-C-D#-G;"C4 como dó central; ajustar conforme tessitura";Voicing teórico fechado. O desenvolvedor pode distribuir notas entre oitavas e omitir duplicações.;"Dicionário de acordes para teclado anexado; estrutura normalizada por teoria musical."
teclado-C6-0;teclado;C6;;C;Dó;sexta;1 3 5 6;0;posição fundamental;C-E-G-A;C|E|G|A;C;C;C-E-G-A;"C4 como dó central; ajustar conforme tessitura";Voicing teórico fechado. O desenvolvedor pode distribuir notas entre oitavas e omitir duplicações.;"Dicionário de acordes para teclado anexado; estrutura normalizada por teoria musical."
teclado-C6-1;teclado;C6;;C;Dó;sexta;1 3 5 6;1;1ª inversão;E-G-A-C;E|G|A|C;E;C;E-G-A-C;"C4 como dó central; ajustar conforme tessitura";Voicing teórico fechado. O desenvolvedor pode distribuir notas entre oitavas e omitir duplicações.;"Dicionário de acordes para teclado anexado; estrutura normalizada por teoria musical."
teclado-C6-2;teclado;C6;;C;Dó;sexta;1 3 5 6;2;2ª inversão;G-A-C-E;G|A|C|E;G;C;G-A-C-E;"C4 como dó central; ajustar conforme tessitura";Voicing teórico fechado. O desenvolvedor pode distribuir notas entre oitavas e omitir duplicações.;"Dicionário de acordes para teclado anexado; estrutura normalizada por teoria musical."
teclado-C6-3;teclado;C6;;C;Dó;sexta;1 3 5 6;3;3ª inversão;A-C-E-G;A|C|E|G;A;C;A-C-E-G;"C4 como dó central; ajustar conforme tessitura";Voicing teórico fechado. O desenvolvedor pode distribuir notas entre oitavas e omitir duplicações.;"Dicionário de acordes para teclado anexado; estrutura normalizada por teoria musical."
teclado-Cm6-0;teclado;Cm6;;C;Dó;menor com sexta;1 b3 5 6;0;posição fundamental;C-D#-G-A;C|D#|G|A;C;C;C-D#-G-A;"C4 como dó central; ajustar conforme tessitura";Voicing teórico fechado. O desenvolvedor pode distribuir notas entre oitavas e omitir duplicações.;"Dicionário de acordes para teclado anexado; estrutura normalizada por teoria musical."
teclado-Cm6-1;teclado;Cm6;;C;Dó;menor com sexta;1 b3 5 6;1;1ª inversão;D#-G-A-C;D#|G|A|C;D#;C;D#-G-A-C;"C4 como dó central; ajustar conforme tessitura";Voicing teórico fechado. O desenvolvedor pode distribuir notas entre oitavas e omitir duplicações.;"Dicionário de acordes para teclado anexado; estrutura normalizada por teoria musical."
teclado-Cm6-2;teclado;Cm6;;C;Dó;menor com sexta;1 b3 5 6;2;2ª inversão;G-A-C-D#;G|A|C|D#;G;C;G-A-C-D#;"C4 como dó central; ajustar conforme tessitura";Voicing teórico fechado. O desenvolvedor pode distribuir notas entre oitavas e omitir duplicações.;"Dicionário de acordes para teclado anexado; estrutura normalizada por teoria musical."
teclado-Cm6-3;teclado;Cm6;;C;Dó;menor com sexta;1 b3 5 6;3;3ª inversão;A-C-D#-G;A|C|D#|G;A;C;A-C-D#-G;"C4 como dó central; ajustar conforme tessitura";Voicing teórico fechado. O desenvolvedor pode distribuir notas entre oitavas e omitir duplicações.;"Dicionário de acordes para teclado anexado; estrutura normalizada por teoria musical."
teclado-Cdim-0;teclado;Cdim;;C;Dó;diminuto;1 b3 b5;0;posição fundamental;C-D#-F#;C|D#|F#;C;C;C-D#-F#;"C4 como dó central; ajustar conforme tessitura";Voicing teórico fechado. O desenvolvedor pode distribuir notas entre oitavas e omitir duplicações.;"Dicionário de acordes para teclado anexado; estrutura normalizada por teoria musical."
teclado-Cdim-1;teclado;Cdim;;C;Dó;diminuto;1 b3 b5;1;1ª inversão;D#-F#-C;D#|F#|C;D#;C;D#-F#-C;"C4 como dó central; ajustar conforme tessitura";Voicing teórico fechado. O desenvolvedor pode distribuir notas entre oitavas e omitir duplicações.;"Dicionário de acordes para teclado anexado; estrutura normalizada por teoria musical."
teclado-Cdim-2;teclado;Cdim;;C;Dó;diminuto;1 b3 b5;2;2ª inversão;F#-C-D#;F#|C|D#;F#;C;F#-C-D#;"C4 como dó central; ajustar conforme tessitura";Voicing teórico fechado. O desenvolvedor pode distribuir notas entre oitavas e omitir duplicações.;"Dicionário de acordes para teclado anexado; estrutura normalizada por teoria musical."
teclado-Cdim7-0;teclado;Cdim7;;C;Dó;diminuto com sétima;1 b3 b5 bb7;0;posição fundamental;C-D#-F#-A;C|D#|F#|A;C;C;C-D#-F#-A;"C4 como dó central; ajustar conforme tessitura";Voicing teórico fechado. O desenvolvedor pode distribuir notas entre oitavas e omitir duplicações.;"Dicionário de acordes para teclado anexado; estrutura normalizada por teoria musical."
teclado-Cdim7-1;teclado;Cdim7;;C;Dó;diminuto com sétima;1 b3 b5 bb7;1;1ª inversão;D#-F#-A-C;D#|F#|A|C;D#;C;D#-F#-A-C;"C4 como dó central; ajustar conforme tessitura";Voicing teórico fechado. O desenvolvedor pode distribuir notas entre oitavas e omitir duplicações.;"Dicionário de acordes para teclado anexado; estrutura normalizada por teoria musical."
teclado-Cdim7-2;teclado;Cdim7;;C;Dó;diminuto com sétima;1 b3 b5 bb7;2;2ª inversão;F#-A-C-D#;F#|A|C|D#;F#;C;F#-A-C-D#;"C4 como dó central; ajustar conforme tessitura";Voicing teórico fechado. O desenvolvedor pode distribuir notas entre oitavas e omitir duplicações.;"Dicionário de acordes para teclado anexado; estrutura normalizada por teoria musical."
teclado-Cdim7-3;teclado;Cdim7;;C;Dó;diminuto com sétima;1 b3 b5 bb7;3;3ª inversão;A-C-D#-F#;A|C|D#|F#;A;C;A-C-D#-F#;"C4 como dó central; ajustar conforme tessitura";Voicing teórico fechado. O desenvolvedor pode distribuir notas entre oitavas e omitir duplicações.;"Dicionário de acordes para teclado anexado; estrutura normalizada por teoria musical."
teclado-Caug-0;teclado;Caug;;C;Dó;aumentado;1 3 #5;0;posição fundamental;C-E-G#;C|E|G#;C;C;C-E-G#;"C4 como dó central; ajustar conforme tessitura";Voicing teórico fechado. O desenvolvedor pode distribuir notas entre oitavas e omitir duplicações.;"Dicionário de acordes para teclado anexado; estrutura normalizada por teoria musical."
teclado-Caug-1;teclado;Caug;;C;Dó;aumentado;1 3 #5;1;1ª inversão;E-G#-C;E|G#|C;E;C;E-G#-C;"C4 como dó central; ajustar conforme tessitura";Voicing teórico fechado. O desenvolvedor pode distribuir notas entre oitavas e omitir duplicações.;"Dicionário de acordes para teclado anexado; estrutura normalizada por teoria musical."
teclado-Caug-2;teclado;Caug;;C;Dó;aumentado;1 3 #5;2;2ª inversão;G#-C-E;G#|C|E;G#;C;G#-C-E;"C4 como dó central; ajustar conforme tessitura";Voicing teórico fechado. O desenvolvedor pode distribuir notas entre oitavas e omitir duplicações.;"Dicionário de acordes para teclado anexado; estrutura normalizada por teoria musical."
teclado-Csus2-0;teclado;Csus2;;C;Dó;suspenso com segunda;1 2 5;0;posição fundamental;C-D-G;C|D|G;C;C;C-D-G;"C4 como dó central; ajustar conforme tessitura";Voicing teórico fechado. O desenvolvedor pode distribuir notas entre oitavas e omitir duplicações.;"Dicionário de acordes para teclado anexado; estrutura normalizada por teoria musical."
teclado-Csus2-1;teclado;Csus2;;C;Dó;suspenso com segunda;1 2 5;1;1ª inversão;D-G-C;D|G|C;D;C;D-G-C;"C4 como dó central; ajustar conforme tessitura";Voicing teórico fechado. O desenvolvedor pode distribuir notas entre oitavas e omitir duplicações.;"Dicionário de acordes para teclado anexado; estrutura normalizada por teoria musical."
teclado-Csus2-2;teclado;Csus2;;C;Dó;suspenso com segunda;1 2 5;2;2ª inversão;G-C-D;G|C|D;G;C;G-C-D;"C4 como dó central; ajustar conforme tessitura";Voicing teórico fechado. O desenvolvedor pode distribuir notas entre oitavas e omitir duplicações.;"Dicionário de acordes para teclado anexado; estrutura normalizada por teoria musical."
teclado-Csus4-0;teclado;Csus4;;C;Dó;suspenso com quarta;1 4 5;0;posição fundamental;C-F-G;C|F|G;C;C;C-F-G;"C4 como dó central; ajustar conforme tessitura";Voicing teórico fechado. O desenvolvedor pode distribuir notas entre oitavas e omitir duplicações.;"Dicionário de acordes para teclado anexado; estrutura normalizada por teoria musical."
teclado-Csus4-1;teclado;Csus4;;C;Dó;suspenso com quarta;1 4 5;1;1ª inversão;F-G-C;F|G|C;F;C;F-G-C;"C4 como dó central; ajustar conforme tessitura";Voicing teórico fechado. O desenvolvedor pode distribuir notas entre oitavas e omitir duplicações.;"Dicionário de acordes para teclado anexado; estrutura normalizada por teoria musical."
teclado-Csus4-2;teclado;Csus4;;C;Dó;suspenso com quarta;1 4 5;2;2ª inversão;G-C-F;G|C|F;G;C;G-C-F;"C4 como dó central; ajustar conforme tessitura";Voicing teórico fechado. O desenvolvedor pode distribuir notas entre oitavas e omitir duplicações.;"Dicionário de acordes para teclado anexado; estrutura normalizada por teoria musical."
teclado-Cadd9-0;teclado;Cadd9;;C;Dó;com nona adicionada;1 3 5 9;0;posição fundamental;C-D-E-G;C|D|E|G;C;C;C-D-E-G;"C4 como dó central; ajustar conforme tessitura";Voicing teórico fechado. O desenvolvedor pode distribuir notas entre oitavas e omitir duplicações.;"Dicionário de acordes para teclado anexado; estrutura normalizada por teoria musical."
teclado-Cadd9-1;teclado;Cadd9;;C;Dó;com nona adicionada;1 3 5 9;1;1ª inversão;D-E-G-C;D|E|G|C;D;C;D-E-G-C;"C4 como dó central; ajustar conforme tessitura";Voicing teórico fechado. O desenvolvedor pode distribuir notas entre oitavas e omitir duplicações.;"Dicionário de acordes para teclado anexado; estrutura normalizada por teoria musical."
teclado-Cadd9-2;teclado;Cadd9;;C;Dó;com nona adicionada;1 3 5 9;2;2ª inversão;E-G-C-D;E|G|C|D;E;C;E-G-C-D;"C4 como dó central; ajustar conforme tessitura";Voicing teórico fechado. O desenvolvedor pode distribuir notas entre oitavas e omitir duplicações.;"Dicionário de acordes para teclado anexado; estrutura normalizada por teoria musical."
teclado-Cadd9-3;teclado;Cadd9;;C;Dó;com nona adicionada;1 3 5 9;3;3ª inversão;G-C-D-E;G|C|D|E;G;C;G-C-D-E;"C4 como dó central; ajustar conforme tessitura";Voicing teórico fechado. O desenvolvedor pode distribuir notas entre oitavas e omitir duplicações.;"Dicionário de acordes para teclado anexado; estrutura normalizada por teoria musical."
teclado-C9-0;teclado;C9;;C;Dó;nona dominante;1 3 5 b7 9;0;posição fundamental;C-D-E-G-A#;C|D|E|G|A#;C;C;C-D-E-G-A#;"C4 como dó central; ajustar conforme tessitura";Voicing teórico fechado. O desenvolvedor pode distribuir notas entre oitavas e omitir duplicações.;"Dicionário de acordes para teclado anexado; estrutura normalizada por teoria musical."
teclado-C9-1;teclado;C9;;C;Dó;nona dominante;1 3 5 b7 9;1;1ª inversão;D-E-G-A#-C;D|E|G|A#|C;D;C;D-E-G-A#-C;"C4 como dó central; ajustar conforme tessitura";Voicing teórico fechado. O desenvolvedor pode distribuir notas entre oitavas e omitir duplicações.;"Dicionário de acordes para teclado anexado; estrutura normalizada por teoria musical."
teclado-C9-2;teclado;C9;;C;Dó;nona dominante;1 3 5 b7 9;2;2ª inversão;E-G-A#-C-D;E|G|A#|C|D;E;C;E-G-A#-C-D;"C4 como dó central; ajustar conforme tessitura";Voicing teórico fechado. O desenvolvedor pode distribuir notas entre oitavas e omitir duplicações.;"Dicionário de acordes para teclado anexado; estrutura normalizada por teoria musical."
teclado-C9-3;teclado;C9;;C;Dó;nona dominante;1 3 5 b7 9;3;3ª inversão;G-A#-C-D-E;G|A#|C|D|E;G;C;G-A#-C-D-E;"C4 como dó central; ajustar conforme tessitura";Voicing teórico fechado. O desenvolvedor pode distribuir notas entre oitavas e omitir duplicações.;"Dicionário de acordes para teclado anexado; estrutura normalizada por teoria musical."
teclado-C9-4;teclado;C9;;C;Dó;nona dominante;1 3 5 b7 9;4;4ª inversão;A#-C-D-E-G;A#|C|D|E|G;A#;C;A#-C-D-E-G;"C4 como dó central; ajustar conforme tessitura";Voicing teórico fechado. O desenvolvedor pode distribuir notas entre oitavas e omitir duplicações.;"Dicionário de acordes para teclado anexado; estrutura normalizada por teoria musical."
teclado-Cmaj9-0;teclado;Cmaj9;;C;Dó;nona maior;1 3 5 7 9;0;posição fundamental;C-D-E-G-B;C|D|E|G|B;C;C;C-D-E-G-B;"C4 como dó central; ajustar conforme tessitura";Voicing teórico fechado. O desenvolvedor pode distribuir notas entre oitavas e omitir duplicações.;"Dicionário de acordes para teclado anexado; estrutura normalizada por teoria musical."
teclado-Cmaj9-1;teclado;Cmaj9;;C;Dó;nona maior;1 3 5 7 9;1;1ª inversão;D-E-G-B-C;D|E|G|B|C;D;C;D-E-G-B-C;"C4 como dó central; ajustar conforme tessitura";Voicing teórico fechado. O desenvolvedor pode distribuir notas entre oitavas e omitir duplicações.;"Dicionário de acordes para teclado anexado; estrutura normalizada por teoria musical."
teclado-Cmaj9-2;teclado;Cmaj9;;C;Dó;nona maior;1 3 5 7 9;2;2ª inversão;E-G-B-C-D;E|G|B|C|D;E;C;E-G-B-C-D;"C4 como dó central; ajustar conforme tessitura";Voicing teórico fechado. O desenvolvedor pode distribuir notas entre oitavas e omitir duplicações.;"Dicionário de acordes para teclado anexado; estrutura normalizada por teoria musical."
teclado-Cmaj9-3;teclado;Cmaj9;;C;Dó;nona maior;1 3 5 7 9;3;3ª inversão;G-B-C-D-E;G|B|C|D|E;G;C;G-B-C-D-E;"C4 como dó central; ajustar conforme tessitura";Voicing teórico fechado. O desenvolvedor pode distribuir notas entre oitavas e omitir duplicações.;"Dicionário de acordes para teclado anexado; estrutura normalizada por teoria musical."
teclado-Cmaj9-4;teclado;Cmaj9;;C;Dó;nona maior;1 3 5 7 9;4;4ª inversão;B-C-D-E-G;B|C|D|E|G;B;C;B-C-D-E-G;"C4 como dó central; ajustar conforme tessitura";Voicing teórico fechado. O desenvolvedor pode distribuir notas entre oitavas e omitir duplicações.;"Dicionário de acordes para teclado anexado; estrutura normalizada por teoria musical."
teclado-Cm9-0;teclado;Cm9;;C;Dó;menor com nona;1 b3 5 b7 9;0;posição fundamental;C-D-D#-G-A#;C|D|D#|G|A#;C;C;C-D-D#-G-A#;"C4 como dó central; ajustar conforme tessitura";Voicing teórico fechado. O desenvolvedor pode distribuir notas entre oitavas e omitir duplicações.;"Dicionário de acordes para teclado anexado; estrutura normalizada por teoria musical."
teclado-Cm9-1;teclado;Cm9;;C;Dó;menor com nona;1 b3 5 b7 9;1;1ª inversão;D-D#-G-A#-C;D|D#|G|A#|C;D;C;D-D#-G-A#-C;"C4 como dó central; ajustar conforme tessitura";Voicing teórico fechado. O desenvolvedor pode distribuir notas entre oitavas e omitir duplicações.;"Dicionário de acordes para teclado anexado; estrutura normalizada por teoria musical."
teclado-Cm9-2;teclado;Cm9;;C;Dó;menor com nona;1 b3 5 b7 9;2;2ª inversão;D#-G-A#-C-D;D#|G|A#|C|D;D#;C;D#-G-A#-C-D;"C4 como dó central; ajustar conforme tessitura";Voicing teórico fechado. O desenvolvedor pode distribuir notas entre oitavas e omitir duplicações.;"Dicionário de acordes para teclado anexado; estrutura normalizada por teoria musical."
teclado-Cm9-3;teclado;Cm9;;C;Dó;menor com nona;1 b3 5 b7 9;3;3ª inversão;G-A#-C-D-D#;G|A#|C|D|D#;G;C;G-A#-C-D-D#;"C4 como dó central; ajustar conforme tessitura";Voicing teórico fechado. O desenvolvedor pode distribuir notas entre oitavas e omitir duplicações.;"Dicionário de acordes para teclado anexado; estrutura normalizada por teoria musical."
teclado-Cm9-4;teclado;Cm9;;C;Dó;menor com nona;1 b3 5 b7 9;4;4ª inversão;A#-C-D-D#-G;A#|C|D|D#|G;A#;C;A#-C-D-D#-G;"C4 como dó central; ajustar conforme tessitura";Voicing teórico fechado. O desenvolvedor pode distribuir notas entre oitavas e omitir duplicações.;"Dicionário de acordes para teclado anexado; estrutura normalizada por teoria musical."
teclado-C11-0;teclado;C11;;C;Dó;décima primeira;1 3 5 b7 9 11;0;posição fundamental;C-D-E-F-G-A#;C|D|E|F|G|A#;C;C;C-D-E-F-G-A#;"C4 como dó central; ajustar conforme tessitura";Voicing teórico fechado. O desenvolvedor pode distribuir notas entre oitavas e omitir duplicações.;"Dicionário de acordes para teclado anexado; estrutura normalizada por teoria musical."
teclado-C11-1;teclado;C11;;C;Dó;décima primeira;1 3 5 b7 9 11;1;1ª inversão;D-E-F-G-A#-C;D|E|F|G|A#|C;D;C;D-E-F-G-A#-C;"C4 como dó central; ajustar conforme tessitura";Voicing teórico fechado. O desenvolvedor pode distribuir notas entre oitavas e omitir duplicações.;"Dicionário de acordes para teclado anexado; estrutura normalizada por teoria musical."
teclado-C11-2;teclado;C11;;C;Dó;décima primeira;1 3 5 b7 9 11;2;2ª inversão;E-F-G-A#-C-D;E|F|G|A#|C|D;E;C;E-F-G-A#-C-D;"C4 como dó central; ajustar conforme tessitura";Voicing teórico fechado. O desenvolvedor pode distribuir notas entre oitavas e omitir duplicações.;"Dicionário de acordes para teclado anexado; estrutura normalizada por teoria musical."
teclado-C11-3;teclado;C11;;C;Dó;décima primeira;1 3 5 b7 9 11;3;3ª inversão;F-G-A#-C-D-E;F|G|A#|C|D|E;F;C;F-G-A#-C-D-E;"C4 como dó central; ajustar conforme tessitura";Voicing teórico fechado. O desenvolvedor pode distribuir notas entre oitavas e omitir duplicações.;"Dicionário de acordes para teclado anexado; estrutura normalizada por teoria musical."
teclado-C11-4;teclado;C11;;C;Dó;décima primeira;1 3 5 b7 9 11;4;4ª inversão;G-A#-C-D-E-F;G|A#|C|D|E|F;G;C;G-A#-C-D-E-F;"C4 como dó central; ajustar conforme tessitura";Voicing teórico fechado. O desenvolvedor pode distribuir notas entre oitavas e omitir duplicações.;"Dicionário de acordes para teclado anexado; estrutura normalizada por teoria musical."
teclado-C11-5;teclado;C11;;C;Dó;décima primeira;1 3 5 b7 9 11;5;5ª inversão;A#-C-D-E-F-G;A#|C|D|E|F|G;A#;C;A#-C-D-E-F-G;"C4 como dó central; ajustar conforme tessitura";Voicing teórico fechado. O desenvolvedor pode distribuir notas entre oitavas e omitir duplicações.;"Dicionário de acordes para teclado anexado; estrutura normalizada por teoria musical."
teclado-Cm11-0;teclado;Cm11;;C;Dó;menor com décima primeira;1 b3 5 b7 9 11;0;posição fundamental;C-D-D#-F-G-A#;C|D|D#|F|G|A#;C;C;C-D-D#-F-G-A#;"C4 como dó central; ajustar conforme tessitura";Voicing teórico fechado. O desenvolvedor pode distribuir notas entre oitavas e omitir duplicações.;"Dicionário de acordes para teclado anexado; estrutura normalizada por teoria musical."
teclado-Cm11-1;teclado;Cm11;;C;Dó;menor com décima primeira;1 b3 5 b7 9 11;1;1ª inversão;D-D#-F-G-A#-C;D|D#|F|G|A#|C;D;C;D-D#-F-G-A#-C;"C4 como dó central; ajustar conforme tessitura";Voicing teórico fechado. O desenvolvedor pode distribuir notas entre oitavas e omitir duplicações.;"Dicionário de acordes para teclado anexado; estrutura normalizada por teoria musical."
teclado-Cm11-2;teclado;Cm11;;C;Dó;menor com décima primeira;1 b3 5 b7 9 11;2;2ª inversão;D#-F-G-A#-C-D;D#|F|G|A#|C|D;D#;C;D#-F-G-A#-C-D;"C4 como dó central; ajustar conforme tessitura";Voicing teórico fechado. O desenvolvedor pode distribuir notas entre oitavas e omitir duplicações.;"Dicionário de acordes para teclado anexado; estrutura normalizada por teoria musical."
teclado-Cm11-3;teclado;Cm11;;C;Dó;menor com décima primeira;1 b3 5 b7 9 11;3;3ª inversão;F-G-A#-C-D-D#;F|G|A#|C|D|D#;F;C;F-G-A#-C-D-D#;"C4 como dó central; ajustar conforme tessitura";Voicing teórico fechado. O desenvolvedor pode distribuir notas entre oitavas e omitir duplicações.;"Dicionário de acordes para teclado anexado; estrutura normalizada por teoria musical."
teclado-Cm11-4;teclado;Cm11;;C;Dó;menor com décima primeira;1 b3 5 b7 9 11;4;4ª inversão;G-A#-C-D-D#-F;G|A#|C|D|D#|F;G;C;G-A#-C-D-D#-F;"C4 como dó central; ajustar conforme tessitura";Voicing teórico fechado. O desenvolvedor pode distribuir notas entre oitavas e omitir duplicações.;"Dicionário de acordes para teclado anexado; estrutura normalizada por teoria musical."
teclado-Cm11-5;teclado;Cm11;;C;Dó;menor com décima primeira;1 b3 5 b7 9 11;5;5ª inversão;A#-C-D-D#-F-G;A#|C|D|D#|F|G;A#;C;A#-C-D-D#-F-G;"C4 como dó central; ajustar conforme tessitura";Voicing teórico fechado. O desenvolvedor pode distribuir notas entre oitavas e omitir duplicações.;"Dicionário de acordes para teclado anexado; estrutura normalizada por teoria musical."
teclado-C13-0;teclado;C13;;C;Dó;décima terceira;1 3 5 b7 9 13;0;posição fundamental;C-D-E-G-A-A#;C|D|E|G|A|A#;C;C;C-D-E-G-A-A#;"C4 como dó central; ajustar conforme tessitura";Voicing teórico fechado. O desenvolvedor pode distribuir notas entre oitavas e omitir duplicações.;"Dicionário de acordes para teclado anexado; estrutura normalizada por teoria musical."
teclado-C13-1;teclado;C13;;C;Dó;décima terceira;1 3 5 b7 9 13;1;1ª inversão;D-E-G-A-A#-C;D|E|G|A|A#|C;D;C;D-E-G-A-A#-C;"C4 como dó central; ajustar conforme tessitura";Voicing teórico fechado. O desenvolvedor pode distribuir notas entre oitavas e omitir duplicações.;"Dicionário de acordes para teclado anexado; estrutura normalizada por teoria musical."
teclado-C13-2;teclado;C13;;C;Dó;décima terceira;1 3 5 b7 9 13;2;2ª inversão;E-G-A-A#-C-D;E|G|A|A#|C|D;E;C;E-G-A-A#-C-D;"C4 como dó central; ajustar conforme tessitura";Voicing teórico fechado. O desenvolvedor pode distribuir notas entre oitavas e omitir duplicações.;"Dicionário de acordes para teclado anexado; estrutura normalizada por teoria musical."
teclado-C13-3;teclado;C13;;C;Dó;décima terceira;1 3 5 b7 9 13;3;3ª inversão;G-A-A#-C-D-E;G|A|A#|C|D|E;G;C;G-A-A#-C-D-E;"C4 como dó central; ajustar conforme tessitura";Voicing teórico fechado. O desenvolvedor pode distribuir notas entre oitavas e omitir duplicações.;"Dicionário de acordes para teclado anexado; estrutura normalizada por teoria musical."
teclado-C13-4;teclado;C13;;C;Dó;décima terceira;1 3 5 b7 9 13;4;4ª inversão;A-A#-C-D-E-G;A|A#|C|D|E|G;A;C;A-A#-C-D-E-G;"C4 como dó central; ajustar conforme tessitura";Voicing teórico fechado. O desenvolvedor pode distribuir notas entre oitavas e omitir duplicações.;"Dicionário de acordes para teclado anexado; estrutura normalizada por teoria musical."
teclado-C13-5;teclado;C13;;C;Dó;décima terceira;1 3 5 b7 9 13;5;5ª inversão;A#-C-D-E-G-A;A#|C|D|E|G|A;A#;C;A#-C-D-E-G-A;"C4 como dó central; ajustar conforme tessitura";Voicing teórico fechado. O desenvolvedor pode distribuir notas entre oitavas e omitir duplicações.;"Dicionário de acordes para teclado anexado; estrutura normalizada por teoria musical."
teclado-Cm13-0;teclado;Cm13;;C;Dó;menor com décima terceira;1 b3 5 b7 9 13;0;posição fundamental;C-D-D#-G-A-A#;C|D|D#|G|A|A#;C;C;C-D-D#-G-A-A#;"C4 como dó central; ajustar conforme tessitura";Voicing teórico fechado. O desenvolvedor pode distribuir notas entre oitavas e omitir duplicações.;"Dicionário de acordes para teclado anexado; estrutura normalizada por teoria musical."
teclado-Cm13-1;teclado;Cm13;;C;Dó;menor com décima terceira;1 b3 5 b7 9 13;1;1ª inversão;D-D#-G-A-A#-C;D|D#|G|A|A#|C;D;C;D-D#-G-A-A#-C;"C4 como dó central; ajustar conforme tessitura";Voicing teórico fechado. O desenvolvedor pode distribuir notas entre oitavas e omitir duplicações.;"Dicionário de acordes para teclado anexado; estrutura normalizada por teoria musical."
teclado-Cm13-2;teclado;Cm13;;C;Dó;menor com décima terceira;1 b3 5 b7 9 13;2;2ª inversão;D#-G-A-A#-C-D;D#|G|A|A#|C|D;D#;C;D#-G-A-A#-C-D;"C4 como dó central; ajustar conforme tessitura";Voicing teórico fechado. O desenvolvedor pode distribuir notas entre oitavas e omitir duplicações.;"Dicionário de acordes para teclado anexado; estrutura normalizada por teoria musical."
teclado-Cm13-3;teclado;Cm13;;C;Dó;menor com décima terceira;1 b3 5 b7 9 13;3;3ª inversão;G-A-A#-C-D-D#;G|A|A#|C|D|D#;G;C;G-A-A#-C-D-D#;"C4 como dó central; ajustar conforme tessitura";Voicing teórico fechado. O desenvolvedor pode distribuir notas entre oitavas e omitir duplicações.;"Dicionário de acordes para teclado anexado; estrutura normalizada por teoria musical."
teclado-Cm13-4;teclado;Cm13;;C;Dó;menor com décima terceira;1 b3 5 b7 9 13;4;4ª inversão;A-A#-C-D-D#-G;A|A#|C|D|D#|G;A;C;A-A#-C-D-D#-G;"C4 como dó central; ajustar conforme tessitura";Voicing teórico fechado. O desenvolvedor pode distribuir notas entre oitavas e omitir duplicações.;"Dicionário de acordes para teclado anexado; estrutura normalizada por teoria musical."
teclado-Cm13-5;teclado;Cm13;;C;Dó;menor com décima terceira;1 b3 5 b7 9 13;5;5ª inversão;A#-C-D-D#-G-A;A#|C|D|D#|G|A;A#;C;A#-C-D-D#-G-A;"C4 como dó central; ajustar conforme tessitura";Voicing teórico fechado. O desenvolvedor pode distribuir notas entre oitavas e omitir duplicações.;"Dicionário de acordes para teclado anexado; estrutura normalizada por teoria musical."
teclado-C7b5-0;teclado;C7b5;;C;Dó;sétima com quinta diminuta;1 3 b5 b7;0;posição fundamental;C-E-F#-A#;C|E|F#|A#;C;C;C-E-F#-A#;"C4 como dó central; ajustar conforme tessitura";Voicing teórico fechado. O desenvolvedor pode distribuir notas entre oitavas e omitir duplicações.;"Dicionário de acordes para teclado anexado; estrutura normalizada por teoria musical."
teclado-C7b5-1;teclado;C7b5;;C;Dó;sétima com quinta diminuta;1 3 b5 b7;1;1ª inversão;E-F#-A#-C;E|F#|A#|C;E;C;E-F#-A#-C;"C4 como dó central; ajustar conforme tessitura";Voicing teórico fechado. O desenvolvedor pode distribuir notas entre oitavas e omitir duplicações.;"Dicionário de acordes para teclado anexado; estrutura normalizada por teoria musical."
teclado-C7b5-2;teclado;C7b5;;C;Dó;sétima com quinta diminuta;1 3 b5 b7;2;2ª inversão;F#-A#-C-E;F#|A#|C|E;F#;C;F#-A#-C-E;"C4 como dó central; ajustar conforme tessitura";Voicing teórico fechado. O desenvolvedor pode distribuir notas entre oitavas e omitir duplicações.;"Dicionário de acordes para teclado anexado; estrutura normalizada por teoria musical."
teclado-C7b5-3;teclado;C7b5;;C;Dó;sétima com quinta diminuta;1 3 b5 b7;3;3ª inversão;A#-C-E-F#;A#|C|E|F#;A#;C;A#-C-E-F#;"C4 como dó central; ajustar conforme tessitura";Voicing teórico fechado. O desenvolvedor pode distribuir notas entre oitavas e omitir duplicações.;"Dicionário de acordes para teclado anexado; estrutura normalizada por teoria musical."
teclado-C7#5-0;teclado;C7#5;;C;Dó;sétima com quinta aumentada;1 3 #5 b7;0;posição fundamental;C-E-G#-A#;C|E|G#|A#;C;C;C-E-G#-A#;"C4 como dó central; ajustar conforme tessitura";Voicing teórico fechado. O desenvolvedor pode distribuir notas entre oitavas e omitir duplicações.;"Dicionário de acordes para teclado anexado; estrutura normalizada por teoria musical."
teclado-C7#5-1;teclado;C7#5;;C;Dó;sétima com quinta aumentada;1 3 #5 b7;1;1ª inversão;E-G#-A#-C;E|G#|A#|C;E;C;E-G#-A#-C;"C4 como dó central; ajustar conforme tessitura";Voicing teórico fechado. O desenvolvedor pode distribuir notas entre oitavas e omitir duplicações.;"Dicionário de acordes para teclado anexado; estrutura normalizada por teoria musical."
teclado-C7#5-2;teclado;C7#5;;C;Dó;sétima com quinta aumentada;1 3 #5 b7;2;2ª inversão;G#-A#-C-E;G#|A#|C|E;G#;C;G#-A#-C-E;"C4 como dó central; ajustar conforme tessitura";Voicing teórico fechado. O desenvolvedor pode distribuir notas entre oitavas e omitir duplicações.;"Dicionário de acordes para teclado anexado; estrutura normalizada por teoria musical."
teclado-C7#5-3;teclado;C7#5;;C;Dó;sétima com quinta aumentada;1 3 #5 b7;3;3ª inversão;A#-C-E-G#;A#|C|E|G#;A#;C;A#-C-E-G#;"C4 como dó central; ajustar conforme tessitura";Voicing teórico fechado. O desenvolvedor pode distribuir notas entre oitavas e omitir duplicações.;"Dicionário de acordes para teclado anexado; estrutura normalizada por teoria musical."
teclado-C7b9-0;teclado;C7b9;;C;Dó;sétima com nona menor;1 b9 3 5 b7;0;posição fundamental;C-C#-E-G-A#;C|C#|E|G|A#;C;C;C-C#-E-G-A#;"C4 como dó central; ajustar conforme tessitura";Voicing teórico fechado. O desenvolvedor pode distribuir notas entre oitavas e omitir duplicações.;"Dicionário de acordes para teclado anexado; estrutura normalizada por teoria musical."
teclado-C7b9-1;teclado;C7b9;;C;Dó;sétima com nona menor;1 b9 3 5 b7;1;1ª inversão;C#-E-G-A#-C;C#|E|G|A#|C;C#;C;C#-E-G-A#-C;"C4 como dó central; ajustar conforme tessitura";Voicing teórico fechado. O desenvolvedor pode distribuir notas entre oitavas e omitir duplicações.;"Dicionário de acordes para teclado anexado; estrutura normalizada por teoria musical."
teclado-C7b9-2;teclado;C7b9;;C;Dó;sétima com nona menor;1 b9 3 5 b7;2;2ª inversão;E-G-A#-C-C#;E|G|A#|C|C#;E;C;E-G-A#-C-C#;"C4 como dó central; ajustar conforme tessitura";Voicing teórico fechado. O desenvolvedor pode distribuir notas entre oitavas e omitir duplicações.;"Dicionário de acordes para teclado anexado; estrutura normalizada por teoria musical."
teclado-C7b9-3;teclado;C7b9;;C;Dó;sétima com nona menor;1 b9 3 5 b7;3;3ª inversão;G-A#-C-C#-E;G|A#|C|C#|E;G;C;G-A#-C-C#-E;"C4 como dó central; ajustar conforme tessitura";Voicing teórico fechado. O desenvolvedor pode distribuir notas entre oitavas e omitir duplicações.;"Dicionário de acordes para teclado anexado; estrutura normalizada por teoria musical."
teclado-C7b9-4;teclado;C7b9;;C;Dó;sétima com nona menor;1 b9 3 5 b7;4;4ª inversão;A#-C-C#-E-G;A#|C|C#|E|G;A#;C;A#-C-C#-E-G;"C4 como dó central; ajustar conforme tessitura";Voicing teórico fechado. O desenvolvedor pode distribuir notas entre oitavas e omitir duplicações.;"Dicionário de acordes para teclado anexado; estrutura normalizada por teoria musical."
teclado-C7#9-0;teclado;C7#9;;C;Dó;sétima com nona aumentada;1 #9 3 5 b7;0;posição fundamental;C-D#-E-G-A#;C|D#|E|G|A#;C;C;C-D#-E-G-A#;"C4 como dó central; ajustar conforme tessitura";Voicing teórico fechado. O desenvolvedor pode distribuir notas entre oitavas e omitir duplicações.;"Dicionário de acordes para teclado anexado; estrutura normalizada por teoria musical."
teclado-C7#9-1;teclado;C7#9;;C;Dó;sétima com nona aumentada;1 #9 3 5 b7;1;1ª inversão;D#-E-G-A#-C;D#|E|G|A#|C;D#;C;D#-E-G-A#-C;"C4 como dó central; ajustar conforme tessitura";Voicing teórico fechado. O desenvolvedor pode distribuir notas entre oitavas e omitir duplicações.;"Dicionário de acordes para teclado anexado; estrutura normalizada por teoria musical."
teclado-C7#9-2;teclado;C7#9;;C;Dó;sétima com nona aumentada;1 #9 3 5 b7;2;2ª inversão;E-G-A#-C-D#;E|G|A#|C|D#;E;C;E-G-A#-C-D#;"C4 como dó central; ajustar conforme tessitura";Voicing teórico fechado. O desenvolvedor pode distribuir notas entre oitavas e omitir duplicações.;"Dicionário de acordes para teclado anexado; estrutura normalizada por teoria musical."
teclado-C7#9-3;teclado;C7#9;;C;Dó;sétima com nona aumentada;1 #9 3 5 b7;3;3ª inversão;G-A#-C-D#-E;G|A#|C|D#|E;G;C;G-A#-C-D#-E;"C4 como dó central; ajustar conforme tessitura";Voicing teórico fechado. O desenvolvedor pode distribuir notas entre oitavas e omitir duplicações.;"Dicionário de acordes para teclado anexado; estrutura normalizada por teoria musical."
teclado-C7#9-4;teclado;C7#9;;C;Dó;sétima com nona aumentada;1 #9 3 5 b7;4;4ª inversão;A#-C-D#-E-G;A#|C|D#|E|G;A#;C;A#-C-D#-E-G;"C4 como dó central; ajustar conforme tessitura";Voicing teórico fechado. O desenvolvedor pode distribuir notas entre oitavas e omitir duplicações.;"Dicionário de acordes para teclado anexado; estrutura normalizada por teoria musical."
teclado-C5-0;teclado;C5;;C;Dó;quinta (power chord);1 5;0;posição fundamental;C-G;C|G;C;C;C-G;"C4 como dó central; ajustar conforme tessitura";Voicing teórico fechado. O desenvolvedor pode distribuir notas entre oitavas e omitir duplicações.;"Dicionário de acordes para teclado anexado; estrutura normalizada por teoria musical."
teclado-C5-1;teclado;C5;;C;Dó;quinta (power chord);1 5;1;1ª inversão;G-C;G|C;G;C;G-C;"C4 como dó central; ajustar conforme tessitura";Voicing teórico fechado. O desenvolvedor pode distribuir notas entre oitavas e omitir duplicações.;"Dicionário de acordes para teclado anexado; estrutura normalizada por teoria musical."
teclado-C#-0;teclado;C#;Db;C#;Dó sustenido;maior;1 3 5;0;posição fundamental;C#-F-G#;C#|F|G#;C#;C#;C#-F-G#;"C4 como dó central; ajustar conforme tessitura";Voicing teórico fechado. O desenvolvedor pode distribuir notas entre oitavas e omitir duplicações.;"Dicionário de acordes para teclado anexado; estrutura normalizada por teoria musical."
teclado-C#-1;teclado;C#;Db;C#;Dó sustenido;maior;1 3 5;1;1ª inversão;F-G#-C#;F|G#|C#;F;C#;F-G#-C#;"C4 como dó central; ajustar conforme tessitura";Voicing teórico fechado. O desenvolvedor pode distribuir notas entre oitavas e omitir duplicações.;"Dicionário de acordes para teclado anexado; estrutura normalizada por teoria musical."
teclado-C#-2;teclado;C#;Db;C#;Dó sustenido;maior;1 3 5;2;2ª inversão;G#-C#-F;G#|C#|F;G#;C#;G#-C#-F;"C4 como dó central; ajustar conforme tessitura";Voicing teórico fechado. O desenvolvedor pode distribuir notas entre oitavas e omitir duplicações.;"Dicionário de acordes para teclado anexado; estrutura normalizada por teoria musical."
teclado-C#m-0;teclado;C#m;Dbm;C#;Dó sustenido;menor;1 b3 5;0;posição fundamental;C#-E-G#;C#|E|G#;C#;C#;C#-E-G#;"C4 como dó central; ajustar conforme tessitura";Voicing teórico fechado. O desenvolvedor pode distribuir notas entre oitavas e omitir duplicações.;"Dicionário de acordes para teclado anexado; estrutura normalizada por teoria musical."
teclado-C#m-1;teclado;C#m;Dbm;C#;Dó sustenido;menor;1 b3 5;1;1ª inversão;E-G#-C#;E|G#|C#;E;C#;E-G#-C#;"C4 como dó central; ajustar conforme tessitura";Voicing teórico fechado. O desenvolvedor pode distribuir notas entre oitavas e omitir duplicações.;"Dicionário de acordes para teclado anexado; estrutura normalizada por teoria musical."
teclado-C#m-2;teclado;C#m;Dbm;C#;Dó sustenido;menor;1 b3 5;2;2ª inversão;G#-C#-E;G#|C#|E;G#;C#;G#-C#-E;"C4 como dó central; ajustar conforme tessitura";Voicing teórico fechado. O desenvolvedor pode distribuir notas entre oitavas e omitir duplicações.;"Dicionário de acordes para teclado anexado; estrutura normalizada por teoria musical."
teclado-C#7-0;teclado;C#7;Db7;C#;Dó sustenido;sétima dominante;1 3 5 b7;0;posição fundamental;C#-F-G#-B;C#|F|G#|B;C#;C#;C#-F-G#-B;"C4 como dó central; ajustar conforme tessitura";Voicing teórico fechado. O desenvolvedor pode distribuir notas entre oitavas e omitir duplicações.;"Dicionário de acordes para teclado anexado; estrutura normalizada por teoria musical."
teclado-C#7-1;teclado;C#7;Db7;C#;Dó sustenido;sétima dominante;1 3 5 b7;1;1ª inversão;F-G#-B-C#;F|G#|B|C#;F;C#;F-G#-B-C#;"C4 como dó central; ajustar conforme tessitura";Voicing teórico fechado. O desenvolvedor pode distribuir notas entre oitavas e omitir duplicações.;"Dicionário de acordes para teclado anexado; estrutura normalizada por teoria musical."
teclado-C#7-2;teclado;C#7;Db7;C#;Dó sustenido;sétima dominante;1 3 5 b7;2;2ª inversão;G#-B-C#-F;G#|B|C#|F;G#;C#;G#-B-C#-F;"C4 como dó central; ajustar conforme tessitura";Voicing teórico fechado. O desenvolvedor pode distribuir notas entre oitavas e omitir duplicações.;"Dicionário de acordes para teclado anexado; estrutura normalizada por teoria musical."
teclado-C#7-3;teclado;C#7;Db7;C#;Dó sustenido;sétima dominante;1 3 5 b7;3;3ª inversão;B-C#-F-G#;B|C#|F|G#;B;C#;B-C#-F-G#;"C4 como dó central; ajustar conforme tessitura";Voicing teórico fechado. O desenvolvedor pode distribuir notas entre oitavas e omitir duplicações.;"Dicionário de acordes para teclado anexado; estrutura normalizada por teoria musical."
teclado-C#maj7-0;teclado;C#maj7;Dbmaj7;C#;Dó sustenido;sétima maior;1 3 5 7;0;posição fundamental;C#-F-G#-C;C#|F|G#|C;C#;C#;C#-F-G#-C;"C4 como dó central; ajustar conforme tessitura";Voicing teórico fechado. O desenvolvedor pode distribuir notas entre oitavas e omitir duplicações.;"Dicionário de acordes para teclado anexado; estrutura normalizada por teoria musical."
teclado-C#maj7-1;teclado;C#maj7;Dbmaj7;C#;Dó sustenido;sétima maior;1 3 5 7;1;1ª inversão;F-G#-C-C#;F|G#|C|C#;F;C#;F-G#-C-C#;"C4 como dó central; ajustar conforme tessitura";Voicing teórico fechado. O desenvolvedor pode distribuir notas entre oitavas e omitir duplicações.;"Dicionário de acordes para teclado anexado; estrutura normalizada por teoria musical."
teclado-C#maj7-2;teclado;C#maj7;Dbmaj7;C#;Dó sustenido;sétima maior;1 3 5 7;2;2ª inversão;G#-C-C#-F;G#|C|C#|F;G#;C#;G#-C-C#-F;"C4 como dó central; ajustar conforme tessitura";Voicing teórico fechado. O desenvolvedor pode distribuir notas entre oitavas e omitir duplicações.;"Dicionário de acordes para teclado anexado; estrutura normalizada por teoria musical."
teclado-C#maj7-3;teclado;C#maj7;Dbmaj7;C#;Dó sustenido;sétima maior;1 3 5 7;3;3ª inversão;C-C#-F-G#;C|C#|F|G#;C;C#;C-C#-F-G#;"C4 como dó central; ajustar conforme tessitura";Voicing teórico fechado. O desenvolvedor pode distribuir notas entre oitavas e omitir duplicações.;"Dicionário de acordes para teclado anexado; estrutura normalizada por teoria musical."
teclado-C#m7-0;teclado;C#m7;Dbm7;C#;Dó sustenido;menor com sétima;1 b3 5 b7;0;posição fundamental;C#-E-G#-B;C#|E|G#|B;C#;C#;C#-E-G#-B;"C4 como dó central; ajustar conforme tessitura";Voicing teórico fechado. O desenvolvedor pode distribuir notas entre oitavas e omitir duplicações.;"Dicionário de acordes para teclado anexado; estrutura normalizada por teoria musical."
teclado-C#m7-1;teclado;C#m7;Dbm7;C#;Dó sustenido;menor com sétima;1 b3 5 b7;1;1ª inversão;E-G#-B-C#;E|G#|B|C#;E;C#;E-G#-B-C#;"C4 como dó central; ajustar conforme tessitura";Voicing teórico fechado. O desenvolvedor pode distribuir notas entre oitavas e omitir duplicações.;"Dicionário de acordes para teclado anexado; estrutura normalizada por teoria musical."
teclado-C#m7-2;teclado;C#m7;Dbm7;C#;Dó sustenido;menor com sétima;1 b3 5 b7;2;2ª inversão;G#-B-C#-E;G#|B|C#|E;G#;C#;G#-B-C#-E;"C4 como dó central; ajustar conforme tessitura";Voicing teórico fechado. O desenvolvedor pode distribuir notas entre oitavas e omitir duplicações.;"Dicionário de acordes para teclado anexado; estrutura normalizada por teoria musical."
teclado-C#m7-3;teclado;C#m7;Dbm7;C#;Dó sustenido;menor com sétima;1 b3 5 b7;3;3ª inversão;B-C#-E-G#;B|C#|E|G#;B;C#;B-C#-E-G#;"C4 como dó central; ajustar conforme tessitura";Voicing teórico fechado. O desenvolvedor pode distribuir notas entre oitavas e omitir duplicações.;"Dicionário de acordes para teclado anexado; estrutura normalizada por teoria musical."
teclado-C#6-0;teclado;C#6;Db6;C#;Dó sustenido;sexta;1 3 5 6;0;posição fundamental;C#-F-G#-A#;C#|F|G#|A#;C#;C#;C#-F-G#-A#;"C4 como dó central; ajustar conforme tessitura";Voicing teórico fechado. O desenvolvedor pode distribuir notas entre oitavas e omitir duplicações.;"Dicionário de acordes para teclado anexado; estrutura normalizada por teoria musical."
teclado-C#6-1;teclado;C#6;Db6;C#;Dó sustenido;sexta;1 3 5 6;1;1ª inversão;F-G#-A#-C#;F|G#|A#|C#;F;C#;F-G#-A#-C#;"C4 como dó central; ajustar conforme tessitura";Voicing teórico fechado. O desenvolvedor pode distribuir notas entre oitavas e omitir duplicações.;"Dicionário de acordes para teclado anexado; estrutura normalizada por teoria musical."
teclado-C#6-2;teclado;C#6;Db6;C#;Dó sustenido;sexta;1 3 5 6;2;2ª inversão;G#-A#-C#-F;G#|A#|C#|F;G#;C#;G#-A#-C#-F;"C4 como dó central; ajustar conforme tessitura";Voicing teórico fechado. O desenvolvedor pode distribuir notas entre oitavas e omitir duplicações.;"Dicionário de acordes para teclado anexado; estrutura normalizada por teoria musical."
teclado-C#6-3;teclado;C#6;Db6;C#;Dó sustenido;sexta;1 3 5 6;3;3ª inversão;A#-C#-F-G#;A#|C#|F|G#;A#;C#;A#-C#-F-G#;"C4 como dó central; ajustar conforme tessitura";Voicing teórico fechado. O desenvolvedor pode distribuir notas entre oitavas e omitir duplicações.;"Dicionário de acordes para teclado anexado; estrutura normalizada por teoria musical."
teclado-C#m6-0;teclado;C#m6;Dbm6;C#;Dó sustenido;menor com sexta;1 b3 5 6;0;posição fundamental;C#-E-G#-A#;C#|E|G#|A#;C#;C#;C#-E-G#-A#;"C4 como dó central; ajustar conforme tessitura";Voicing teórico fechado. O desenvolvedor pode distribuir notas entre oitavas e omitir duplicações.;"Dicionário de acordes para teclado anexado; estrutura normalizada por teoria musical."
teclado-C#m6-1;teclado;C#m6;Dbm6;C#;Dó sustenido;menor com sexta;1 b3 5 6;1;1ª inversão;E-G#-A#-C#;E|G#|A#|C#;E;C#;E-G#-A#-C#;"C4 como dó central; ajustar conforme tessitura";Voicing teórico fechado. O desenvolvedor pode distribuir notas entre oitavas e omitir duplicações.;"Dicionário de acordes para teclado anexado; estrutura normalizada por teoria musical."
teclado-C#m6-2;teclado;C#m6;Dbm6;C#;Dó sustenido;menor com sexta;1 b3 5 6;2;2ª inversão;G#-A#-C#-E;G#|A#|C#|E;G#;C#;G#-A#-C#-E;"C4 como dó central; ajustar conforme tessitura";Voicing teórico fechado. O desenvolvedor pode distribuir notas entre oitavas e omitir duplicações.;"Dicionário de acordes para teclado anexado; estrutura normalizada por teoria musical."
teclado-C#m6-3;teclado;C#m6;Dbm6;C#;Dó sustenido;menor com sexta;1 b3 5 6;3;3ª inversão;A#-C#-E-G#;A#|C#|E|G#;A#;C#;A#-C#-E-G#;"C4 como dó central; ajustar conforme tessitura";Voicing teórico fechado. O desenvolvedor pode distribuir notas entre oitavas e omitir duplicações.;"Dicionário de acordes para teclado anexado; estrutura normalizada por teoria musical."
teclado-C#dim-0;teclado;C#dim;Dbdim;C#;Dó sustenido;diminuto;1 b3 b5;0;posição fundamental;C#-E-G;C#|E|G;C#;C#;C#-E-G;"C4 como dó central; ajustar conforme tessitura";Voicing teórico fechado. O desenvolvedor pode distribuir notas entre oitavas e omitir duplicações.;"Dicionário de acordes para teclado anexado; estrutura normalizada por teoria musical."
teclado-C#dim-1;teclado;C#dim;Dbdim;C#;Dó sustenido;diminuto;1 b3 b5;1;1ª inversão;E-G-C#;E|G|C#;E;C#;E-G-C#;"C4 como dó central; ajustar conforme tessitura";Voicing teórico fechado. O desenvolvedor pode distribuir notas entre oitavas e omitir duplicações.;"Dicionário de acordes para teclado anexado; estrutura normalizada por teoria musical."
teclado-C#dim-2;teclado;C#dim;Dbdim;C#;Dó sustenido;diminuto;1 b3 b5;2;2ª inversão;G-C#-E;G|C#|E;G;C#;G-C#-E;"C4 como dó central; ajustar conforme tessitura";Voicing teórico fechado. O desenvolvedor pode distribuir notas entre oitavas e omitir duplicações.;"Dicionário de acordes para teclado anexado; estrutura normalizada por teoria musical."
teclado-C#dim7-0;teclado;C#dim7;Dbdim7;C#;Dó sustenido;diminuto com sétima;1 b3 b5 bb7;0;posição fundamental;C#-E-G-A#;C#|E|G|A#;C#;C#;C#-E-G-A#;"C4 como dó central; ajustar conforme tessitura";Voicing teórico fechado. O desenvolvedor pode distribuir notas entre oitavas e omitir duplicações.;"Dicionário de acordes para teclado anexado; estrutura normalizada por teoria musical."
teclado-C#dim7-1;teclado;C#dim7;Dbdim7;C#;Dó sustenido;diminuto com sétima;1 b3 b5 bb7;1;1ª inversão;E-G-A#-C#;E|G|A#|C#;E;C#;E-G-A#-C#;"C4 como dó central; ajustar conforme tessitura";Voicing teórico fechado. O desenvolvedor pode distribuir notas entre oitavas e omitir duplicações.;"Dicionário de acordes para teclado anexado; estrutura normalizada por teoria musical."
teclado-C#dim7-2;teclado;C#dim7;Dbdim7;C#;Dó sustenido;diminuto com sétima;1 b3 b5 bb7;2;2ª inversão;G-A#-C#-E;G|A#|C#|E;G;C#;G-A#-C#-E;"C4 como dó central; ajustar conforme tessitura";Voicing teórico fechado. O desenvolvedor pode distribuir notas entre oitavas e omitir duplicações.;"Dicionário de acordes para teclado anexado; estrutura normalizada por teoria musical."
teclado-C#dim7-3;teclado;C#dim7;Dbdim7;C#;Dó sustenido;diminuto com sétima;1 b3 b5 bb7;3;3ª inversão;A#-C#-E-G;A#|C#|E|G;A#;C#;A#-C#-E-G;"C4 como dó central; ajustar conforme tessitura";Voicing teórico fechado. O desenvolvedor pode distribuir notas entre oitavas e omitir duplicações.;"Dicionário de acordes para teclado anexado; estrutura normalizada por teoria musical."
teclado-C#aug-0;teclado;C#aug;Dbaug;C#;Dó sustenido;aumentado;1 3 #5;0;posição fundamental;C#-F-A;C#|F|A;C#;C#;C#-F-A;"C4 como dó central; ajustar conforme tessitura";Voicing teórico fechado. O desenvolvedor pode distribuir notas entre oitavas e omitir duplicações.;"Dicionário de acordes para teclado anexado; estrutura normalizada por teoria musical."
teclado-C#aug-1;teclado;C#aug;Dbaug;C#;Dó sustenido;aumentado;1 3 #5;1;1ª inversão;F-A-C#;F|A|C#;F;C#;F-A-C#;"C4 como dó central; ajustar conforme tessitura";Voicing teórico fechado. O desenvolvedor pode distribuir notas entre oitavas e omitir duplicações.;"Dicionário de acordes para teclado anexado; estrutura normalizada por teoria musical."
teclado-C#aug-2;teclado;C#aug;Dbaug;C#;Dó sustenido;aumentado;1 3 #5;2;2ª inversão;A-C#-F;A|C#|F;A;C#;A-C#-F;"C4 como dó central; ajustar conforme tessitura";Voicing teórico fechado. O desenvolvedor pode distribuir notas entre oitavas e omitir duplicações.;"Dicionário de acordes para teclado anexado; estrutura normalizada por teoria musical."
teclado-C#sus2-0;teclado;C#sus2;Dbsus2;C#;Dó sustenido;suspenso com segunda;1 2 5;0;posição fundamental;C#-D#-G#;C#|D#|G#;C#;C#;C#-D#-G#;"C4 como dó central; ajustar conforme tessitura";Voicing teórico fechado. O desenvolvedor pode distribuir notas entre oitavas e omitir duplicações.;"Dicionário de acordes para teclado anexado; estrutura normalizada por teoria musical."
teclado-C#sus2-1;teclado;C#sus2;Dbsus2;C#;Dó sustenido;suspenso com segunda;1 2 5;1;1ª inversão;D#-G#-C#;D#|G#|C#;D#;C#;D#-G#-C#;"C4 como dó central; ajustar conforme tessitura";Voicing teórico fechado. O desenvolvedor pode distribuir notas entre oitavas e omitir duplicações.;"Dicionário de acordes para teclado anexado; estrutura normalizada por teoria musical."
teclado-C#sus2-2;teclado;C#sus2;Dbsus2;C#;Dó sustenido;suspenso com segunda;1 2 5;2;2ª inversão;G#-C#-D#;G#|C#|D#;G#;C#;G#-C#-D#;"C4 como dó central; ajustar conforme tessitura";Voicing teórico fechado. O desenvolvedor pode distribuir notas entre oitavas e omitir duplicações.;"Dicionário de acordes para teclado anexado; estrutura normalizada por teoria musical."
teclado-C#sus4-0;teclado;C#sus4;Dbsus4;C#;Dó sustenido;suspenso com quarta;1 4 5;0;posição fundamental;C#-F#-G#;C#|F#|G#;C#;C#;C#-F#-G#;"C4 como dó central; ajustar conforme tessitura";Voicing teórico fechado. O desenvolvedor pode distribuir notas entre oitavas e omitir duplicações.;"Dicionário de acordes para teclado anexado; estrutura normalizada por teoria musical."
teclado-C#sus4-1;teclado;C#sus4;Dbsus4;C#;Dó sustenido;suspenso com quarta;1 4 5;1;1ª inversão;F#-G#-C#;F#|G#|C#;F#;C#;F#-G#-C#;"C4 como dó central; ajustar conforme tessitura";Voicing teórico fechado. O desenvolvedor pode distribuir notas entre oitavas e omitir duplicações.;"Dicionário de acordes para teclado anexado; estrutura normalizada por teoria musical."
teclado-C#sus4-2;teclado;C#sus4;Dbsus4;C#;Dó sustenido;suspenso com quarta;1 4 5;2;2ª inversão;G#-C#-F#;G#|C#|F#;G#;C#;G#-C#-F#;"C4 como dó central; ajustar conforme tessitura";Voicing teórico fechado. O desenvolvedor pode distribuir notas entre oitavas e omitir duplicações.;"Dicionário de acordes para teclado anexado; estrutura normalizada por teoria musical."
teclado-C#add9-0;teclado;C#add9;Dbadd9;C#;Dó sustenido;com nona adicionada;1 3 5 9;0;posição fundamental;C#-D#-F-G#;C#|D#|F|G#;C#;C#;C#-D#-F-G#;"C4 como dó central; ajustar conforme tessitura";Voicing teórico fechado. O desenvolvedor pode distribuir notas entre oitavas e omitir duplicações.;"Dicionário de acordes para teclado anexado; estrutura normalizada por teoria musical."
teclado-C#add9-1;teclado;C#add9;Dbadd9;C#;Dó sustenido;com nona adicionada;1 3 5 9;1;1ª inversão;D#-F-G#-C#;D#|F|G#|C#;D#;C#;D#-F-G#-C#;"C4 como dó central; ajustar conforme tessitura";Voicing teórico fechado. O desenvolvedor pode distribuir notas entre oitavas e omitir duplicações.;"Dicionário de acordes para teclado anexado; estrutura normalizada por teoria musical."
teclado-C#add9-2;teclado;C#add9;Dbadd9;C#;Dó sustenido;com nona adicionada;1 3 5 9;2;2ª inversão;F-G#-C#-D#;F|G#|C#|D#;F;C#;F-G#-C#-D#;"C4 como dó central; ajustar conforme tessitura";Voicing teórico fechado. O desenvolvedor pode distribuir notas entre oitavas e omitir duplicações.;"Dicionário de acordes para teclado anexado; estrutura normalizada por teoria musical."
teclado-C#add9-3;teclado;C#add9;Dbadd9;C#;Dó sustenido;com nona adicionada;1 3 5 9;3;3ª inversão;G#-C#-D#-F;G#|C#|D#|F;G#;C#;G#-C#-D#-F;"C4 como dó central; ajustar conforme tessitura";Voicing teórico fechado. O desenvolvedor pode distribuir notas entre oitavas e omitir duplicações.;"Dicionário de acordes para teclado anexado; estrutura normalizada por teoria musical."
teclado-C#9-0;teclado;C#9;Db9;C#;Dó sustenido;nona dominante;1 3 5 b7 9;0;posição fundamental;C#-D#-F-G#-B;C#|D#|F|G#|B;C#;C#;C#-D#-F-G#-B;"C4 como dó central; ajustar conforme tessitura";Voicing teórico fechado. O desenvolvedor pode distribuir notas entre oitavas e omitir duplicações.;"Dicionário de acordes para teclado anexado; estrutura normalizada por teoria musical."
teclado-C#9-1;teclado;C#9;Db9;C#;Dó sustenido;nona dominante;1 3 5 b7 9;1;1ª inversão;D#-F-G#-B-C#;D#|F|G#|B|C#;D#;C#;D#-F-G#-B-C#;"C4 como dó central; ajustar conforme tessitura";Voicing teórico fechado. O desenvolvedor pode distribuir notas entre oitavas e omitir duplicações.;"Dicionário de acordes para teclado anexado; estrutura normalizada por teoria musical."
teclado-C#9-2;teclado;C#9;Db9;C#;Dó sustenido;nona dominante;1 3 5 b7 9;2;2ª inversão;F-G#-B-C#-D#;F|G#|B|C#|D#;F;C#;F-G#-B-C#-D#;"C4 como dó central; ajustar conforme tessitura";Voicing teórico fechado. O desenvolvedor pode distribuir notas entre oitavas e omitir duplicações.;"Dicionário de acordes para teclado anexado; estrutura normalizada por teoria musical."
teclado-C#9-3;teclado;C#9;Db9;C#;Dó sustenido;nona dominante;1 3 5 b7 9;3;3ª inversão;G#-B-C#-D#-F;G#|B|C#|D#|F;G#;C#;G#-B-C#-D#-F;"C4 como dó central; ajustar conforme tessitura";Voicing teórico fechado. O desenvolvedor pode distribuir notas entre oitavas e omitir duplicações.;"Dicionário de acordes para teclado anexado; estrutura normalizada por teoria musical."
teclado-C#9-4;teclado;C#9;Db9;C#;Dó sustenido;nona dominante;1 3 5 b7 9;4;4ª inversão;B-C#-D#-F-G#;B|C#|D#|F|G#;B;C#;B-C#-D#-F-G#;"C4 como dó central; ajustar conforme tessitura";Voicing teórico fechado. O desenvolvedor pode distribuir notas entre oitavas e omitir duplicações.;"Dicionário de acordes para teclado anexado; estrutura normalizada por teoria musical."
teclado-C#maj9-0;teclado;C#maj9;Dbmaj9;C#;Dó sustenido;nona maior;1 3 5 7 9;0;posição fundamental;C#-D#-F-G#-C;C#|D#|F|G#|C;C#;C#;C#-D#-F-G#-C;"C4 como dó central; ajustar conforme tessitura";Voicing teórico fechado. O desenvolvedor pode distribuir notas entre oitavas e omitir duplicações.;"Dicionário de acordes para teclado anexado; estrutura normalizada por teoria musical."
teclado-C#maj9-1;teclado;C#maj9;Dbmaj9;C#;Dó sustenido;nona maior;1 3 5 7 9;1;1ª inversão;D#-F-G#-C-C#;D#|F|G#|C|C#;D#;C#;D#-F-G#-C-C#;"C4 como dó central; ajustar conforme tessitura";Voicing teórico fechado. O desenvolvedor pode distribuir notas entre oitavas e omitir duplicações.;"Dicionário de acordes para teclado anexado; estrutura normalizada por teoria musical."
teclado-C#maj9-2;teclado;C#maj9;Dbmaj9;C#;Dó sustenido;nona maior;1 3 5 7 9;2;2ª inversão;F-G#-C-C#-D#;F|G#|C|C#|D#;F;C#;F-G#-C-C#-D#;"C4 como dó central; ajustar conforme tessitura";Voicing teórico fechado. O desenvolvedor pode distribuir notas entre oitavas e omitir duplicações.;"Dicionário de acordes para teclado anexado; estrutura normalizada por teoria musical."
teclado-C#maj9-3;teclado;C#maj9;Dbmaj9;C#;Dó sustenido;nona maior;1 3 5 7 9;3;3ª inversão;G#-C-C#-D#-F;G#|C|C#|D#|F;G#;C#;G#-C-C#-D#-F;"C4 como dó central; ajustar conforme tessitura";Voicing teórico fechado. O desenvolvedor pode distribuir notas entre oitavas e omitir duplicações.;"Dicionário de acordes para teclado anexado; estrutura normalizada por teoria musical."
teclado-C#maj9-4;teclado;C#maj9;Dbmaj9;C#;Dó sustenido;nona maior;1 3 5 7 9;4;4ª inversão;C-C#-D#-F-G#;C|C#|D#|F|G#;C;C#;C-C#-D#-F-G#;"C4 como dó central; ajustar conforme tessitura";Voicing teórico fechado. O desenvolvedor pode distribuir notas entre oitavas e omitir duplicações.;"Dicionário de acordes para teclado anexado; estrutura normalizada por teoria musical."
teclado-C#m9-0;teclado;C#m9;Dbm9;C#;Dó sustenido;menor com nona;1 b3 5 b7 9;0;posição fundamental;C#-D#-E-G#-B;C#|D#|E|G#|B;C#;C#;C#-D#-E-G#-B;"C4 como dó central; ajustar conforme tessitura";Voicing teórico fechado. O desenvolvedor pode distribuir notas entre oitavas e omitir duplicações.;"Dicionário de acordes para teclado anexado; estrutura normalizada por teoria musical."
teclado-C#m9-1;teclado;C#m9;Dbm9;C#;Dó sustenido;menor com nona;1 b3 5 b7 9;1;1ª inversão;D#-E-G#-B-C#;D#|E|G#|B|C#;D#;C#;D#-E-G#-B-C#;"C4 como dó central; ajustar conforme tessitura";Voicing teórico fechado. O desenvolvedor pode distribuir notas entre oitavas e omitir duplicações.;"Dicionário de acordes para teclado anexado; estrutura normalizada por teoria musical."
teclado-C#m9-2;teclado;C#m9;Dbm9;C#;Dó sustenido;menor com nona;1 b3 5 b7 9;2;2ª inversão;E-G#-B-C#-D#;E|G#|B|C#|D#;E;C#;E-G#-B-C#-D#;"C4 como dó central; ajustar conforme tessitura";Voicing teórico fechado. O desenvolvedor pode distribuir notas entre oitavas e omitir duplicações.;"Dicionário de acordes para teclado anexado; estrutura normalizada por teoria musical."
teclado-C#m9-3;teclado;C#m9;Dbm9;C#;Dó sustenido;menor com nona;1 b3 5 b7 9;3;3ª inversão;G#-B-C#-D#-E;G#|B|C#|D#|E;G#;C#;G#-B-C#-D#-E;"C4 como dó central; ajustar conforme tessitura";Voicing teórico fechado. O desenvolvedor pode distribuir notas entre oitavas e omitir duplicações.;"Dicionário de acordes para teclado anexado; estrutura normalizada por teoria musical."
teclado-C#m9-4;teclado;C#m9;Dbm9;C#;Dó sustenido;menor com nona;1 b3 5 b7 9;4;4ª inversão;B-C#-D#-E-G#;B|C#|D#|E|G#;B;C#;B-C#-D#-E-G#;"C4 como dó central; ajustar conforme tessitura";Voicing teórico fechado. O desenvolvedor pode distribuir notas entre oitavas e omitir duplicações.;"Dicionário de acordes para teclado anexado; estrutura normalizada por teoria musical."
teclado-C#11-0;teclado;C#11;Db11;C#;Dó sustenido;décima primeira;1 3 5 b7 9 11;0;posição fundamental;C#-D#-F-F#-G#-B;C#|D#|F|F#|G#|B;C#;C#;C#-D#-F-F#-G#-B;"C4 como dó central; ajustar conforme tessitura";Voicing teórico fechado. O desenvolvedor pode distribuir notas entre oitavas e omitir duplicações.;"Dicionário de acordes para teclado anexado; estrutura normalizada por teoria musical."
teclado-C#11-1;teclado;C#11;Db11;C#;Dó sustenido;décima primeira;1 3 5 b7 9 11;1;1ª inversão;D#-F-F#-G#-B-C#;D#|F|F#|G#|B|C#;D#;C#;D#-F-F#-G#-B-C#;"C4 como dó central; ajustar conforme tessitura";Voicing teórico fechado. O desenvolvedor pode distribuir notas entre oitavas e omitir duplicações.;"Dicionário de acordes para teclado anexado; estrutura normalizada por teoria musical."
teclado-C#11-2;teclado;C#11;Db11;C#;Dó sustenido;décima primeira;1 3 5 b7 9 11;2;2ª inversão;F-F#-G#-B-C#-D#;F|F#|G#|B|C#|D#;F;C#;F-F#-G#-B-C#-D#;"C4 como dó central; ajustar conforme tessitura";Voicing teórico fechado. O desenvolvedor pode distribuir notas entre oitavas e omitir duplicações.;"Dicionário de acordes para teclado anexado; estrutura normalizada por teoria musical."
teclado-C#11-3;teclado;C#11;Db11;C#;Dó sustenido;décima primeira;1 3 5 b7 9 11;3;3ª inversão;F#-G#-B-C#-D#-F;F#|G#|B|C#|D#|F;F#;C#;F#-G#-B-C#-D#-F;"C4 como dó central; ajustar conforme tessitura";Voicing teórico fechado. O desenvolvedor pode distribuir notas entre oitavas e omitir duplicações.;"Dicionário de acordes para teclado anexado; estrutura normalizada por teoria musical."
teclado-C#11-4;teclado;C#11;Db11;C#;Dó sustenido;décima primeira;1 3 5 b7 9 11;4;4ª inversão;G#-B-C#-D#-F-F#;G#|B|C#|D#|F|F#;G#;C#;G#-B-C#-D#-F-F#;"C4 como dó central; ajustar conforme tessitura";Voicing teórico fechado. O desenvolvedor pode distribuir notas entre oitavas e omitir duplicações.;"Dicionário de acordes para teclado anexado; estrutura normalizada por teoria musical."
teclado-C#11-5;teclado;C#11;Db11;C#;Dó sustenido;décima primeira;1 3 5 b7 9 11;5;5ª inversão;B-C#-D#-F-F#-G#;B|C#|D#|F|F#|G#;B;C#;B-C#-D#-F-F#-G#;"C4 como dó central; ajustar conforme tessitura";Voicing teórico fechado. O desenvolvedor pode distribuir notas entre oitavas e omitir duplicações.;"Dicionário de acordes para teclado anexado; estrutura normalizada por teoria musical."
teclado-C#m11-0;teclado;C#m11;Dbm11;C#;Dó sustenido;menor com décima primeira;1 b3 5 b7 9 11;0;posição fundamental;C#-D#-E-F#-G#-B;C#|D#|E|F#|G#|B;C#;C#;C#-D#-E-F#-G#-B;"C4 como dó central; ajustar conforme tessitura";Voicing teórico fechado. O desenvolvedor pode distribuir notas entre oitavas e omitir duplicações.;"Dicionário de acordes para teclado anexado; estrutura normalizada por teoria musical."
teclado-C#m11-1;teclado;C#m11;Dbm11;C#;Dó sustenido;menor com décima primeira;1 b3 5 b7 9 11;1;1ª inversão;D#-E-F#-G#-B-C#;D#|E|F#|G#|B|C#;D#;C#;D#-E-F#-G#-B-C#;"C4 como dó central; ajustar conforme tessitura";Voicing teórico fechado. O desenvolvedor pode distribuir notas entre oitavas e omitir duplicações.;"Dicionário de acordes para teclado anexado; estrutura normalizada por teoria musical."
teclado-C#m11-2;teclado;C#m11;Dbm11;C#;Dó sustenido;menor com décima primeira;1 b3 5 b7 9 11;2;2ª inversão;E-F#-G#-B-C#-D#;E|F#|G#|B|C#|D#;E;C#;E-F#-G#-B-C#-D#;"C4 como dó central; ajustar conforme tessitura";Voicing teórico fechado. O desenvolvedor pode distribuir notas entre oitavas e omitir duplicações.;"Dicionário de acordes para teclado anexado; estrutura normalizada por teoria musical."
teclado-C#m11-3;teclado;C#m11;Dbm11;C#;Dó sustenido;menor com décima primeira;1 b3 5 b7 9 11;3;3ª inversão;F#-G#-B-C#-D#-E;F#|G#|B|C#|D#|E;F#;C#;F#-G#-B-C#-D#-E;"C4 como dó central; ajustar conforme tessitura";Voicing teórico fechado. O desenvolvedor pode distribuir notas entre oitavas e omitir duplicações.;"Dicionário de acordes para teclado anexado; estrutura normalizada por teoria musical."
teclado-C#m11-4;teclado;C#m11;Dbm11;C#;Dó sustenido;menor com décima primeira;1 b3 5 b7 9 11;4;4ª inversão;G#-B-C#-D#-E-F#;G#|B|C#|D#|E|F#;G#;C#;G#-B-C#-D#-E-F#;"C4 como dó central; ajustar conforme tessitura";Voicing teórico fechado. O desenvolvedor pode distribuir notas entre oitavas e omitir duplicações.;"Dicionário de acordes para teclado anexado; estrutura normalizada por teoria musical."
teclado-C#m11-5;teclado;C#m11;Dbm11;C#;Dó sustenido;menor com décima primeira;1 b3 5 b7 9 11;5;5ª inversão;B-C#-D#-E-F#-G#;B|C#|D#|E|F#|G#;B;C#;B-C#-D#-E-F#-G#;"C4 como dó central; ajustar conforme tessitura";Voicing teórico fechado. O desenvolvedor pode distribuir notas entre oitavas e omitir duplicações.;"Dicionário de acordes para teclado anexado; estrutura normalizada por teoria musical."
teclado-C#13-0;teclado;C#13;Db13;C#;Dó sustenido;décima terceira;1 3 5 b7 9 13;0;posição fundamental;C#-D#-F-G#-A#-B;C#|D#|F|G#|A#|B;C#;C#;C#-D#-F-G#-A#-B;"C4 como dó central; ajustar conforme tessitura";Voicing teórico fechado. O desenvolvedor pode distribuir notas entre oitavas e omitir duplicações.;"Dicionário de acordes para teclado anexado; estrutura normalizada por teoria musical."
teclado-C#13-1;teclado;C#13;Db13;C#;Dó sustenido;décima terceira;1 3 5 b7 9 13;1;1ª inversão;D#-F-G#-A#-B-C#;D#|F|G#|A#|B|C#;D#;C#;D#-F-G#-A#-B-C#;"C4 como dó central; ajustar conforme tessitura";Voicing teórico fechado. O desenvolvedor pode distribuir notas entre oitavas e omitir duplicações.;"Dicionário de acordes para teclado anexado; estrutura normalizada por teoria musical."
teclado-C#13-2;teclado;C#13;Db13;C#;Dó sustenido;décima terceira;1 3 5 b7 9 13;2;2ª inversão;F-G#-A#-B-C#-D#;F|G#|A#|B|C#|D#;F;C#;F-G#-A#-B-C#-D#;"C4 como dó central; ajustar conforme tessitura";Voicing teórico fechado. O desenvolvedor pode distribuir notas entre oitavas e omitir duplicações.;"Dicionário de acordes para teclado anexado; estrutura normalizada por teoria musical."
teclado-C#13-3;teclado;C#13;Db13;C#;Dó sustenido;décima terceira;1 3 5 b7 9 13;3;3ª inversão;G#-A#-B-C#-D#-F;G#|A#|B|C#|D#|F;G#;C#;G#-A#-B-C#-D#-F;"C4 como dó central; ajustar conforme tessitura";Voicing teórico fechado. O desenvolvedor pode distribuir notas entre oitavas e omitir duplicações.;"Dicionário de acordes para teclado anexado; estrutura normalizada por teoria musical."
teclado-C#13-4;teclado;C#13;Db13;C#;Dó sustenido;décima terceira;1 3 5 b7 9 13;4;4ª inversão;A#-B-C#-D#-F-G#;A#|B|C#|D#|F|G#;A#;C#;A#-B-C#-D#-F-G#;"C4 como dó central; ajustar conforme tessitura";Voicing teórico fechado. O desenvolvedor pode distribuir notas entre oitavas e omitir duplicações.;"Dicionário de acordes para teclado anexado; estrutura normalizada por teoria musical."
teclado-C#13-5;teclado;C#13;Db13;C#;Dó sustenido;décima terceira;1 3 5 b7 9 13;5;5ª inversão;B-C#-D#-F-G#-A#;B|C#|D#|F|G#|A#;B;C#;B-C#-D#-F-G#-A#;"C4 como dó central; ajustar conforme tessitura";Voicing teórico fechado. O desenvolvedor pode distribuir notas entre oitavas e omitir duplicações.;"Dicionário de acordes para teclado anexado; estrutura normalizada por teoria musical."
teclado-C#m13-0;teclado;C#m13;Dbm13;C#;Dó sustenido;menor com décima terceira;1 b3 5 b7 9 13;0;posição fundamental;C#-D#-E-G#-A#-B;C#|D#|E|G#|A#|B;C#;C#;C#-D#-E-G#-A#-B;"C4 como dó central; ajustar conforme tessitura";Voicing teórico fechado. O desenvolvedor pode distribuir notas entre oitavas e omitir duplicações.;"Dicionário de acordes para teclado anexado; estrutura normalizada por teoria musical."
teclado-C#m13-1;teclado;C#m13;Dbm13;C#;Dó sustenido;menor com décima terceira;1 b3 5 b7 9 13;1;1ª inversão;D#-E-G#-A#-B-C#;D#|E|G#|A#|B|C#;D#;C#;D#-E-G#-A#-B-C#;"C4 como dó central; ajustar conforme tessitura";Voicing teórico fechado. O desenvolvedor pode distribuir notas entre oitavas e omitir duplicações.;"Dicionário de acordes para teclado anexado; estrutura normalizada por teoria musical."
teclado-C#m13-2;teclado;C#m13;Dbm13;C#;Dó sustenido;menor com décima terceira;1 b3 5 b7 9 13;2;2ª inversão;E-G#-A#-B-C#-D#;E|G#|A#|B|C#|D#;E;C#;E-G#-A#-B-C#-D#;"C4 como dó central; ajustar conforme tessitura";Voicing teórico fechado. O desenvolvedor pode distribuir notas entre oitavas e omitir duplicações.;"Dicionário de acordes para teclado anexado; estrutura normalizada por teoria musical."
teclado-C#m13-3;teclado;C#m13;Dbm13;C#;Dó sustenido;menor com décima terceira;1 b3 5 b7 9 13;3;3ª inversão;G#-A#-B-C#-D#-E;G#|A#|B|C#|D#|E;G#;C#;G#-A#-B-C#-D#-E;"C4 como dó central; ajustar conforme tessitura";Voicing teórico fechado. O desenvolvedor pode distribuir notas entre oitavas e omitir duplicações.;"Dicionário de acordes para teclado anexado; estrutura normalizada por teoria musical."
teclado-C#m13-4;teclado;C#m13;Dbm13;C#;Dó sustenido;menor com décima terceira;1 b3 5 b7 9 13;4;4ª inversão;A#-B-C#-D#-E-G#;A#|B|C#|D#|E|G#;A#;C#;A#-B-C#-D#-E-G#;"C4 como dó central; ajustar conforme tessitura";Voicing teórico fechado. O desenvolvedor pode distribuir notas entre oitavas e omitir duplicações.;"Dicionário de acordes para teclado anexado; estrutura normalizada por teoria musical."
teclado-C#m13-5;teclado;C#m13;Dbm13;C#;Dó sustenido;menor com décima terceira;1 b3 5 b7 9 13;5;5ª inversão;B-C#-D#-E-G#-A#;B|C#|D#|E|G#|A#;B;C#;B-C#-D#-E-G#-A#;"C4 como dó central; ajustar conforme tessitura";Voicing teórico fechado. O desenvolvedor pode distribuir notas entre oitavas e omitir duplicações.;"Dicionário de acordes para teclado anexado; estrutura normalizada por teoria musical."
teclado-C#7b5-0;teclado;C#7b5;Db7b5;C#;Dó sustenido;sétima com quinta diminuta;1 3 b5 b7;0;posição fundamental;C#-F-G-B;C#|F|G|B;C#;C#;C#-F-G-B;"C4 como dó central; ajustar conforme tessitura";Voicing teórico fechado. O desenvolvedor pode distribuir notas entre oitavas e omitir duplicações.;"Dicionário de acordes para teclado anexado; estrutura normalizada por teoria musical."
teclado-C#7b5-1;teclado;C#7b5;Db7b5;C#;Dó sustenido;sétima com quinta diminuta;1 3 b5 b7;1;1ª inversão;F-G-B-C#;F|G|B|C#;F;C#;F-G-B-C#;"C4 como dó central; ajustar conforme tessitura";Voicing teórico fechado. O desenvolvedor pode distribuir notas entre oitavas e omitir duplicações.;"Dicionário de acordes para teclado anexado; estrutura normalizada por teoria musical."
teclado-C#7b5-2;teclado;C#7b5;Db7b5;C#;Dó sustenido;sétima com quinta diminuta;1 3 b5 b7;2;2ª inversão;G-B-C#-F;G|B|C#|F;G;C#;G-B-C#-F;"C4 como dó central; ajustar conforme tessitura";Voicing teórico fechado. O desenvolvedor pode distribuir notas entre oitavas e omitir duplicações.;"Dicionário de acordes para teclado anexado; estrutura normalizada por teoria musical."
teclado-C#7b5-3;teclado;C#7b5;Db7b5;C#;Dó sustenido;sétima com quinta diminuta;1 3 b5 b7;3;3ª inversão;B-C#-F-G;B|C#|F|G;B;C#;B-C#-F-G;"C4 como dó central; ajustar conforme tessitura";Voicing teórico fechado. O desenvolvedor pode distribuir notas entre oitavas e omitir duplicações.;"Dicionário de acordes para teclado anexado; estrutura normalizada por teoria musical."
teclado-C#7#5-0;teclado;C#7#5;Db7#5;C#;Dó sustenido;sétima com quinta aumentada;1 3 #5 b7;0;posição fundamental;C#-F-A-B;C#|F|A|B;C#;C#;C#-F-A-B;"C4 como dó central; ajustar conforme tessitura";Voicing teórico fechado. O desenvolvedor pode distribuir notas entre oitavas e omitir duplicações.;"Dicionário de acordes para teclado anexado; estrutura normalizada por teoria musical."
teclado-C#7#5-1;teclado;C#7#5;Db7#5;C#;Dó sustenido;sétima com quinta aumentada;1 3 #5 b7;1;1ª inversão;F-A-B-C#;F|A|B|C#;F;C#;F-A-B-C#;"C4 como dó central; ajustar conforme tessitura";Voicing teórico fechado. O desenvolvedor pode distribuir notas entre oitavas e omitir duplicações.;"Dicionário de acordes para teclado anexado; estrutura normalizada por teoria musical."
teclado-C#7#5-2;teclado;C#7#5;Db7#5;C#;Dó sustenido;sétima com quinta aumentada;1 3 #5 b7;2;2ª inversão;A-B-C#-F;A|B|C#|F;A;C#;A-B-C#-F;"C4 como dó central; ajustar conforme tessitura";Voicing teórico fechado. O desenvolvedor pode distribuir notas entre oitavas e omitir duplicações.;"Dicionário de acordes para teclado anexado; estrutura normalizada por teoria musical."
teclado-C#7#5-3;teclado;C#7#5;Db7#5;C#;Dó sustenido;sétima com quinta aumentada;1 3 #5 b7;3;3ª inversão;B-C#-F-A;B|C#|F|A;B;C#;B-C#-F-A;"C4 como dó central; ajustar conforme tessitura";Voicing teórico fechado. O desenvolvedor pode distribuir notas entre oitavas e omitir duplicações.;"Dicionário de acordes para teclado anexado; estrutura normalizada por teoria musical."
teclado-C#7b9-0;teclado;C#7b9;Db7b9;C#;Dó sustenido;sétima com nona menor;1 b9 3 5 b7;0;posição fundamental;C#-D-F-G#-B;C#|D|F|G#|B;C#;C#;C#-D-F-G#-B;"C4 como dó central; ajustar conforme tessitura";Voicing teórico fechado. O desenvolvedor pode distribuir notas entre oitavas e omitir duplicações.;"Dicionário de acordes para teclado anexado; estrutura normalizada por teoria musical."
teclado-C#7b9-1;teclado;C#7b9;Db7b9;C#;Dó sustenido;sétima com nona menor;1 b9 3 5 b7;1;1ª inversão;D-F-G#-B-C#;D|F|G#|B|C#;D;C#;D-F-G#-B-C#;"C4 como dó central; ajustar conforme tessitura";Voicing teórico fechado. O desenvolvedor pode distribuir notas entre oitavas e omitir duplicações.;"Dicionário de acordes para teclado anexado; estrutura normalizada por teoria musical."
teclado-C#7b9-2;teclado;C#7b9;Db7b9;C#;Dó sustenido;sétima com nona menor;1 b9 3 5 b7;2;2ª inversão;F-G#-B-C#-D;F|G#|B|C#|D;F;C#;F-G#-B-C#-D;"C4 como dó central; ajustar conforme tessitura";Voicing teórico fechado. O desenvolvedor pode distribuir notas entre oitavas e omitir duplicações.;"Dicionário de acordes para teclado anexado; estrutura normalizada por teoria musical."
teclado-C#7b9-3;teclado;C#7b9;Db7b9;C#;Dó sustenido;sétima com nona menor;1 b9 3 5 b7;3;3ª inversão;G#-B-C#-D-F;G#|B|C#|D|F;G#;C#;G#-B-C#-D-F;"C4 como dó central; ajustar conforme tessitura";Voicing teórico fechado. O desenvolvedor pode distribuir notas entre oitavas e omitir duplicações.;"Dicionário de acordes para teclado anexado; estrutura normalizada por teoria musical."
teclado-C#7b9-4;teclado;C#7b9;Db7b9;C#;Dó sustenido;sétima com nona menor;1 b9 3 5 b7;4;4ª inversão;B-C#-D-F-G#;B|C#|D|F|G#;B;C#;B-C#-D-F-G#;"C4 como dó central; ajustar conforme tessitura";Voicing teórico fechado. O desenvolvedor pode distribuir notas entre oitavas e omitir duplicações.;"Dicionário de acordes para teclado anexado; estrutura normalizada por teoria musical."
teclado-C#7#9-0;teclado;C#7#9;Db7#9;C#;Dó sustenido;sétima com nona aumentada;1 #9 3 5 b7;0;posição fundamental;C#-E-F-G#-B;C#|E|F|G#|B;C#;C#;C#-E-F-G#-B;"C4 como dó central; ajustar conforme tessitura";Voicing teórico fechado. O desenvolvedor pode distribuir notas entre oitavas e omitir duplicações.;"Dicionário de acordes para teclado anexado; estrutura normalizada por teoria musical."
teclado-C#7#9-1;teclado;C#7#9;Db7#9;C#;Dó sustenido;sétima com nona aumentada;1 #9 3 5 b7;1;1ª inversão;E-F-G#-B-C#;E|F|G#|B|C#;E;C#;E-F-G#-B-C#;"C4 como dó central; ajustar conforme tessitura";Voicing teórico fechado. O desenvolvedor pode distribuir notas entre oitavas e omitir duplicações.;"Dicionário de acordes para teclado anexado; estrutura normalizada por teoria musical."
teclado-C#7#9-2;teclado;C#7#9;Db7#9;C#;Dó sustenido;sétima com nona aumentada;1 #9 3 5 b7;2;2ª inversão;F-G#-B-C#-E;F|G#|B|C#|E;F;C#;F-G#-B-C#-E;"C4 como dó central; ajustar conforme tessitura";Voicing teórico fechado. O desenvolvedor pode distribuir notas entre oitavas e omitir duplicações.;"Dicionário de acordes para teclado anexado; estrutura normalizada por teoria musical."
teclado-C#7#9-3;teclado;C#7#9;Db7#9;C#;Dó sustenido;sétima com nona aumentada;1 #9 3 5 b7;3;3ª inversão;G#-B-C#-E-F;G#|B|C#|E|F;G#;C#;G#-B-C#-E-F;"C4 como dó central; ajustar conforme tessitura";Voicing teórico fechado. O desenvolvedor pode distribuir notas entre oitavas e omitir duplicações.;"Dicionário de acordes para teclado anexado; estrutura normalizada por teoria musical."
teclado-C#7#9-4;teclado;C#7#9;Db7#9;C#;Dó sustenido;sétima com nona aumentada;1 #9 3 5 b7;4;4ª inversão;B-C#-E-F-G#;B|C#|E|F|G#;B;C#;B-C#-E-F-G#;"C4 como dó central; ajustar conforme tessitura";Voicing teórico fechado. O desenvolvedor pode distribuir notas entre oitavas e omitir duplicações.;"Dicionário de acordes para teclado anexado; estrutura normalizada por teoria musical."
teclado-C#5-0;teclado;C#5;Db5;C#;Dó sustenido;quinta (power chord);1 5;0;posição fundamental;C#-G#;C#|G#;C#;C#;C#-G#;"C4 como dó central; ajustar conforme tessitura";Voicing teórico fechado. O desenvolvedor pode distribuir notas entre oitavas e omitir duplicações.;"Dicionário de acordes para teclado anexado; estrutura normalizada por teoria musical."
teclado-C#5-1;teclado;C#5;Db5;C#;Dó sustenido;quinta (power chord);1 5;1;1ª inversão;G#-C#;G#|C#;G#;C#;G#-C#;"C4 como dó central; ajustar conforme tessitura";Voicing teórico fechado. O desenvolvedor pode distribuir notas entre oitavas e omitir duplicações.;"Dicionário de acordes para teclado anexado; estrutura normalizada por teoria musical."
teclado-D-0;teclado;D;;D;Ré;maior;1 3 5;0;posição fundamental;D-F#-A;D|F#|A;D;D;D-F#-A;"C4 como dó central; ajustar conforme tessitura";Voicing teórico fechado. O desenvolvedor pode distribuir notas entre oitavas e omitir duplicações.;"Dicionário de acordes para teclado anexado; estrutura normalizada por teoria musical."
teclado-D-1;teclado;D;;D;Ré;maior;1 3 5;1;1ª inversão;F#-A-D;F#|A|D;F#;D;F#-A-D;"C4 como dó central; ajustar conforme tessitura";Voicing teórico fechado. O desenvolvedor pode distribuir notas entre oitavas e omitir duplicações.;"Dicionário de acordes para teclado anexado; estrutura normalizada por teoria musical."
teclado-D-2;teclado;D;;D;Ré;maior;1 3 5;2;2ª inversão;A-D-F#;A|D|F#;A;D;A-D-F#;"C4 como dó central; ajustar conforme tessitura";Voicing teórico fechado. O desenvolvedor pode distribuir notas entre oitavas e omitir duplicações.;"Dicionário de acordes para teclado anexado; estrutura normalizada por teoria musical."
teclado-Dm-0;teclado;Dm;;D;Ré;menor;1 b3 5;0;posição fundamental;D-F-A;D|F|A;D;D;D-F-A;"C4 como dó central; ajustar conforme tessitura";Voicing teórico fechado. O desenvolvedor pode distribuir notas entre oitavas e omitir duplicações.;"Dicionário de acordes para teclado anexado; estrutura normalizada por teoria musical."
teclado-Dm-1;teclado;Dm;;D;Ré;menor;1 b3 5;1;1ª inversão;F-A-D;F|A|D;F;D;F-A-D;"C4 como dó central; ajustar conforme tessitura";Voicing teórico fechado. O desenvolvedor pode distribuir notas entre oitavas e omitir duplicações.;"Dicionário de acordes para teclado anexado; estrutura normalizada por teoria musical."
teclado-Dm-2;teclado;Dm;;D;Ré;menor;1 b3 5;2;2ª inversão;A-D-F;A|D|F;A;D;A-D-F;"C4 como dó central; ajustar conforme tessitura";Voicing teórico fechado. O desenvolvedor pode distribuir notas entre oitavas e omitir duplicações.;"Dicionário de acordes para teclado anexado; estrutura normalizada por teoria musical."
teclado-D7-0;teclado;D7;;D;Ré;sétima dominante;1 3 5 b7;0;posição fundamental;D-F#-A-C;D|F#|A|C;D;D;D-F#-A-C;"C4 como dó central; ajustar conforme tessitura";Voicing teórico fechado. O desenvolvedor pode distribuir notas entre oitavas e omitir duplicações.;"Dicionário de acordes para teclado anexado; estrutura normalizada por teoria musical."
teclado-D7-1;teclado;D7;;D;Ré;sétima dominante;1 3 5 b7;1;1ª inversão;F#-A-C-D;F#|A|C|D;F#;D;F#-A-C-D;"C4 como dó central; ajustar conforme tessitura";Voicing teórico fechado. O desenvolvedor pode distribuir notas entre oitavas e omitir duplicações.;"Dicionário de acordes para teclado anexado; estrutura normalizada por teoria musical."
teclado-D7-2;teclado;D7;;D;Ré;sétima dominante;1 3 5 b7;2;2ª inversão;A-C-D-F#;A|C|D|F#;A;D;A-C-D-F#;"C4 como dó central; ajustar conforme tessitura";Voicing teórico fechado. O desenvolvedor pode distribuir notas entre oitavas e omitir duplicações.;"Dicionário de acordes para teclado anexado; estrutura normalizada por teoria musical."
teclado-D7-3;teclado;D7;;D;Ré;sétima dominante;1 3 5 b7;3;3ª inversão;C-D-F#-A;C|D|F#|A;C;D;C-D-F#-A;"C4 como dó central; ajustar conforme tessitura";Voicing teórico fechado. O desenvolvedor pode distribuir notas entre oitavas e omitir duplicações.;"Dicionário de acordes para teclado anexado; estrutura normalizada por teoria musical."
teclado-Dmaj7-0;teclado;Dmaj7;;D;Ré;sétima maior;1 3 5 7;0;posição fundamental;D-F#-A-C#;D|F#|A|C#;D;D;D-F#-A-C#;"C4 como dó central; ajustar conforme tessitura";Voicing teórico fechado. O desenvolvedor pode distribuir notas entre oitavas e omitir duplicações.;"Dicionário de acordes para teclado anexado; estrutura normalizada por teoria musical."
teclado-Dmaj7-1;teclado;Dmaj7;;D;Ré;sétima maior;1 3 5 7;1;1ª inversão;F#-A-C#-D;F#|A|C#|D;F#;D;F#-A-C#-D;"C4 como dó central; ajustar conforme tessitura";Voicing teórico fechado. O desenvolvedor pode distribuir notas entre oitavas e omitir duplicações.;"Dicionário de acordes para teclado anexado; estrutura normalizada por teoria musical."
teclado-Dmaj7-2;teclado;Dmaj7;;D;Ré;sétima maior;1 3 5 7;2;2ª inversão;A-C#-D-F#;A|C#|D|F#;A;D;A-C#-D-F#;"C4 como dó central; ajustar conforme tessitura";Voicing teórico fechado. O desenvolvedor pode distribuir notas entre oitavas e omitir duplicações.;"Dicionário de acordes para teclado anexado; estrutura normalizada por teoria musical."
teclado-Dmaj7-3;teclado;Dmaj7;;D;Ré;sétima maior;1 3 5 7;3;3ª inversão;C#-D-F#-A;C#|D|F#|A;C#;D;C#-D-F#-A;"C4 como dó central; ajustar conforme tessitura";Voicing teórico fechado. O desenvolvedor pode distribuir notas entre oitavas e omitir duplicações.;"Dicionário de acordes para teclado anexado; estrutura normalizada por teoria musical."
teclado-Dm7-0;teclado;Dm7;;D;Ré;menor com sétima;1 b3 5 b7;0;posição fundamental;D-F-A-C;D|F|A|C;D;D;D-F-A-C;"C4 como dó central; ajustar conforme tessitura";Voicing teórico fechado. O desenvolvedor pode distribuir notas entre oitavas e omitir duplicações.;"Dicionário de acordes para teclado anexado; estrutura normalizada por teoria musical."
teclado-Dm7-1;teclado;Dm7;;D;Ré;menor com sétima;1 b3 5 b7;1;1ª inversão;F-A-C-D;F|A|C|D;F;D;F-A-C-D;"C4 como dó central; ajustar conforme tessitura";Voicing teórico fechado. O desenvolvedor pode distribuir notas entre oitavas e omitir duplicações.;"Dicionário de acordes para teclado anexado; estrutura normalizada por teoria musical."
teclado-Dm7-2;teclado;Dm7;;D;Ré;menor com sétima;1 b3 5 b7;2;2ª inversão;A-C-D-F;A|C|D|F;A;D;A-C-D-F;"C4 como dó central; ajustar conforme tessitura";Voicing teórico fechado. O desenvolvedor pode distribuir notas entre oitavas e omitir duplicações.;"Dicionário de acordes para teclado anexado; estrutura normalizada por teoria musical."
teclado-Dm7-3;teclado;Dm7;;D;Ré;menor com sétima;1 b3 5 b7;3;3ª inversão;C-D-F-A;C|D|F|A;C;D;C-D-F-A;"C4 como dó central; ajustar conforme tessitura";Voicing teórico fechado. O desenvolvedor pode distribuir notas entre oitavas e omitir duplicações.;"Dicionário de acordes para teclado anexado; estrutura normalizada por teoria musical."
teclado-D6-0;teclado;D6;;D;Ré;sexta;1 3 5 6;0;posição fundamental;D-F#-A-B;D|F#|A|B;D;D;D-F#-A-B;"C4 como dó central; ajustar conforme tessitura";Voicing teórico fechado. O desenvolvedor pode distribuir notas entre oitavas e omitir duplicações.;"Dicionário de acordes para teclado anexado; estrutura normalizada por teoria musical."
teclado-D6-1;teclado;D6;;D;Ré;sexta;1 3 5 6;1;1ª inversão;F#-A-B-D;F#|A|B|D;F#;D;F#-A-B-D;"C4 como dó central; ajustar conforme tessitura";Voicing teórico fechado. O desenvolvedor pode distribuir notas entre oitavas e omitir duplicações.;"Dicionário de acordes para teclado anexado; estrutura normalizada por teoria musical."
teclado-D6-2;teclado;D6;;D;Ré;sexta;1 3 5 6;2;2ª inversão;A-B-D-F#;A|B|D|F#;A;D;A-B-D-F#;"C4 como dó central; ajustar conforme tessitura";Voicing teórico fechado. O desenvolvedor pode distribuir notas entre oitavas e omitir duplicações.;"Dicionário de acordes para teclado anexado; estrutura normalizada por teoria musical."
teclado-D6-3;teclado;D6;;D;Ré;sexta;1 3 5 6;3;3ª inversão;B-D-F#-A;B|D|F#|A;B;D;B-D-F#-A;"C4 como dó central; ajustar conforme tessitura";Voicing teórico fechado. O desenvolvedor pode distribuir notas entre oitavas e omitir duplicações.;"Dicionário de acordes para teclado anexado; estrutura normalizada por teoria musical."
teclado-Dm6-0;teclado;Dm6;;D;Ré;menor com sexta;1 b3 5 6;0;posição fundamental;D-F-A-B;D|F|A|B;D;D;D-F-A-B;"C4 como dó central; ajustar conforme tessitura";Voicing teórico fechado. O desenvolvedor pode distribuir notas entre oitavas e omitir duplicações.;"Dicionário de acordes para teclado anexado; estrutura normalizada por teoria musical."
teclado-Dm6-1;teclado;Dm6;;D;Ré;menor com sexta;1 b3 5 6;1;1ª inversão;F-A-B-D;F|A|B|D;F;D;F-A-B-D;"C4 como dó central; ajustar conforme tessitura";Voicing teórico fechado. O desenvolvedor pode distribuir notas entre oitavas e omitir duplicações.;"Dicionário de acordes para teclado anexado; estrutura normalizada por teoria musical."
teclado-Dm6-2;teclado;Dm6;;D;Ré;menor com sexta;1 b3 5 6;2;2ª inversão;A-B-D-F;A|B|D|F;A;D;A-B-D-F;"C4 como dó central; ajustar conforme tessitura";Voicing teórico fechado. O desenvolvedor pode distribuir notas entre oitavas e omitir duplicações.;"Dicionário de acordes para teclado anexado; estrutura normalizada por teoria musical."
teclado-Dm6-3;teclado;Dm6;;D;Ré;menor com sexta;1 b3 5 6;3;3ª inversão;B-D-F-A;B|D|F|A;B;D;B-D-F-A;"C4 como dó central; ajustar conforme tessitura";Voicing teórico fechado. O desenvolvedor pode distribuir notas entre oitavas e omitir duplicações.;"Dicionário de acordes para teclado anexado; estrutura normalizada por teoria musical."
teclado-Ddim-0;teclado;Ddim;;D;Ré;diminuto;1 b3 b5;0;posição fundamental;D-F-G#;D|F|G#;D;D;D-F-G#;"C4 como dó central; ajustar conforme tessitura";Voicing teórico fechado. O desenvolvedor pode distribuir notas entre oitavas e omitir duplicações.;"Dicionário de acordes para teclado anexado; estrutura normalizada por teoria musical."
teclado-Ddim-1;teclado;Ddim;;D;Ré;diminuto;1 b3 b5;1;1ª inversão;F-G#-D;F|G#|D;F;D;F-G#-D;"C4 como dó central; ajustar conforme tessitura";Voicing teórico fechado. O desenvolvedor pode distribuir notas entre oitavas e omitir duplicações.;"Dicionário de acordes para teclado anexado; estrutura normalizada por teoria musical."
teclado-Ddim-2;teclado;Ddim;;D;Ré;diminuto;1 b3 b5;2;2ª inversão;G#-D-F;G#|D|F;G#;D;G#-D-F;"C4 como dó central; ajustar conforme tessitura";Voicing teórico fechado. O desenvolvedor pode distribuir notas entre oitavas e omitir duplicações.;"Dicionário de acordes para teclado anexado; estrutura normalizada por teoria musical."
teclado-Ddim7-0;teclado;Ddim7;;D;Ré;diminuto com sétima;1 b3 b5 bb7;0;posição fundamental;D-F-G#-B;D|F|G#|B;D;D;D-F-G#-B;"C4 como dó central; ajustar conforme tessitura";Voicing teórico fechado. O desenvolvedor pode distribuir notas entre oitavas e omitir duplicações.;"Dicionário de acordes para teclado anexado; estrutura normalizada por teoria musical."
teclado-Ddim7-1;teclado;Ddim7;;D;Ré;diminuto com sétima;1 b3 b5 bb7;1;1ª inversão;F-G#-B-D;F|G#|B|D;F;D;F-G#-B-D;"C4 como dó central; ajustar conforme tessitura";Voicing teórico fechado. O desenvolvedor pode distribuir notas entre oitavas e omitir duplicações.;"Dicionário de acordes para teclado anexado; estrutura normalizada por teoria musical."
teclado-Ddim7-2;teclado;Ddim7;;D;Ré;diminuto com sétima;1 b3 b5 bb7;2;2ª inversão;G#-B-D-F;G#|B|D|F;G#;D;G#-B-D-F;"C4 como dó central; ajustar conforme tessitura";Voicing teórico fechado. O desenvolvedor pode distribuir notas entre oitavas e omitir duplicações.;"Dicionário de acordes para teclado anexado; estrutura normalizada por teoria musical."
teclado-Ddim7-3;teclado;Ddim7;;D;Ré;diminuto com sétima;1 b3 b5 bb7;3;3ª inversão;B-D-F-G#;B|D|F|G#;B;D;B-D-F-G#;"C4 como dó central; ajustar conforme tessitura";Voicing teórico fechado. O desenvolvedor pode distribuir notas entre oitavas e omitir duplicações.;"Dicionário de acordes para teclado anexado; estrutura normalizada por teoria musical."
teclado-Daug-0;teclado;Daug;;D;Ré;aumentado;1 3 #5;0;posição fundamental;D-F#-A#;D|F#|A#;D;D;D-F#-A#;"C4 como dó central; ajustar conforme tessitura";Voicing teórico fechado. O desenvolvedor pode distribuir notas entre oitavas e omitir duplicações.;"Dicionário de acordes para teclado anexado; estrutura normalizada por teoria musical."
teclado-Daug-1;teclado;Daug;;D;Ré;aumentado;1 3 #5;1;1ª inversão;F#-A#-D;F#|A#|D;F#;D;F#-A#-D;"C4 como dó central; ajustar conforme tessitura";Voicing teórico fechado. O desenvolvedor pode distribuir notas entre oitavas e omitir duplicações.;"Dicionário de acordes para teclado anexado; estrutura normalizada por teoria musical."
teclado-Daug-2;teclado;Daug;;D;Ré;aumentado;1 3 #5;2;2ª inversão;A#-D-F#;A#|D|F#;A#;D;A#-D-F#;"C4 como dó central; ajustar conforme tessitura";Voicing teórico fechado. O desenvolvedor pode distribuir notas entre oitavas e omitir duplicações.;"Dicionário de acordes para teclado anexado; estrutura normalizada por teoria musical."
teclado-Dsus2-0;teclado;Dsus2;;D;Ré;suspenso com segunda;1 2 5;0;posição fundamental;D-E-A;D|E|A;D;D;D-E-A;"C4 como dó central; ajustar conforme tessitura";Voicing teórico fechado. O desenvolvedor pode distribuir notas entre oitavas e omitir duplicações.;"Dicionário de acordes para teclado anexado; estrutura normalizada por teoria musical."
teclado-Dsus2-1;teclado;Dsus2;;D;Ré;suspenso com segunda;1 2 5;1;1ª inversão;E-A-D;E|A|D;E;D;E-A-D;"C4 como dó central; ajustar conforme tessitura";Voicing teórico fechado. O desenvolvedor pode distribuir notas entre oitavas e omitir duplicações.;"Dicionário de acordes para teclado anexado; estrutura normalizada por teoria musical."
teclado-Dsus2-2;teclado;Dsus2;;D;Ré;suspenso com segunda;1 2 5;2;2ª inversão;A-D-E;A|D|E;A;D;A-D-E;"C4 como dó central; ajustar conforme tessitura";Voicing teórico fechado. O desenvolvedor pode distribuir notas entre oitavas e omitir duplicações.;"Dicionário de acordes para teclado anexado; estrutura normalizada por teoria musical."
teclado-Dsus4-0;teclado;Dsus4;;D;Ré;suspenso com quarta;1 4 5;0;posição fundamental;D-G-A;D|G|A;D;D;D-G-A;"C4 como dó central; ajustar conforme tessitura";Voicing teórico fechado. O desenvolvedor pode distribuir notas entre oitavas e omitir duplicações.;"Dicionário de acordes para teclado anexado; estrutura normalizada por teoria musical."
teclado-Dsus4-1;teclado;Dsus4;;D;Ré;suspenso com quarta;1 4 5;1;1ª inversão;G-A-D;G|A|D;G;D;G-A-D;"C4 como dó central; ajustar conforme tessitura";Voicing teórico fechado. O desenvolvedor pode distribuir notas entre oitavas e omitir duplicações.;"Dicionário de acordes para teclado anexado; estrutura normalizada por teoria musical."
teclado-Dsus4-2;teclado;Dsus4;;D;Ré;suspenso com quarta;1 4 5;2;2ª inversão;A-D-G;A|D|G;A;D;A-D-G;"C4 como dó central; ajustar conforme tessitura";Voicing teórico fechado. O desenvolvedor pode distribuir notas entre oitavas e omitir duplicações.;"Dicionário de acordes para teclado anexado; estrutura normalizada por teoria musical."
teclado-Dadd9-0;teclado;Dadd9;;D;Ré;com nona adicionada;1 3 5 9;0;posição fundamental;D-E-F#-A;D|E|F#|A;D;D;D-E-F#-A;"C4 como dó central; ajustar conforme tessitura";Voicing teórico fechado. O desenvolvedor pode distribuir notas entre oitavas e omitir duplicações.;"Dicionário de acordes para teclado anexado; estrutura normalizada por teoria musical."
teclado-Dadd9-1;teclado;Dadd9;;D;Ré;com nona adicionada;1 3 5 9;1;1ª inversão;E-F#-A-D;E|F#|A|D;E;D;E-F#-A-D;"C4 como dó central; ajustar conforme tessitura";Voicing teórico fechado. O desenvolvedor pode distribuir notas entre oitavas e omitir duplicações.;"Dicionário de acordes para teclado anexado; estrutura normalizada por teoria musical."
teclado-Dadd9-2;teclado;Dadd9;;D;Ré;com nona adicionada;1 3 5 9;2;2ª inversão;F#-A-D-E;F#|A|D|E;F#;D;F#-A-D-E;"C4 como dó central; ajustar conforme tessitura";Voicing teórico fechado. O desenvolvedor pode distribuir notas entre oitavas e omitir duplicações.;"Dicionário de acordes para teclado anexado; estrutura normalizada por teoria musical."
teclado-Dadd9-3;teclado;Dadd9;;D;Ré;com nona adicionada;1 3 5 9;3;3ª inversão;A-D-E-F#;A|D|E|F#;A;D;A-D-E-F#;"C4 como dó central; ajustar conforme tessitura";Voicing teórico fechado. O desenvolvedor pode distribuir notas entre oitavas e omitir duplicações.;"Dicionário de acordes para teclado anexado; estrutura normalizada por teoria musical."
teclado-D9-0;teclado;D9;;D;Ré;nona dominante;1 3 5 b7 9;0;posição fundamental;D-E-F#-A-C;D|E|F#|A|C;D;D;D-E-F#-A-C;"C4 como dó central; ajustar conforme tessitura";Voicing teórico fechado. O desenvolvedor pode distribuir notas entre oitavas e omitir duplicações.;"Dicionário de acordes para teclado anexado; estrutura normalizada por teoria musical."
teclado-D9-1;teclado;D9;;D;Ré;nona dominante;1 3 5 b7 9;1;1ª inversão;E-F#-A-C-D;E|F#|A|C|D;E;D;E-F#-A-C-D;"C4 como dó central; ajustar conforme tessitura";Voicing teórico fechado. O desenvolvedor pode distribuir notas entre oitavas e omitir duplicações.;"Dicionário de acordes para teclado anexado; estrutura normalizada por teoria musical."
teclado-D9-2;teclado;D9;;D;Ré;nona dominante;1 3 5 b7 9;2;2ª inversão;F#-A-C-D-E;F#|A|C|D|E;F#;D;F#-A-C-D-E;"C4 como dó central; ajustar conforme tessitura";Voicing teórico fechado. O desenvolvedor pode distribuir notas entre oitavas e omitir duplicações.;"Dicionário de acordes para teclado anexado; estrutura normalizada por teoria musical."
teclado-D9-3;teclado;D9;;D;Ré;nona dominante;1 3 5 b7 9;3;3ª inversão;A-C-D-E-F#;A|C|D|E|F#;A;D;A-C-D-E-F#;"C4 como dó central; ajustar conforme tessitura";Voicing teórico fechado. O desenvolvedor pode distribuir notas entre oitavas e omitir duplicações.;"Dicionário de acordes para teclado anexado; estrutura normalizada por teoria musical."
teclado-D9-4;teclado;D9;;D;Ré;nona dominante;1 3 5 b7 9;4;4ª inversão;C-D-E-F#-A;C|D|E|F#|A;C;D;C-D-E-F#-A;"C4 como dó central; ajustar conforme tessitura";Voicing teórico fechado. O desenvolvedor pode distribuir notas entre oitavas e omitir duplicações.;"Dicionário de acordes para teclado anexado; estrutura normalizada por teoria musical."
teclado-Dmaj9-0;teclado;Dmaj9;;D;Ré;nona maior;1 3 5 7 9;0;posição fundamental;D-E-F#-A-C#;D|E|F#|A|C#;D;D;D-E-F#-A-C#;"C4 como dó central; ajustar conforme tessitura";Voicing teórico fechado. O desenvolvedor pode distribuir notas entre oitavas e omitir duplicações.;"Dicionário de acordes para teclado anexado; estrutura normalizada por teoria musical."
teclado-Dmaj9-1;teclado;Dmaj9;;D;Ré;nona maior;1 3 5 7 9;1;1ª inversão;E-F#-A-C#-D;E|F#|A|C#|D;E;D;E-F#-A-C#-D;"C4 como dó central; ajustar conforme tessitura";Voicing teórico fechado. O desenvolvedor pode distribuir notas entre oitavas e omitir duplicações.;"Dicionário de acordes para teclado anexado; estrutura normalizada por teoria musical."
teclado-Dmaj9-2;teclado;Dmaj9;;D;Ré;nona maior;1 3 5 7 9;2;2ª inversão;F#-A-C#-D-E;F#|A|C#|D|E;F#;D;F#-A-C#-D-E;"C4 como dó central; ajustar conforme tessitura";Voicing teórico fechado. O desenvolvedor pode distribuir notas entre oitavas e omitir duplicações.;"Dicionário de acordes para teclado anexado; estrutura normalizada por teoria musical."
teclado-Dmaj9-3;teclado;Dmaj9;;D;Ré;nona maior;1 3 5 7 9;3;3ª inversão;A-C#-D-E-F#;A|C#|D|E|F#;A;D;A-C#-D-E-F#;"C4 como dó central; ajustar conforme tessitura";Voicing teórico fechado. O desenvolvedor pode distribuir notas entre oitavas e omitir duplicações.;"Dicionário de acordes para teclado anexado; estrutura normalizada por teoria musical."
teclado-Dmaj9-4;teclado;Dmaj9;;D;Ré;nona maior;1 3 5 7 9;4;4ª inversão;C#-D-E-F#-A;C#|D|E|F#|A;C#;D;C#-D-E-F#-A;"C4 como dó central; ajustar conforme tessitura";Voicing teórico fechado. O desenvolvedor pode distribuir notas entre oitavas e omitir duplicações.;"Dicionário de acordes para teclado anexado; estrutura normalizada por teoria musical."
teclado-Dm9-0;teclado;Dm9;;D;Ré;menor com nona;1 b3 5 b7 9;0;posição fundamental;D-E-F-A-C;D|E|F|A|C;D;D;D-E-F-A-C;"C4 como dó central; ajustar conforme tessitura";Voicing teórico fechado. O desenvolvedor pode distribuir notas entre oitavas e omitir duplicações.;"Dicionário de acordes para teclado anexado; estrutura normalizada por teoria musical."
teclado-Dm9-1;teclado;Dm9;;D;Ré;menor com nona;1 b3 5 b7 9;1;1ª inversão;E-F-A-C-D;E|F|A|C|D;E;D;E-F-A-C-D;"C4 como dó central; ajustar conforme tessitura";Voicing teórico fechado. O desenvolvedor pode distribuir notas entre oitavas e omitir duplicações.;"Dicionário de acordes para teclado anexado; estrutura normalizada por teoria musical."
teclado-Dm9-2;teclado;Dm9;;D;Ré;menor com nona;1 b3 5 b7 9;2;2ª inversão;F-A-C-D-E;F|A|C|D|E;F;D;F-A-C-D-E;"C4 como dó central; ajustar conforme tessitura";Voicing teórico fechado. O desenvolvedor pode distribuir notas entre oitavas e omitir duplicações.;"Dicionário de acordes para teclado anexado; estrutura normalizada por teoria musical."
teclado-Dm9-3;teclado;Dm9;;D;Ré;menor com nona;1 b3 5 b7 9;3;3ª inversão;A-C-D-E-F;A|C|D|E|F;A;D;A-C-D-E-F;"C4 como dó central; ajustar conforme tessitura";Voicing teórico fechado. O desenvolvedor pode distribuir notas entre oitavas e omitir duplicações.;"Dicionário de acordes para teclado anexado; estrutura normalizada por teoria musical."
teclado-Dm9-4;teclado;Dm9;;D;Ré;menor com nona;1 b3 5 b7 9;4;4ª inversão;C-D-E-F-A;C|D|E|F|A;C;D;C-D-E-F-A;"C4 como dó central; ajustar conforme tessitura";Voicing teórico fechado. O desenvolvedor pode distribuir notas entre oitavas e omitir duplicações.;"Dicionário de acordes para teclado anexado; estrutura normalizada por teoria musical."
teclado-D11-0;teclado;D11;;D;Ré;décima primeira;1 3 5 b7 9 11;0;posição fundamental;D-E-F#-G-A-C;D|E|F#|G|A|C;D;D;D-E-F#-G-A-C;"C4 como dó central; ajustar conforme tessitura";Voicing teórico fechado. O desenvolvedor pode distribuir notas entre oitavas e omitir duplicações.;"Dicionário de acordes para teclado anexado; estrutura normalizada por teoria musical."
teclado-D11-1;teclado;D11;;D;Ré;décima primeira;1 3 5 b7 9 11;1;1ª inversão;E-F#-G-A-C-D;E|F#|G|A|C|D;E;D;E-F#-G-A-C-D;"C4 como dó central; ajustar conforme tessitura";Voicing teórico fechado. O desenvolvedor pode distribuir notas entre oitavas e omitir duplicações.;"Dicionário de acordes para teclado anexado; estrutura normalizada por teoria musical."
teclado-D11-2;teclado;D11;;D;Ré;décima primeira;1 3 5 b7 9 11;2;2ª inversão;F#-G-A-C-D-E;F#|G|A|C|D|E;F#;D;F#-G-A-C-D-E;"C4 como dó central; ajustar conforme tessitura";Voicing teórico fechado. O desenvolvedor pode distribuir notas entre oitavas e omitir duplicações.;"Dicionário de acordes para teclado anexado; estrutura normalizada por teoria musical."
teclado-D11-3;teclado;D11;;D;Ré;décima primeira;1 3 5 b7 9 11;3;3ª inversão;G-A-C-D-E-F#;G|A|C|D|E|F#;G;D;G-A-C-D-E-F#;"C4 como dó central; ajustar conforme tessitura";Voicing teórico fechado. O desenvolvedor pode distribuir notas entre oitavas e omitir duplicações.;"Dicionário de acordes para teclado anexado; estrutura normalizada por teoria musical."
teclado-D11-4;teclado;D11;;D;Ré;décima primeira;1 3 5 b7 9 11;4;4ª inversão;A-C-D-E-F#-G;A|C|D|E|F#|G;A;D;A-C-D-E-F#-G;"C4 como dó central; ajustar conforme tessitura";Voicing teórico fechado. O desenvolvedor pode distribuir notas entre oitavas e omitir duplicações.;"Dicionário de acordes para teclado anexado; estrutura normalizada por teoria musical."
teclado-D11-5;teclado;D11;;D;Ré;décima primeira;1 3 5 b7 9 11;5;5ª inversão;C-D-E-F#-G-A;C|D|E|F#|G|A;C;D;C-D-E-F#-G-A;"C4 como dó central; ajustar conforme tessitura";Voicing teórico fechado. O desenvolvedor pode distribuir notas entre oitavas e omitir duplicações.;"Dicionário de acordes para teclado anexado; estrutura normalizada por teoria musical."
teclado-Dm11-0;teclado;Dm11;;D;Ré;menor com décima primeira;1 b3 5 b7 9 11;0;posição fundamental;D-E-F-G-A-C;D|E|F|G|A|C;D;D;D-E-F-G-A-C;"C4 como dó central; ajustar conforme tessitura";Voicing teórico fechado. O desenvolvedor pode distribuir notas entre oitavas e omitir duplicações.;"Dicionário de acordes para teclado anexado; estrutura normalizada por teoria musical."
teclado-Dm11-1;teclado;Dm11;;D;Ré;menor com décima primeira;1 b3 5 b7 9 11;1;1ª inversão;E-F-G-A-C-D;E|F|G|A|C|D;E;D;E-F-G-A-C-D;"C4 como dó central; ajustar conforme tessitura";Voicing teórico fechado. O desenvolvedor pode distribuir notas entre oitavas e omitir duplicações.;"Dicionário de acordes para teclado anexado; estrutura normalizada por teoria musical."
teclado-Dm11-2;teclado;Dm11;;D;Ré;menor com décima primeira;1 b3 5 b7 9 11;2;2ª inversão;F-G-A-C-D-E;F|G|A|C|D|E;F;D;F-G-A-C-D-E;"C4 como dó central; ajustar conforme tessitura";Voicing teórico fechado. O desenvolvedor pode distribuir notas entre oitavas e omitir duplicações.;"Dicionário de acordes para teclado anexado; estrutura normalizada por teoria musical."
teclado-Dm11-3;teclado;Dm11;;D;Ré;menor com décima primeira;1 b3 5 b7 9 11;3;3ª inversão;G-A-C-D-E-F;G|A|C|D|E|F;G;D;G-A-C-D-E-F;"C4 como dó central; ajustar conforme tessitura";Voicing teórico fechado. O desenvolvedor pode distribuir notas entre oitavas e omitir duplicações.;"Dicionário de acordes para teclado anexado; estrutura normalizada por teoria musical."
teclado-Dm11-4;teclado;Dm11;;D;Ré;menor com décima primeira;1 b3 5 b7 9 11;4;4ª inversão;A-C-D-E-F-G;A|C|D|E|F|G;A;D;A-C-D-E-F-G;"C4 como dó central; ajustar conforme tessitura";Voicing teórico fechado. O desenvolvedor pode distribuir notas entre oitavas e omitir duplicações.;"Dicionário de acordes para teclado anexado; estrutura normalizada por teoria musical."
teclado-Dm11-5;teclado;Dm11;;D;Ré;menor com décima primeira;1 b3 5 b7 9 11;5;5ª inversão;C-D-E-F-G-A;C|D|E|F|G|A;C;D;C-D-E-F-G-A;"C4 como dó central; ajustar conforme tessitura";Voicing teórico fechado. O desenvolvedor pode distribuir notas entre oitavas e omitir duplicações.;"Dicionário de acordes para teclado anexado; estrutura normalizada por teoria musical."
teclado-D13-0;teclado;D13;;D;Ré;décima terceira;1 3 5 b7 9 13;0;posição fundamental;D-E-F#-A-B-C;D|E|F#|A|B|C;D;D;D-E-F#-A-B-C;"C4 como dó central; ajustar conforme tessitura";Voicing teórico fechado. O desenvolvedor pode distribuir notas entre oitavas e omitir duplicações.;"Dicionário de acordes para teclado anexado; estrutura normalizada por teoria musical."
teclado-D13-1;teclado;D13;;D;Ré;décima terceira;1 3 5 b7 9 13;1;1ª inversão;E-F#-A-B-C-D;E|F#|A|B|C|D;E;D;E-F#-A-B-C-D;"C4 como dó central; ajustar conforme tessitura";Voicing teórico fechado. O desenvolvedor pode distribuir notas entre oitavas e omitir duplicações.;"Dicionário de acordes para teclado anexado; estrutura normalizada por teoria musical."
teclado-D13-2;teclado;D13;;D;Ré;décima terceira;1 3 5 b7 9 13;2;2ª inversão;F#-A-B-C-D-E;F#|A|B|C|D|E;F#;D;F#-A-B-C-D-E;"C4 como dó central; ajustar conforme tessitura";Voicing teórico fechado. O desenvolvedor pode distribuir notas entre oitavas e omitir duplicações.;"Dicionário de acordes para teclado anexado; estrutura normalizada por teoria musical."
teclado-D13-3;teclado;D13;;D;Ré;décima terceira;1 3 5 b7 9 13;3;3ª inversão;A-B-C-D-E-F#;A|B|C|D|E|F#;A;D;A-B-C-D-E-F#;"C4 como dó central; ajustar conforme tessitura";Voicing teórico fechado. O desenvolvedor pode distribuir notas entre oitavas e omitir duplicações.;"Dicionário de acordes para teclado anexado; estrutura normalizada por teoria musical."
teclado-D13-4;teclado;D13;;D;Ré;décima terceira;1 3 5 b7 9 13;4;4ª inversão;B-C-D-E-F#-A;B|C|D|E|F#|A;B;D;B-C-D-E-F#-A;"C4 como dó central; ajustar conforme tessitura";Voicing teórico fechado. O desenvolvedor pode distribuir notas entre oitavas e omitir duplicações.;"Dicionário de acordes para teclado anexado; estrutura normalizada por teoria musical."
teclado-D13-5;teclado;D13;;D;Ré;décima terceira;1 3 5 b7 9 13;5;5ª inversão;C-D-E-F#-A-B;C|D|E|F#|A|B;C;D;C-D-E-F#-A-B;"C4 como dó central; ajustar conforme tessitura";Voicing teórico fechado. O desenvolvedor pode distribuir notas entre oitavas e omitir duplicações.;"Dicionário de acordes para teclado anexado; estrutura normalizada por teoria musical."
teclado-Dm13-0;teclado;Dm13;;D;Ré;menor com décima terceira;1 b3 5 b7 9 13;0;posição fundamental;D-E-F-A-B-C;D|E|F|A|B|C;D;D;D-E-F-A-B-C;"C4 como dó central; ajustar conforme tessitura";Voicing teórico fechado. O desenvolvedor pode distribuir notas entre oitavas e omitir duplicações.;"Dicionário de acordes para teclado anexado; estrutura normalizada por teoria musical."
teclado-Dm13-1;teclado;Dm13;;D;Ré;menor com décima terceira;1 b3 5 b7 9 13;1;1ª inversão;E-F-A-B-C-D;E|F|A|B|C|D;E;D;E-F-A-B-C-D;"C4 como dó central; ajustar conforme tessitura";Voicing teórico fechado. O desenvolvedor pode distribuir notas entre oitavas e omitir duplicações.;"Dicionário de acordes para teclado anexado; estrutura normalizada por teoria musical."
teclado-Dm13-2;teclado;Dm13;;D;Ré;menor com décima terceira;1 b3 5 b7 9 13;2;2ª inversão;F-A-B-C-D-E;F|A|B|C|D|E;F;D;F-A-B-C-D-E;"C4 como dó central; ajustar conforme tessitura";Voicing teórico fechado. O desenvolvedor pode distribuir notas entre oitavas e omitir duplicações.;"Dicionário de acordes para teclado anexado; estrutura normalizada por teoria musical."
teclado-Dm13-3;teclado;Dm13;;D;Ré;menor com décima terceira;1 b3 5 b7 9 13;3;3ª inversão;A-B-C-D-E-F;A|B|C|D|E|F;A;D;A-B-C-D-E-F;"C4 como dó central; ajustar conforme tessitura";Voicing teórico fechado. O desenvolvedor pode distribuir notas entre oitavas e omitir duplicações.;"Dicionário de acordes para teclado anexado; estrutura normalizada por teoria musical."
teclado-Dm13-4;teclado;Dm13;;D;Ré;menor com décima terceira;1 b3 5 b7 9 13;4;4ª inversão;B-C-D-E-F-A;B|C|D|E|F|A;B;D;B-C-D-E-F-A;"C4 como dó central; ajustar conforme tessitura";Voicing teórico fechado. O desenvolvedor pode distribuir notas entre oitavas e omitir duplicações.;"Dicionário de acordes para teclado anexado; estrutura normalizada por teoria musical."
teclado-Dm13-5;teclado;Dm13;;D;Ré;menor com décima terceira;1 b3 5 b7 9 13;5;5ª inversão;C-D-E-F-A-B;C|D|E|F|A|B;C;D;C-D-E-F-A-B;"C4 como dó central; ajustar conforme tessitura";Voicing teórico fechado. O desenvolvedor pode distribuir notas entre oitavas e omitir duplicações.;"Dicionário de acordes para teclado anexado; estrutura normalizada por teoria musical."
teclado-D7b5-0;teclado;D7b5;;D;Ré;sétima com quinta diminuta;1 3 b5 b7;0;posição fundamental;D-F#-G#-C;D|F#|G#|C;D;D;D-F#-G#-C;"C4 como dó central; ajustar conforme tessitura";Voicing teórico fechado. O desenvolvedor pode distribuir notas entre oitavas e omitir duplicações.;"Dicionário de acordes para teclado anexado; estrutura normalizada por teoria musical."
teclado-D7b5-1;teclado;D7b5;;D;Ré;sétima com quinta diminuta;1 3 b5 b7;1;1ª inversão;F#-G#-C-D;F#|G#|C|D;F#;D;F#-G#-C-D;"C4 como dó central; ajustar conforme tessitura";Voicing teórico fechado. O desenvolvedor pode distribuir notas entre oitavas e omitir duplicações.;"Dicionário de acordes para teclado anexado; estrutura normalizada por teoria musical."
teclado-D7b5-2;teclado;D7b5;;D;Ré;sétima com quinta diminuta;1 3 b5 b7;2;2ª inversão;G#-C-D-F#;G#|C|D|F#;G#;D;G#-C-D-F#;"C4 como dó central; ajustar conforme tessitura";Voicing teórico fechado. O desenvolvedor pode distribuir notas entre oitavas e omitir duplicações.;"Dicionário de acordes para teclado anexado; estrutura normalizada por teoria musical."
teclado-D7b5-3;teclado;D7b5;;D;Ré;sétima com quinta diminuta;1 3 b5 b7;3;3ª inversão;C-D-F#-G#;C|D|F#|G#;C;D;C-D-F#-G#;"C4 como dó central; ajustar conforme tessitura";Voicing teórico fechado. O desenvolvedor pode distribuir notas entre oitavas e omitir duplicações.;"Dicionário de acordes para teclado anexado; estrutura normalizada por teoria musical."
teclado-D7#5-0;teclado;D7#5;;D;Ré;sétima com quinta aumentada;1 3 #5 b7;0;posição fundamental;D-F#-A#-C;D|F#|A#|C;D;D;D-F#-A#-C;"C4 como dó central; ajustar conforme tessitura";Voicing teórico fechado. O desenvolvedor pode distribuir notas entre oitavas e omitir duplicações.;"Dicionário de acordes para teclado anexado; estrutura normalizada por teoria musical."
teclado-D7#5-1;teclado;D7#5;;D;Ré;sétima com quinta aumentada;1 3 #5 b7;1;1ª inversão;F#-A#-C-D;F#|A#|C|D;F#;D;F#-A#-C-D;"C4 como dó central; ajustar conforme tessitura";Voicing teórico fechado. O desenvolvedor pode distribuir notas entre oitavas e omitir duplicações.;"Dicionário de acordes para teclado anexado; estrutura normalizada por teoria musical."
teclado-D7#5-2;teclado;D7#5;;D;Ré;sétima com quinta aumentada;1 3 #5 b7;2;2ª inversão;A#-C-D-F#;A#|C|D|F#;A#;D;A#-C-D-F#;"C4 como dó central; ajustar conforme tessitura";Voicing teórico fechado. O desenvolvedor pode distribuir notas entre oitavas e omitir duplicações.;"Dicionário de acordes para teclado anexado; estrutura normalizada por teoria musical."
teclado-D7#5-3;teclado;D7#5;;D;Ré;sétima com quinta aumentada;1 3 #5 b7;3;3ª inversão;C-D-F#-A#;C|D|F#|A#;C;D;C-D-F#-A#;"C4 como dó central; ajustar conforme tessitura";Voicing teórico fechado. O desenvolvedor pode distribuir notas entre oitavas e omitir duplicações.;"Dicionário de acordes para teclado anexado; estrutura normalizada por teoria musical."
teclado-D7b9-0;teclado;D7b9;;D;Ré;sétima com nona menor;1 b9 3 5 b7;0;posição fundamental;D-D#-F#-A-C;D|D#|F#|A|C;D;D;D-D#-F#-A-C;"C4 como dó central; ajustar conforme tessitura";Voicing teórico fechado. O desenvolvedor pode distribuir notas entre oitavas e omitir duplicações.;"Dicionário de acordes para teclado anexado; estrutura normalizada por teoria musical."
teclado-D7b9-1;teclado;D7b9;;D;Ré;sétima com nona menor;1 b9 3 5 b7;1;1ª inversão;D#-F#-A-C-D;D#|F#|A|C|D;D#;D;D#-F#-A-C-D;"C4 como dó central; ajustar conforme tessitura";Voicing teórico fechado. O desenvolvedor pode distribuir notas entre oitavas e omitir duplicações.;"Dicionário de acordes para teclado anexado; estrutura normalizada por teoria musical."
teclado-D7b9-2;teclado;D7b9;;D;Ré;sétima com nona menor;1 b9 3 5 b7;2;2ª inversão;F#-A-C-D-D#;F#|A|C|D|D#;F#;D;F#-A-C-D-D#;"C4 como dó central; ajustar conforme tessitura";Voicing teórico fechado. O desenvolvedor pode distribuir notas entre oitavas e omitir duplicações.;"Dicionário de acordes para teclado anexado; estrutura normalizada por teoria musical."
teclado-D7b9-3;teclado;D7b9;;D;Ré;sétima com nona menor;1 b9 3 5 b7;3;3ª inversão;A-C-D-D#-F#;A|C|D|D#|F#;A;D;A-C-D-D#-F#;"C4 como dó central; ajustar conforme tessitura";Voicing teórico fechado. O desenvolvedor pode distribuir notas entre oitavas e omitir duplicações.;"Dicionário de acordes para teclado anexado; estrutura normalizada por teoria musical."
teclado-D7b9-4;teclado;D7b9;;D;Ré;sétima com nona menor;1 b9 3 5 b7;4;4ª inversão;C-D-D#-F#-A;C|D|D#|F#|A;C;D;C-D-D#-F#-A;"C4 como dó central; ajustar conforme tessitura";Voicing teórico fechado. O desenvolvedor pode distribuir notas entre oitavas e omitir duplicações.;"Dicionário de acordes para teclado anexado; estrutura normalizada por teoria musical."
teclado-D7#9-0;teclado;D7#9;;D;Ré;sétima com nona aumentada;1 #9 3 5 b7;0;posição fundamental;D-F-F#-A-C;D|F|F#|A|C;D;D;D-F-F#-A-C;"C4 como dó central; ajustar conforme tessitura";Voicing teórico fechado. O desenvolvedor pode distribuir notas entre oitavas e omitir duplicações.;"Dicionário de acordes para teclado anexado; estrutura normalizada por teoria musical."
teclado-D7#9-1;teclado;D7#9;;D;Ré;sétima com nona aumentada;1 #9 3 5 b7;1;1ª inversão;F-F#-A-C-D;F|F#|A|C|D;F;D;F-F#-A-C-D;"C4 como dó central; ajustar conforme tessitura";Voicing teórico fechado. O desenvolvedor pode distribuir notas entre oitavas e omitir duplicações.;"Dicionário de acordes para teclado anexado; estrutura normalizada por teoria musical."
teclado-D7#9-2;teclado;D7#9;;D;Ré;sétima com nona aumentada;1 #9 3 5 b7;2;2ª inversão;F#-A-C-D-F;F#|A|C|D|F;F#;D;F#-A-C-D-F;"C4 como dó central; ajustar conforme tessitura";Voicing teórico fechado. O desenvolvedor pode distribuir notas entre oitavas e omitir duplicações.;"Dicionário de acordes para teclado anexado; estrutura normalizada por teoria musical."
teclado-D7#9-3;teclado;D7#9;;D;Ré;sétima com nona aumentada;1 #9 3 5 b7;3;3ª inversão;A-C-D-F-F#;A|C|D|F|F#;A;D;A-C-D-F-F#;"C4 como dó central; ajustar conforme tessitura";Voicing teórico fechado. O desenvolvedor pode distribuir notas entre oitavas e omitir duplicações.;"Dicionário de acordes para teclado anexado; estrutura normalizada por teoria musical."
teclado-D7#9-4;teclado;D7#9;;D;Ré;sétima com nona aumentada;1 #9 3 5 b7;4;4ª inversão;C-D-F-F#-A;C|D|F|F#|A;C;D;C-D-F-F#-A;"C4 como dó central; ajustar conforme tessitura";Voicing teórico fechado. O desenvolvedor pode distribuir notas entre oitavas e omitir duplicações.;"Dicionário de acordes para teclado anexado; estrutura normalizada por teoria musical."
teclado-D5-0;teclado;D5;;D;Ré;quinta (power chord);1 5;0;posição fundamental;D-A;D|A;D;D;D-A;"C4 como dó central; ajustar conforme tessitura";Voicing teórico fechado. O desenvolvedor pode distribuir notas entre oitavas e omitir duplicações.;"Dicionário de acordes para teclado anexado; estrutura normalizada por teoria musical."
teclado-D5-1;teclado;D5;;D;Ré;quinta (power chord);1 5;1;1ª inversão;A-D;A|D;A;D;A-D;"C4 como dó central; ajustar conforme tessitura";Voicing teórico fechado. O desenvolvedor pode distribuir notas entre oitavas e omitir duplicações.;"Dicionário de acordes para teclado anexado; estrutura normalizada por teoria musical."
teclado-D#-0;teclado;D#;Eb;D#;Ré sustenido;maior;1 3 5;0;posição fundamental;D#-G-A#;D#|G|A#;D#;D#;D#-G-A#;"C4 como dó central; ajustar conforme tessitura";Voicing teórico fechado. O desenvolvedor pode distribuir notas entre oitavas e omitir duplicações.;"Dicionário de acordes para teclado anexado; estrutura normalizada por teoria musical."
teclado-D#-1;teclado;D#;Eb;D#;Ré sustenido;maior;1 3 5;1;1ª inversão;G-A#-D#;G|A#|D#;G;D#;G-A#-D#;"C4 como dó central; ajustar conforme tessitura";Voicing teórico fechado. O desenvolvedor pode distribuir notas entre oitavas e omitir duplicações.;"Dicionário de acordes para teclado anexado; estrutura normalizada por teoria musical."
teclado-D#-2;teclado;D#;Eb;D#;Ré sustenido;maior;1 3 5;2;2ª inversão;A#-D#-G;A#|D#|G;A#;D#;A#-D#-G;"C4 como dó central; ajustar conforme tessitura";Voicing teórico fechado. O desenvolvedor pode distribuir notas entre oitavas e omitir duplicações.;"Dicionário de acordes para teclado anexado; estrutura normalizada por teoria musical."
teclado-D#m-0;teclado;D#m;Ebm;D#;Ré sustenido;menor;1 b3 5;0;posição fundamental;D#-F#-A#;D#|F#|A#;D#;D#;D#-F#-A#;"C4 como dó central; ajustar conforme tessitura";Voicing teórico fechado. O desenvolvedor pode distribuir notas entre oitavas e omitir duplicações.;"Dicionário de acordes para teclado anexado; estrutura normalizada por teoria musical."
teclado-D#m-1;teclado;D#m;Ebm;D#;Ré sustenido;menor;1 b3 5;1;1ª inversão;F#-A#-D#;F#|A#|D#;F#;D#;F#-A#-D#;"C4 como dó central; ajustar conforme tessitura";Voicing teórico fechado. O desenvolvedor pode distribuir notas entre oitavas e omitir duplicações.;"Dicionário de acordes para teclado anexado; estrutura normalizada por teoria musical."
teclado-D#m-2;teclado;D#m;Ebm;D#;Ré sustenido;menor;1 b3 5;2;2ª inversão;A#-D#-F#;A#|D#|F#;A#;D#;A#-D#-F#;"C4 como dó central; ajustar conforme tessitura";Voicing teórico fechado. O desenvolvedor pode distribuir notas entre oitavas e omitir duplicações.;"Dicionário de acordes para teclado anexado; estrutura normalizada por teoria musical."
teclado-D#7-0;teclado;D#7;Eb7;D#;Ré sustenido;sétima dominante;1 3 5 b7;0;posição fundamental;D#-G-A#-C#;D#|G|A#|C#;D#;D#;D#-G-A#-C#;"C4 como dó central; ajustar conforme tessitura";Voicing teórico fechado. O desenvolvedor pode distribuir notas entre oitavas e omitir duplicações.;"Dicionário de acordes para teclado anexado; estrutura normalizada por teoria musical."
teclado-D#7-1;teclado;D#7;Eb7;D#;Ré sustenido;sétima dominante;1 3 5 b7;1;1ª inversão;G-A#-C#-D#;G|A#|C#|D#;G;D#;G-A#-C#-D#;"C4 como dó central; ajustar conforme tessitura";Voicing teórico fechado. O desenvolvedor pode distribuir notas entre oitavas e omitir duplicações.;"Dicionário de acordes para teclado anexado; estrutura normalizada por teoria musical."
teclado-D#7-2;teclado;D#7;Eb7;D#;Ré sustenido;sétima dominante;1 3 5 b7;2;2ª inversão;A#-C#-D#-G;A#|C#|D#|G;A#;D#;A#-C#-D#-G;"C4 como dó central; ajustar conforme tessitura";Voicing teórico fechado. O desenvolvedor pode distribuir notas entre oitavas e omitir duplicações.;"Dicionário de acordes para teclado anexado; estrutura normalizada por teoria musical."
teclado-D#7-3;teclado;D#7;Eb7;D#;Ré sustenido;sétima dominante;1 3 5 b7;3;3ª inversão;C#-D#-G-A#;C#|D#|G|A#;C#;D#;C#-D#-G-A#;"C4 como dó central; ajustar conforme tessitura";Voicing teórico fechado. O desenvolvedor pode distribuir notas entre oitavas e omitir duplicações.;"Dicionário de acordes para teclado anexado; estrutura normalizada por teoria musical."
teclado-D#maj7-0;teclado;D#maj7;Ebmaj7;D#;Ré sustenido;sétima maior;1 3 5 7;0;posição fundamental;D#-G-A#-D;D#|G|A#|D;D#;D#;D#-G-A#-D;"C4 como dó central; ajustar conforme tessitura";Voicing teórico fechado. O desenvolvedor pode distribuir notas entre oitavas e omitir duplicações.;"Dicionário de acordes para teclado anexado; estrutura normalizada por teoria musical."
teclado-D#maj7-1;teclado;D#maj7;Ebmaj7;D#;Ré sustenido;sétima maior;1 3 5 7;1;1ª inversão;G-A#-D-D#;G|A#|D|D#;G;D#;G-A#-D-D#;"C4 como dó central; ajustar conforme tessitura";Voicing teórico fechado. O desenvolvedor pode distribuir notas entre oitavas e omitir duplicações.;"Dicionário de acordes para teclado anexado; estrutura normalizada por teoria musical."
teclado-D#maj7-2;teclado;D#maj7;Ebmaj7;D#;Ré sustenido;sétima maior;1 3 5 7;2;2ª inversão;A#-D-D#-G;A#|D|D#|G;A#;D#;A#-D-D#-G;"C4 como dó central; ajustar conforme tessitura";Voicing teórico fechado. O desenvolvedor pode distribuir notas entre oitavas e omitir duplicações.;"Dicionário de acordes para teclado anexado; estrutura normalizada por teoria musical."
teclado-D#maj7-3;teclado;D#maj7;Ebmaj7;D#;Ré sustenido;sétima maior;1 3 5 7;3;3ª inversão;D-D#-G-A#;D|D#|G|A#;D;D#;D-D#-G-A#;"C4 como dó central; ajustar conforme tessitura";Voicing teórico fechado. O desenvolvedor pode distribuir notas entre oitavas e omitir duplicações.;"Dicionário de acordes para teclado anexado; estrutura normalizada por teoria musical."
teclado-D#m7-0;teclado;D#m7;Ebm7;D#;Ré sustenido;menor com sétima;1 b3 5 b7;0;posição fundamental;D#-F#-A#-C#;D#|F#|A#|C#;D#;D#;D#-F#-A#-C#;"C4 como dó central; ajustar conforme tessitura";Voicing teórico fechado. O desenvolvedor pode distribuir notas entre oitavas e omitir duplicações.;"Dicionário de acordes para teclado anexado; estrutura normalizada por teoria musical."
teclado-D#m7-1;teclado;D#m7;Ebm7;D#;Ré sustenido;menor com sétima;1 b3 5 b7;1;1ª inversão;F#-A#-C#-D#;F#|A#|C#|D#;F#;D#;F#-A#-C#-D#;"C4 como dó central; ajustar conforme tessitura";Voicing teórico fechado. O desenvolvedor pode distribuir notas entre oitavas e omitir duplicações.;"Dicionário de acordes para teclado anexado; estrutura normalizada por teoria musical."
teclado-D#m7-2;teclado;D#m7;Ebm7;D#;Ré sustenido;menor com sétima;1 b3 5 b7;2;2ª inversão;A#-C#-D#-F#;A#|C#|D#|F#;A#;D#;A#-C#-D#-F#;"C4 como dó central; ajustar conforme tessitura";Voicing teórico fechado. O desenvolvedor pode distribuir notas entre oitavas e omitir duplicações.;"Dicionário de acordes para teclado anexado; estrutura normalizada por teoria musical."
teclado-D#m7-3;teclado;D#m7;Ebm7;D#;Ré sustenido;menor com sétima;1 b3 5 b7;3;3ª inversão;C#-D#-F#-A#;C#|D#|F#|A#;C#;D#;C#-D#-F#-A#;"C4 como dó central; ajustar conforme tessitura";Voicing teórico fechado. O desenvolvedor pode distribuir notas entre oitavas e omitir duplicações.;"Dicionário de acordes para teclado anexado; estrutura normalizada por teoria musical."
teclado-D#6-0;teclado;D#6;Eb6;D#;Ré sustenido;sexta;1 3 5 6;0;posição fundamental;D#-G-A#-C;D#|G|A#|C;D#;D#;D#-G-A#-C;"C4 como dó central; ajustar conforme tessitura";Voicing teórico fechado. O desenvolvedor pode distribuir notas entre oitavas e omitir duplicações.;"Dicionário de acordes para teclado anexado; estrutura normalizada por teoria musical."
teclado-D#6-1;teclado;D#6;Eb6;D#;Ré sustenido;sexta;1 3 5 6;1;1ª inversão;G-A#-C-D#;G|A#|C|D#;G;D#;G-A#-C-D#;"C4 como dó central; ajustar conforme tessitura";Voicing teórico fechado. O desenvolvedor pode distribuir notas entre oitavas e omitir duplicações.;"Dicionário de acordes para teclado anexado; estrutura normalizada por teoria musical."
teclado-D#6-2;teclado;D#6;Eb6;D#;Ré sustenido;sexta;1 3 5 6;2;2ª inversão;A#-C-D#-G;A#|C|D#|G;A#;D#;A#-C-D#-G;"C4 como dó central; ajustar conforme tessitura";Voicing teórico fechado. O desenvolvedor pode distribuir notas entre oitavas e omitir duplicações.;"Dicionário de acordes para teclado anexado; estrutura normalizada por teoria musical."
teclado-D#6-3;teclado;D#6;Eb6;D#;Ré sustenido;sexta;1 3 5 6;3;3ª inversão;C-D#-G-A#;C|D#|G|A#;C;D#;C-D#-G-A#;"C4 como dó central; ajustar conforme tessitura";Voicing teórico fechado. O desenvolvedor pode distribuir notas entre oitavas e omitir duplicações.;"Dicionário de acordes para teclado anexado; estrutura normalizada por teoria musical."
teclado-D#m6-0;teclado;D#m6;Ebm6;D#;Ré sustenido;menor com sexta;1 b3 5 6;0;posição fundamental;D#-F#-A#-C;D#|F#|A#|C;D#;D#;D#-F#-A#-C;"C4 como dó central; ajustar conforme tessitura";Voicing teórico fechado. O desenvolvedor pode distribuir notas entre oitavas e omitir duplicações.;"Dicionário de acordes para teclado anexado; estrutura normalizada por teoria musical."
teclado-D#m6-1;teclado;D#m6;Ebm6;D#;Ré sustenido;menor com sexta;1 b3 5 6;1;1ª inversão;F#-A#-C-D#;F#|A#|C|D#;F#;D#;F#-A#-C-D#;"C4 como dó central; ajustar conforme tessitura";Voicing teórico fechado. O desenvolvedor pode distribuir notas entre oitavas e omitir duplicações.;"Dicionário de acordes para teclado anexado; estrutura normalizada por teoria musical."
teclado-D#m6-2;teclado;D#m6;Ebm6;D#;Ré sustenido;menor com sexta;1 b3 5 6;2;2ª inversão;A#-C-D#-F#;A#|C|D#|F#;A#;D#;A#-C-D#-F#;"C4 como dó central; ajustar conforme tessitura";Voicing teórico fechado. O desenvolvedor pode distribuir notas entre oitavas e omitir duplicações.;"Dicionário de acordes para teclado anexado; estrutura normalizada por teoria musical."
teclado-D#m6-3;teclado;D#m6;Ebm6;D#;Ré sustenido;menor com sexta;1 b3 5 6;3;3ª inversão;C-D#-F#-A#;C|D#|F#|A#;C;D#;C-D#-F#-A#;"C4 como dó central; ajustar conforme tessitura";Voicing teórico fechado. O desenvolvedor pode distribuir notas entre oitavas e omitir duplicações.;"Dicionário de acordes para teclado anexado; estrutura normalizada por teoria musical."
teclado-D#dim-0;teclado;D#dim;Ebdim;D#;Ré sustenido;diminuto;1 b3 b5;0;posição fundamental;D#-F#-A;D#|F#|A;D#;D#;D#-F#-A;"C4 como dó central; ajustar conforme tessitura";Voicing teórico fechado. O desenvolvedor pode distribuir notas entre oitavas e omitir duplicações.;"Dicionário de acordes para teclado anexado; estrutura normalizada por teoria musical."
teclado-D#dim-1;teclado;D#dim;Ebdim;D#;Ré sustenido;diminuto;1 b3 b5;1;1ª inversão;F#-A-D#;F#|A|D#;F#;D#;F#-A-D#;"C4 como dó central; ajustar conforme tessitura";Voicing teórico fechado. O desenvolvedor pode distribuir notas entre oitavas e omitir duplicações.;"Dicionário de acordes para teclado anexado; estrutura normalizada por teoria musical."
teclado-D#dim-2;teclado;D#dim;Ebdim;D#;Ré sustenido;diminuto;1 b3 b5;2;2ª inversão;A-D#-F#;A|D#|F#;A;D#;A-D#-F#;"C4 como dó central; ajustar conforme tessitura";Voicing teórico fechado. O desenvolvedor pode distribuir notas entre oitavas e omitir duplicações.;"Dicionário de acordes para teclado anexado; estrutura normalizada por teoria musical."
teclado-D#dim7-0;teclado;D#dim7;Ebdim7;D#;Ré sustenido;diminuto com sétima;1 b3 b5 bb7;0;posição fundamental;D#-F#-A-C;D#|F#|A|C;D#;D#;D#-F#-A-C;"C4 como dó central; ajustar conforme tessitura";Voicing teórico fechado. O desenvolvedor pode distribuir notas entre oitavas e omitir duplicações.;"Dicionário de acordes para teclado anexado; estrutura normalizada por teoria musical."
teclado-D#dim7-1;teclado;D#dim7;Ebdim7;D#;Ré sustenido;diminuto com sétima;1 b3 b5 bb7;1;1ª inversão;F#-A-C-D#;F#|A|C|D#;F#;D#;F#-A-C-D#;"C4 como dó central; ajustar conforme tessitura";Voicing teórico fechado. O desenvolvedor pode distribuir notas entre oitavas e omitir duplicações.;"Dicionário de acordes para teclado anexado; estrutura normalizada por teoria musical."
teclado-D#dim7-2;teclado;D#dim7;Ebdim7;D#;Ré sustenido;diminuto com sétima;1 b3 b5 bb7;2;2ª inversão;A-C-D#-F#;A|C|D#|F#;A;D#;A-C-D#-F#;"C4 como dó central; ajustar conforme tessitura";Voicing teórico fechado. O desenvolvedor pode distribuir notas entre oitavas e omitir duplicações.;"Dicionário de acordes para teclado anexado; estrutura normalizada por teoria musical."
teclado-D#dim7-3;teclado;D#dim7;Ebdim7;D#;Ré sustenido;diminuto com sétima;1 b3 b5 bb7;3;3ª inversão;C-D#-F#-A;C|D#|F#|A;C;D#;C-D#-F#-A;"C4 como dó central; ajustar conforme tessitura";Voicing teórico fechado. O desenvolvedor pode distribuir notas entre oitavas e omitir duplicações.;"Dicionário de acordes para teclado anexado; estrutura normalizada por teoria musical."
teclado-D#aug-0;teclado;D#aug;Ebaug;D#;Ré sustenido;aumentado;1 3 #5;0;posição fundamental;D#-G-B;D#|G|B;D#;D#;D#-G-B;"C4 como dó central; ajustar conforme tessitura";Voicing teórico fechado. O desenvolvedor pode distribuir notas entre oitavas e omitir duplicações.;"Dicionário de acordes para teclado anexado; estrutura normalizada por teoria musical."
teclado-D#aug-1;teclado;D#aug;Ebaug;D#;Ré sustenido;aumentado;1 3 #5;1;1ª inversão;G-B-D#;G|B|D#;G;D#;G-B-D#;"C4 como dó central; ajustar conforme tessitura";Voicing teórico fechado. O desenvolvedor pode distribuir notas entre oitavas e omitir duplicações.;"Dicionário de acordes para teclado anexado; estrutura normalizada por teoria musical."
teclado-D#aug-2;teclado;D#aug;Ebaug;D#;Ré sustenido;aumentado;1 3 #5;2;2ª inversão;B-D#-G;B|D#|G;B;D#;B-D#-G;"C4 como dó central; ajustar conforme tessitura";Voicing teórico fechado. O desenvolvedor pode distribuir notas entre oitavas e omitir duplicações.;"Dicionário de acordes para teclado anexado; estrutura normalizada por teoria musical."
teclado-D#sus2-0;teclado;D#sus2;Ebsus2;D#;Ré sustenido;suspenso com segunda;1 2 5;0;posição fundamental;D#-F-A#;D#|F|A#;D#;D#;D#-F-A#;"C4 como dó central; ajustar conforme tessitura";Voicing teórico fechado. O desenvolvedor pode distribuir notas entre oitavas e omitir duplicações.;"Dicionário de acordes para teclado anexado; estrutura normalizada por teoria musical."
teclado-D#sus2-1;teclado;D#sus2;Ebsus2;D#;Ré sustenido;suspenso com segunda;1 2 5;1;1ª inversão;F-A#-D#;F|A#|D#;F;D#;F-A#-D#;"C4 como dó central; ajustar conforme tessitura";Voicing teórico fechado. O desenvolvedor pode distribuir notas entre oitavas e omitir duplicações.;"Dicionário de acordes para teclado anexado; estrutura normalizada por teoria musical."
teclado-D#sus2-2;teclado;D#sus2;Ebsus2;D#;Ré sustenido;suspenso com segunda;1 2 5;2;2ª inversão;A#-D#-F;A#|D#|F;A#;D#;A#-D#-F;"C4 como dó central; ajustar conforme tessitura";Voicing teórico fechado. O desenvolvedor pode distribuir notas entre oitavas e omitir duplicações.;"Dicionário de acordes para teclado anexado; estrutura normalizada por teoria musical."
teclado-D#sus4-0;teclado;D#sus4;Ebsus4;D#;Ré sustenido;suspenso com quarta;1 4 5;0;posição fundamental;D#-G#-A#;D#|G#|A#;D#;D#;D#-G#-A#;"C4 como dó central; ajustar conforme tessitura";Voicing teórico fechado. O desenvolvedor pode distribuir notas entre oitavas e omitir duplicações.;"Dicionário de acordes para teclado anexado; estrutura normalizada por teoria musical."
teclado-D#sus4-1;teclado;D#sus4;Ebsus4;D#;Ré sustenido;suspenso com quarta;1 4 5;1;1ª inversão;G#-A#-D#;G#|A#|D#;G#;D#;G#-A#-D#;"C4 como dó central; ajustar conforme tessitura";Voicing teórico fechado. O desenvolvedor pode distribuir notas entre oitavas e omitir duplicações.;"Dicionário de acordes para teclado anexado; estrutura normalizada por teoria musical."
teclado-D#sus4-2;teclado;D#sus4;Ebsus4;D#;Ré sustenido;suspenso com quarta;1 4 5;2;2ª inversão;A#-D#-G#;A#|D#|G#;A#;D#;A#-D#-G#;"C4 como dó central; ajustar conforme tessitura";Voicing teórico fechado. O desenvolvedor pode distribuir notas entre oitavas e omitir duplicações.;"Dicionário de acordes para teclado anexado; estrutura normalizada por teoria musical."
teclado-D#add9-0;teclado;D#add9;Ebadd9;D#;Ré sustenido;com nona adicionada;1 3 5 9;0;posição fundamental;D#-F-G-A#;D#|F|G|A#;D#;D#;D#-F-G-A#;"C4 como dó central; ajustar conforme tessitura";Voicing teórico fechado. O desenvolvedor pode distribuir notas entre oitavas e omitir duplicações.;"Dicionário de acordes para teclado anexado; estrutura normalizada por teoria musical."
teclado-D#add9-1;teclado;D#add9;Ebadd9;D#;Ré sustenido;com nona adicionada;1 3 5 9;1;1ª inversão;F-G-A#-D#;F|G|A#|D#;F;D#;F-G-A#-D#;"C4 como dó central; ajustar conforme tessitura";Voicing teórico fechado. O desenvolvedor pode distribuir notas entre oitavas e omitir duplicações.;"Dicionário de acordes para teclado anexado; estrutura normalizada por teoria musical."
teclado-D#add9-2;teclado;D#add9;Ebadd9;D#;Ré sustenido;com nona adicionada;1 3 5 9;2;2ª inversão;G-A#-D#-F;G|A#|D#|F;G;D#;G-A#-D#-F;"C4 como dó central; ajustar conforme tessitura";Voicing teórico fechado. O desenvolvedor pode distribuir notas entre oitavas e omitir duplicações.;"Dicionário de acordes para teclado anexado; estrutura normalizada por teoria musical."
teclado-D#add9-3;teclado;D#add9;Ebadd9;D#;Ré sustenido;com nona adicionada;1 3 5 9;3;3ª inversão;A#-D#-F-G;A#|D#|F|G;A#;D#;A#-D#-F-G;"C4 como dó central; ajustar conforme tessitura";Voicing teórico fechado. O desenvolvedor pode distribuir notas entre oitavas e omitir duplicações.;"Dicionário de acordes para teclado anexado; estrutura normalizada por teoria musical."
teclado-D#9-0;teclado;D#9;Eb9;D#;Ré sustenido;nona dominante;1 3 5 b7 9;0;posição fundamental;D#-F-G-A#-C#;D#|F|G|A#|C#;D#;D#;D#-F-G-A#-C#;"C4 como dó central; ajustar conforme tessitura";Voicing teórico fechado. O desenvolvedor pode distribuir notas entre oitavas e omitir duplicações.;"Dicionário de acordes para teclado anexado; estrutura normalizada por teoria musical."
teclado-D#9-1;teclado;D#9;Eb9;D#;Ré sustenido;nona dominante;1 3 5 b7 9;1;1ª inversão;F-G-A#-C#-D#;F|G|A#|C#|D#;F;D#;F-G-A#-C#-D#;"C4 como dó central; ajustar conforme tessitura";Voicing teórico fechado. O desenvolvedor pode distribuir notas entre oitavas e omitir duplicações.;"Dicionário de acordes para teclado anexado; estrutura normalizada por teoria musical."
teclado-D#9-2;teclado;D#9;Eb9;D#;Ré sustenido;nona dominante;1 3 5 b7 9;2;2ª inversão;G-A#-C#-D#-F;G|A#|C#|D#|F;G;D#;G-A#-C#-D#-F;"C4 como dó central; ajustar conforme tessitura";Voicing teórico fechado. O desenvolvedor pode distribuir notas entre oitavas e omitir duplicações.;"Dicionário de acordes para teclado anexado; estrutura normalizada por teoria musical."
teclado-D#9-3;teclado;D#9;Eb9;D#;Ré sustenido;nona dominante;1 3 5 b7 9;3;3ª inversão;A#-C#-D#-F-G;A#|C#|D#|F|G;A#;D#;A#-C#-D#-F-G;"C4 como dó central; ajustar conforme tessitura";Voicing teórico fechado. O desenvolvedor pode distribuir notas entre oitavas e omitir duplicações.;"Dicionário de acordes para teclado anexado; estrutura normalizada por teoria musical."
teclado-D#9-4;teclado;D#9;Eb9;D#;Ré sustenido;nona dominante;1 3 5 b7 9;4;4ª inversão;C#-D#-F-G-A#;C#|D#|F|G|A#;C#;D#;C#-D#-F-G-A#;"C4 como dó central; ajustar conforme tessitura";Voicing teórico fechado. O desenvolvedor pode distribuir notas entre oitavas e omitir duplicações.;"Dicionário de acordes para teclado anexado; estrutura normalizada por teoria musical."
teclado-D#maj9-0;teclado;D#maj9;Ebmaj9;D#;Ré sustenido;nona maior;1 3 5 7 9;0;posição fundamental;D#-F-G-A#-D;D#|F|G|A#|D;D#;D#;D#-F-G-A#-D;"C4 como dó central; ajustar conforme tessitura";Voicing teórico fechado. O desenvolvedor pode distribuir notas entre oitavas e omitir duplicações.;"Dicionário de acordes para teclado anexado; estrutura normalizada por teoria musical."
teclado-D#maj9-1;teclado;D#maj9;Ebmaj9;D#;Ré sustenido;nona maior;1 3 5 7 9;1;1ª inversão;F-G-A#-D-D#;F|G|A#|D|D#;F;D#;F-G-A#-D-D#;"C4 como dó central; ajustar conforme tessitura";Voicing teórico fechado. O desenvolvedor pode distribuir notas entre oitavas e omitir duplicações.;"Dicionário de acordes para teclado anexado; estrutura normalizada por teoria musical."
teclado-D#maj9-2;teclado;D#maj9;Ebmaj9;D#;Ré sustenido;nona maior;1 3 5 7 9;2;2ª inversão;G-A#-D-D#-F;G|A#|D|D#|F;G;D#;G-A#-D-D#-F;"C4 como dó central; ajustar conforme tessitura";Voicing teórico fechado. O desenvolvedor pode distribuir notas entre oitavas e omitir duplicações.;"Dicionário de acordes para teclado anexado; estrutura normalizada por teoria musical."
teclado-D#maj9-3;teclado;D#maj9;Ebmaj9;D#;Ré sustenido;nona maior;1 3 5 7 9;3;3ª inversão;A#-D-D#-F-G;A#|D|D#|F|G;A#;D#;A#-D-D#-F-G;"C4 como dó central; ajustar conforme tessitura";Voicing teórico fechado. O desenvolvedor pode distribuir notas entre oitavas e omitir duplicações.;"Dicionário de acordes para teclado anexado; estrutura normalizada por teoria musical."
teclado-D#maj9-4;teclado;D#maj9;Ebmaj9;D#;Ré sustenido;nona maior;1 3 5 7 9;4;4ª inversão;D-D#-F-G-A#;D|D#|F|G|A#;D;D#;D-D#-F-G-A#;"C4 como dó central; ajustar conforme tessitura";Voicing teórico fechado. O desenvolvedor pode distribuir notas entre oitavas e omitir duplicações.;"Dicionário de acordes para teclado anexado; estrutura normalizada por teoria musical."
teclado-D#m9-0;teclado;D#m9;Ebm9;D#;Ré sustenido;menor com nona;1 b3 5 b7 9;0;posição fundamental;D#-F-F#-A#-C#;D#|F|F#|A#|C#;D#;D#;D#-F-F#-A#-C#;"C4 como dó central; ajustar conforme tessitura";Voicing teórico fechado. O desenvolvedor pode distribuir notas entre oitavas e omitir duplicações.;"Dicionário de acordes para teclado anexado; estrutura normalizada por teoria musical."
teclado-D#m9-1;teclado;D#m9;Ebm9;D#;Ré sustenido;menor com nona;1 b3 5 b7 9;1;1ª inversão;F-F#-A#-C#-D#;F|F#|A#|C#|D#;F;D#;F-F#-A#-C#-D#;"C4 como dó central; ajustar conforme tessitura";Voicing teórico fechado. O desenvolvedor pode distribuir notas entre oitavas e omitir duplicações.;"Dicionário de acordes para teclado anexado; estrutura normalizada por teoria musical."
teclado-D#m9-2;teclado;D#m9;Ebm9;D#;Ré sustenido;menor com nona;1 b3 5 b7 9;2;2ª inversão;F#-A#-C#-D#-F;F#|A#|C#|D#|F;F#;D#;F#-A#-C#-D#-F;"C4 como dó central; ajustar conforme tessitura";Voicing teórico fechado. O desenvolvedor pode distribuir notas entre oitavas e omitir duplicações.;"Dicionário de acordes para teclado anexado; estrutura normalizada por teoria musical."
teclado-D#m9-3;teclado;D#m9;Ebm9;D#;Ré sustenido;menor com nona;1 b3 5 b7 9;3;3ª inversão;A#-C#-D#-F-F#;A#|C#|D#|F|F#;A#;D#;A#-C#-D#-F-F#;"C4 como dó central; ajustar conforme tessitura";Voicing teórico fechado. O desenvolvedor pode distribuir notas entre oitavas e omitir duplicações.;"Dicionário de acordes para teclado anexado; estrutura normalizada por teoria musical."
teclado-D#m9-4;teclado;D#m9;Ebm9;D#;Ré sustenido;menor com nona;1 b3 5 b7 9;4;4ª inversão;C#-D#-F-F#-A#;C#|D#|F|F#|A#;C#;D#;C#-D#-F-F#-A#;"C4 como dó central; ajustar conforme tessitura";Voicing teórico fechado. O desenvolvedor pode distribuir notas entre oitavas e omitir duplicações.;"Dicionário de acordes para teclado anexado; estrutura normalizada por teoria musical."
teclado-D#11-0;teclado;D#11;Eb11;D#;Ré sustenido;décima primeira;1 3 5 b7 9 11;0;posição fundamental;D#-F-G-G#-A#-C#;D#|F|G|G#|A#|C#;D#;D#;D#-F-G-G#-A#-C#;"C4 como dó central; ajustar conforme tessitura";Voicing teórico fechado. O desenvolvedor pode distribuir notas entre oitavas e omitir duplicações.;"Dicionário de acordes para teclado anexado; estrutura normalizada por teoria musical."
teclado-D#11-1;teclado;D#11;Eb11;D#;Ré sustenido;décima primeira;1 3 5 b7 9 11;1;1ª inversão;F-G-G#-A#-C#-D#;F|G|G#|A#|C#|D#;F;D#;F-G-G#-A#-C#-D#;"C4 como dó central; ajustar conforme tessitura";Voicing teórico fechado. O desenvolvedor pode distribuir notas entre oitavas e omitir duplicações.;"Dicionário de acordes para teclado anexado; estrutura normalizada por teoria musical."
teclado-D#11-2;teclado;D#11;Eb11;D#;Ré sustenido;décima primeira;1 3 5 b7 9 11;2;2ª inversão;G-G#-A#-C#-D#-F;G|G#|A#|C#|D#|F;G;D#;G-G#-A#-C#-D#-F;"C4 como dó central; ajustar conforme tessitura";Voicing teórico fechado. O desenvolvedor pode distribuir notas entre oitavas e omitir duplicações.;"Dicionário de acordes para teclado anexado; estrutura normalizada por teoria musical."
teclado-D#11-3;teclado;D#11;Eb11;D#;Ré sustenido;décima primeira;1 3 5 b7 9 11;3;3ª inversão;G#-A#-C#-D#-F-G;G#|A#|C#|D#|F|G;G#;D#;G#-A#-C#-D#-F-G;"C4 como dó central; ajustar conforme tessitura";Voicing teórico fechado. O desenvolvedor pode distribuir notas entre oitavas e omitir duplicações.;"Dicionário de acordes para teclado anexado; estrutura normalizada por teoria musical."
teclado-D#11-4;teclado;D#11;Eb11;D#;Ré sustenido;décima primeira;1 3 5 b7 9 11;4;4ª inversão;A#-C#-D#-F-G-G#;A#|C#|D#|F|G|G#;A#;D#;A#-C#-D#-F-G-G#;"C4 como dó central; ajustar conforme tessitura";Voicing teórico fechado. O desenvolvedor pode distribuir notas entre oitavas e omitir duplicações.;"Dicionário de acordes para teclado anexado; estrutura normalizada por teoria musical."
teclado-D#11-5;teclado;D#11;Eb11;D#;Ré sustenido;décima primeira;1 3 5 b7 9 11;5;5ª inversão;C#-D#-F-G-G#-A#;C#|D#|F|G|G#|A#;C#;D#;C#-D#-F-G-G#-A#;"C4 como dó central; ajustar conforme tessitura";Voicing teórico fechado. O desenvolvedor pode distribuir notas entre oitavas e omitir duplicações.;"Dicionário de acordes para teclado anexado; estrutura normalizada por teoria musical."
teclado-D#m11-0;teclado;D#m11;Ebm11;D#;Ré sustenido;menor com décima primeira;1 b3 5 b7 9 11;0;posição fundamental;D#-F-F#-G#-A#-C#;D#|F|F#|G#|A#|C#;D#;D#;D#-F-F#-G#-A#-C#;"C4 como dó central; ajustar conforme tessitura";Voicing teórico fechado. O desenvolvedor pode distribuir notas entre oitavas e omitir duplicações.;"Dicionário de acordes para teclado anexado; estrutura normalizada por teoria musical."
teclado-D#m11-1;teclado;D#m11;Ebm11;D#;Ré sustenido;menor com décima primeira;1 b3 5 b7 9 11;1;1ª inversão;F-F#-G#-A#-C#-D#;F|F#|G#|A#|C#|D#;F;D#;F-F#-G#-A#-C#-D#;"C4 como dó central; ajustar conforme tessitura";Voicing teórico fechado. O desenvolvedor pode distribuir notas entre oitavas e omitir duplicações.;"Dicionário de acordes para teclado anexado; estrutura normalizada por teoria musical."
teclado-D#m11-2;teclado;D#m11;Ebm11;D#;Ré sustenido;menor com décima primeira;1 b3 5 b7 9 11;2;2ª inversão;F#-G#-A#-C#-D#-F;F#|G#|A#|C#|D#|F;F#;D#;F#-G#-A#-C#-D#-F;"C4 como dó central; ajustar conforme tessitura";Voicing teórico fechado. O desenvolvedor pode distribuir notas entre oitavas e omitir duplicações.;"Dicionário de acordes para teclado anexado; estrutura normalizada por teoria musical."
teclado-D#m11-3;teclado;D#m11;Ebm11;D#;Ré sustenido;menor com décima primeira;1 b3 5 b7 9 11;3;3ª inversão;G#-A#-C#-D#-F-F#;G#|A#|C#|D#|F|F#;G#;D#;G#-A#-C#-D#-F-F#;"C4 como dó central; ajustar conforme tessitura";Voicing teórico fechado. O desenvolvedor pode distribuir notas entre oitavas e omitir duplicações.;"Dicionário de acordes para teclado anexado; estrutura normalizada por teoria musical."
teclado-D#m11-4;teclado;D#m11;Ebm11;D#;Ré sustenido;menor com décima primeira;1 b3 5 b7 9 11;4;4ª inversão;A#-C#-D#-F-F#-G#;A#|C#|D#|F|F#|G#;A#;D#;A#-C#-D#-F-F#-G#;"C4 como dó central; ajustar conforme tessitura";Voicing teórico fechado. O desenvolvedor pode distribuir notas entre oitavas e omitir duplicações.;"Dicionário de acordes para teclado anexado; estrutura normalizada por teoria musical."
teclado-D#m11-5;teclado;D#m11;Ebm11;D#;Ré sustenido;menor com décima primeira;1 b3 5 b7 9 11;5;5ª inversão;C#-D#-F-F#-G#-A#;C#|D#|F|F#|G#|A#;C#;D#;C#-D#-F-F#-G#-A#;"C4 como dó central; ajustar conforme tessitura";Voicing teórico fechado. O desenvolvedor pode distribuir notas entre oitavas e omitir duplicações.;"Dicionário de acordes para teclado anexado; estrutura normalizada por teoria musical."
teclado-D#13-0;teclado;D#13;Eb13;D#;Ré sustenido;décima terceira;1 3 5 b7 9 13;0;posição fundamental;D#-F-G-A#-C-C#;D#|F|G|A#|C|C#;D#;D#;D#-F-G-A#-C-C#;"C4 como dó central; ajustar conforme tessitura";Voicing teórico fechado. O desenvolvedor pode distribuir notas entre oitavas e omitir duplicações.;"Dicionário de acordes para teclado anexado; estrutura normalizada por teoria musical."
teclado-D#13-1;teclado;D#13;Eb13;D#;Ré sustenido;décima terceira;1 3 5 b7 9 13;1;1ª inversão;F-G-A#-C-C#-D#;F|G|A#|C|C#|D#;F;D#;F-G-A#-C-C#-D#;"C4 como dó central; ajustar conforme tessitura";Voicing teórico fechado. O desenvolvedor pode distribuir notas entre oitavas e omitir duplicações.;"Dicionário de acordes para teclado anexado; estrutura normalizada por teoria musical."
teclado-D#13-2;teclado;D#13;Eb13;D#;Ré sustenido;décima terceira;1 3 5 b7 9 13;2;2ª inversão;G-A#-C-C#-D#-F;G|A#|C|C#|D#|F;G;D#;G-A#-C-C#-D#-F;"C4 como dó central; ajustar conforme tessitura";Voicing teórico fechado. O desenvolvedor pode distribuir notas entre oitavas e omitir duplicações.;"Dicionário de acordes para teclado anexado; estrutura normalizada por teoria musical."
teclado-D#13-3;teclado;D#13;Eb13;D#;Ré sustenido;décima terceira;1 3 5 b7 9 13;3;3ª inversão;A#-C-C#-D#-F-G;A#|C|C#|D#|F|G;A#;D#;A#-C-C#-D#-F-G;"C4 como dó central; ajustar conforme tessitura";Voicing teórico fechado. O desenvolvedor pode distribuir notas entre oitavas e omitir duplicações.;"Dicionário de acordes para teclado anexado; estrutura normalizada por teoria musical."
teclado-D#13-4;teclado;D#13;Eb13;D#;Ré sustenido;décima terceira;1 3 5 b7 9 13;4;4ª inversão;C-C#-D#-F-G-A#;C|C#|D#|F|G|A#;C;D#;C-C#-D#-F-G-A#;"C4 como dó central; ajustar conforme tessitura";Voicing teórico fechado. O desenvolvedor pode distribuir notas entre oitavas e omitir duplicações.;"Dicionário de acordes para teclado anexado; estrutura normalizada por teoria musical."
teclado-D#13-5;teclado;D#13;Eb13;D#;Ré sustenido;décima terceira;1 3 5 b7 9 13;5;5ª inversão;C#-D#-F-G-A#-C;C#|D#|F|G|A#|C;C#;D#;C#-D#-F-G-A#-C;"C4 como dó central; ajustar conforme tessitura";Voicing teórico fechado. O desenvolvedor pode distribuir notas entre oitavas e omitir duplicações.;"Dicionário de acordes para teclado anexado; estrutura normalizada por teoria musical."
teclado-D#m13-0;teclado;D#m13;Ebm13;D#;Ré sustenido;menor com décima terceira;1 b3 5 b7 9 13;0;posição fundamental;D#-F-F#-A#-C-C#;D#|F|F#|A#|C|C#;D#;D#;D#-F-F#-A#-C-C#;"C4 como dó central; ajustar conforme tessitura";Voicing teórico fechado. O desenvolvedor pode distribuir notas entre oitavas e omitir duplicações.;"Dicionário de acordes para teclado anexado; estrutura normalizada por teoria musical."
teclado-D#m13-1;teclado;D#m13;Ebm13;D#;Ré sustenido;menor com décima terceira;1 b3 5 b7 9 13;1;1ª inversão;F-F#-A#-C-C#-D#;F|F#|A#|C|C#|D#;F;D#;F-F#-A#-C-C#-D#;"C4 como dó central; ajustar conforme tessitura";Voicing teórico fechado. O desenvolvedor pode distribuir notas entre oitavas e omitir duplicações.;"Dicionário de acordes para teclado anexado; estrutura normalizada por teoria musical."
teclado-D#m13-2;teclado;D#m13;Ebm13;D#;Ré sustenido;menor com décima terceira;1 b3 5 b7 9 13;2;2ª inversão;F#-A#-C-C#-D#-F;F#|A#|C|C#|D#|F;F#;D#;F#-A#-C-C#-D#-F;"C4 como dó central; ajustar conforme tessitura";Voicing teórico fechado. O desenvolvedor pode distribuir notas entre oitavas e omitir duplicações.;"Dicionário de acordes para teclado anexado; estrutura normalizada por teoria musical."
teclado-D#m13-3;teclado;D#m13;Ebm13;D#;Ré sustenido;menor com décima terceira;1 b3 5 b7 9 13;3;3ª inversão;A#-C-C#-D#-F-F#;A#|C|C#|D#|F|F#;A#;D#;A#-C-C#-D#-F-F#;"C4 como dó central; ajustar conforme tessitura";Voicing teórico fechado. O desenvolvedor pode distribuir notas entre oitavas e omitir duplicações.;"Dicionário de acordes para teclado anexado; estrutura normalizada por teoria musical."
teclado-D#m13-4;teclado;D#m13;Ebm13;D#;Ré sustenido;menor com décima terceira;1 b3 5 b7 9 13;4;4ª inversão;C-C#-D#-F-F#-A#;C|C#|D#|F|F#|A#;C;D#;C-C#-D#-F-F#-A#;"C4 como dó central; ajustar conforme tessitura";Voicing teórico fechado. O desenvolvedor pode distribuir notas entre oitavas e omitir duplicações.;"Dicionário de acordes para teclado anexado; estrutura normalizada por teoria musical."
teclado-D#m13-5;teclado;D#m13;Ebm13;D#;Ré sustenido;menor com décima terceira;1 b3 5 b7 9 13;5;5ª inversão;C#-D#-F-F#-A#-C;C#|D#|F|F#|A#|C;C#;D#;C#-D#-F-F#-A#-C;"C4 como dó central; ajustar conforme tessitura";Voicing teórico fechado. O desenvolvedor pode distribuir notas entre oitavas e omitir duplicações.;"Dicionário de acordes para teclado anexado; estrutura normalizada por teoria musical."
teclado-D#7b5-0;teclado;D#7b5;Eb7b5;D#;Ré sustenido;sétima com quinta diminuta;1 3 b5 b7;0;posição fundamental;D#-G-A-C#;D#|G|A|C#;D#;D#;D#-G-A-C#;"C4 como dó central; ajustar conforme tessitura";Voicing teórico fechado. O desenvolvedor pode distribuir notas entre oitavas e omitir duplicações.;"Dicionário de acordes para teclado anexado; estrutura normalizada por teoria musical."
teclado-D#7b5-1;teclado;D#7b5;Eb7b5;D#;Ré sustenido;sétima com quinta diminuta;1 3 b5 b7;1;1ª inversão;G-A-C#-D#;G|A|C#|D#;G;D#;G-A-C#-D#;"C4 como dó central; ajustar conforme tessitura";Voicing teórico fechado. O desenvolvedor pode distribuir notas entre oitavas e omitir duplicações.;"Dicionário de acordes para teclado anexado; estrutura normalizada por teoria musical."
teclado-D#7b5-2;teclado;D#7b5;Eb7b5;D#;Ré sustenido;sétima com quinta diminuta;1 3 b5 b7;2;2ª inversão;A-C#-D#-G;A|C#|D#|G;A;D#;A-C#-D#-G;"C4 como dó central; ajustar conforme tessitura";Voicing teórico fechado. O desenvolvedor pode distribuir notas entre oitavas e omitir duplicações.;"Dicionário de acordes para teclado anexado; estrutura normalizada por teoria musical."
teclado-D#7b5-3;teclado;D#7b5;Eb7b5;D#;Ré sustenido;sétima com quinta diminuta;1 3 b5 b7;3;3ª inversão;C#-D#-G-A;C#|D#|G|A;C#;D#;C#-D#-G-A;"C4 como dó central; ajustar conforme tessitura";Voicing teórico fechado. O desenvolvedor pode distribuir notas entre oitavas e omitir duplicações.;"Dicionário de acordes para teclado anexado; estrutura normalizada por teoria musical."
teclado-D#7#5-0;teclado;D#7#5;Eb7#5;D#;Ré sustenido;sétima com quinta aumentada;1 3 #5 b7;0;posição fundamental;D#-G-B-C#;D#|G|B|C#;D#;D#;D#-G-B-C#;"C4 como dó central; ajustar conforme tessitura";Voicing teórico fechado. O desenvolvedor pode distribuir notas entre oitavas e omitir duplicações.;"Dicionário de acordes para teclado anexado; estrutura normalizada por teoria musical."
teclado-D#7#5-1;teclado;D#7#5;Eb7#5;D#;Ré sustenido;sétima com quinta aumentada;1 3 #5 b7;1;1ª inversão;G-B-C#-D#;G|B|C#|D#;G;D#;G-B-C#-D#;"C4 como dó central; ajustar conforme tessitura";Voicing teórico fechado. O desenvolvedor pode distribuir notas entre oitavas e omitir duplicações.;"Dicionário de acordes para teclado anexado; estrutura normalizada por teoria musical."
teclado-D#7#5-2;teclado;D#7#5;Eb7#5;D#;Ré sustenido;sétima com quinta aumentada;1 3 #5 b7;2;2ª inversão;B-C#-D#-G;B|C#|D#|G;B;D#;B-C#-D#-G;"C4 como dó central; ajustar conforme tessitura";Voicing teórico fechado. O desenvolvedor pode distribuir notas entre oitavas e omitir duplicações.;"Dicionário de acordes para teclado anexado; estrutura normalizada por teoria musical."
teclado-D#7#5-3;teclado;D#7#5;Eb7#5;D#;Ré sustenido;sétima com quinta aumentada;1 3 #5 b7;3;3ª inversão;C#-D#-G-B;C#|D#|G|B;C#;D#;C#-D#-G-B;"C4 como dó central; ajustar conforme tessitura";Voicing teórico fechado. O desenvolvedor pode distribuir notas entre oitavas e omitir duplicações.;"Dicionário de acordes para teclado anexado; estrutura normalizada por teoria musical."
teclado-D#7b9-0;teclado;D#7b9;Eb7b9;D#;Ré sustenido;sétima com nona menor;1 b9 3 5 b7;0;posição fundamental;D#-E-G-A#-C#;D#|E|G|A#|C#;D#;D#;D#-E-G-A#-C#;"C4 como dó central; ajustar conforme tessitura";Voicing teórico fechado. O desenvolvedor pode distribuir notas entre oitavas e omitir duplicações.;"Dicionário de acordes para teclado anexado; estrutura normalizada por teoria musical."
teclado-D#7b9-1;teclado;D#7b9;Eb7b9;D#;Ré sustenido;sétima com nona menor;1 b9 3 5 b7;1;1ª inversão;E-G-A#-C#-D#;E|G|A#|C#|D#;E;D#;E-G-A#-C#-D#;"C4 como dó central; ajustar conforme tessitura";Voicing teórico fechado. O desenvolvedor pode distribuir notas entre oitavas e omitir duplicações.;"Dicionário de acordes para teclado anexado; estrutura normalizada por teoria musical."
teclado-D#7b9-2;teclado;D#7b9;Eb7b9;D#;Ré sustenido;sétima com nona menor;1 b9 3 5 b7;2;2ª inversão;G-A#-C#-D#-E;G|A#|C#|D#|E;G;D#;G-A#-C#-D#-E;"C4 como dó central; ajustar conforme tessitura";Voicing teórico fechado. O desenvolvedor pode distribuir notas entre oitavas e omitir duplicações.;"Dicionário de acordes para teclado anexado; estrutura normalizada por teoria musical."
teclado-D#7b9-3;teclado;D#7b9;Eb7b9;D#;Ré sustenido;sétima com nona menor;1 b9 3 5 b7;3;3ª inversão;A#-C#-D#-E-G;A#|C#|D#|E|G;A#;D#;A#-C#-D#-E-G;"C4 como dó central; ajustar conforme tessitura";Voicing teórico fechado. O desenvolvedor pode distribuir notas entre oitavas e omitir duplicações.;"Dicionário de acordes para teclado anexado; estrutura normalizada por teoria musical."
teclado-D#7b9-4;teclado;D#7b9;Eb7b9;D#;Ré sustenido;sétima com nona menor;1 b9 3 5 b7;4;4ª inversão;C#-D#-E-G-A#;C#|D#|E|G|A#;C#;D#;C#-D#-E-G-A#;"C4 como dó central; ajustar conforme tessitura";Voicing teórico fechado. O desenvolvedor pode distribuir notas entre oitavas e omitir duplicações.;"Dicionário de acordes para teclado anexado; estrutura normalizada por teoria musical."
teclado-D#7#9-0;teclado;D#7#9;Eb7#9;D#;Ré sustenido;sétima com nona aumentada;1 #9 3 5 b7;0;posição fundamental;D#-F#-G-A#-C#;D#|F#|G|A#|C#;D#;D#;D#-F#-G-A#-C#;"C4 como dó central; ajustar conforme tessitura";Voicing teórico fechado. O desenvolvedor pode distribuir notas entre oitavas e omitir duplicações.;"Dicionário de acordes para teclado anexado; estrutura normalizada por teoria musical."
teclado-D#7#9-1;teclado;D#7#9;Eb7#9;D#;Ré sustenido;sétima com nona aumentada;1 #9 3 5 b7;1;1ª inversão;F#-G-A#-C#-D#;F#|G|A#|C#|D#;F#;D#;F#-G-A#-C#-D#;"C4 como dó central; ajustar conforme tessitura";Voicing teórico fechado. O desenvolvedor pode distribuir notas entre oitavas e omitir duplicações.;"Dicionário de acordes para teclado anexado; estrutura normalizada por teoria musical."
teclado-D#7#9-2;teclado;D#7#9;Eb7#9;D#;Ré sustenido;sétima com nona aumentada;1 #9 3 5 b7;2;2ª inversão;G-A#-C#-D#-F#;G|A#|C#|D#|F#;G;D#;G-A#-C#-D#-F#;"C4 como dó central; ajustar conforme tessitura";Voicing teórico fechado. O desenvolvedor pode distribuir notas entre oitavas e omitir duplicações.;"Dicionário de acordes para teclado anexado; estrutura normalizada por teoria musical."
teclado-D#7#9-3;teclado;D#7#9;Eb7#9;D#;Ré sustenido;sétima com nona aumentada;1 #9 3 5 b7;3;3ª inversão;A#-C#-D#-F#-G;A#|C#|D#|F#|G;A#;D#;A#-C#-D#-F#-G;"C4 como dó central; ajustar conforme tessitura";Voicing teórico fechado. O desenvolvedor pode distribuir notas entre oitavas e omitir duplicações.;"Dicionário de acordes para teclado anexado; estrutura normalizada por teoria musical."
teclado-D#7#9-4;teclado;D#7#9;Eb7#9;D#;Ré sustenido;sétima com nona aumentada;1 #9 3 5 b7;4;4ª inversão;C#-D#-F#-G-A#;C#|D#|F#|G|A#;C#;D#;C#-D#-F#-G-A#;"C4 como dó central; ajustar conforme tessitura";Voicing teórico fechado. O desenvolvedor pode distribuir notas entre oitavas e omitir duplicações.;"Dicionário de acordes para teclado anexado; estrutura normalizada por teoria musical."
teclado-D#5-0;teclado;D#5;Eb5;D#;Ré sustenido;quinta (power chord);1 5;0;posição fundamental;D#-A#;D#|A#;D#;D#;D#-A#;"C4 como dó central; ajustar conforme tessitura";Voicing teórico fechado. O desenvolvedor pode distribuir notas entre oitavas e omitir duplicações.;"Dicionário de acordes para teclado anexado; estrutura normalizada por teoria musical."
teclado-D#5-1;teclado;D#5;Eb5;D#;Ré sustenido;quinta (power chord);1 5;1;1ª inversão;A#-D#;A#|D#;A#;D#;A#-D#;"C4 como dó central; ajustar conforme tessitura";Voicing teórico fechado. O desenvolvedor pode distribuir notas entre oitavas e omitir duplicações.;"Dicionário de acordes para teclado anexado; estrutura normalizada por teoria musical."
teclado-E-0;teclado;E;;E;Mi;maior;1 3 5;0;posição fundamental;E-G#-B;E|G#|B;E;E;E-G#-B;"C4 como dó central; ajustar conforme tessitura";Voicing teórico fechado. O desenvolvedor pode distribuir notas entre oitavas e omitir duplicações.;"Dicionário de acordes para teclado anexado; estrutura normalizada por teoria musical."
teclado-E-1;teclado;E;;E;Mi;maior;1 3 5;1;1ª inversão;G#-B-E;G#|B|E;G#;E;G#-B-E;"C4 como dó central; ajustar conforme tessitura";Voicing teórico fechado. O desenvolvedor pode distribuir notas entre oitavas e omitir duplicações.;"Dicionário de acordes para teclado anexado; estrutura normalizada por teoria musical."
teclado-E-2;teclado;E;;E;Mi;maior;1 3 5;2;2ª inversão;B-E-G#;B|E|G#;B;E;B-E-G#;"C4 como dó central; ajustar conforme tessitura";Voicing teórico fechado. O desenvolvedor pode distribuir notas entre oitavas e omitir duplicações.;"Dicionário de acordes para teclado anexado; estrutura normalizada por teoria musical."
teclado-Em-0;teclado;Em;;E;Mi;menor;1 b3 5;0;posição fundamental;E-G-B;E|G|B;E;E;E-G-B;"C4 como dó central; ajustar conforme tessitura";Voicing teórico fechado. O desenvolvedor pode distribuir notas entre oitavas e omitir duplicações.;"Dicionário de acordes para teclado anexado; estrutura normalizada por teoria musical."
teclado-Em-1;teclado;Em;;E;Mi;menor;1 b3 5;1;1ª inversão;G-B-E;G|B|E;G;E;G-B-E;"C4 como dó central; ajustar conforme tessitura";Voicing teórico fechado. O desenvolvedor pode distribuir notas entre oitavas e omitir duplicações.;"Dicionário de acordes para teclado anexado; estrutura normalizada por teoria musical."
teclado-Em-2;teclado;Em;;E;Mi;menor;1 b3 5;2;2ª inversão;B-E-G;B|E|G;B;E;B-E-G;"C4 como dó central; ajustar conforme tessitura";Voicing teórico fechado. O desenvolvedor pode distribuir notas entre oitavas e omitir duplicações.;"Dicionário de acordes para teclado anexado; estrutura normalizada por teoria musical."
teclado-E7-0;teclado;E7;;E;Mi;sétima dominante;1 3 5 b7;0;posição fundamental;E-G#-B-D;E|G#|B|D;E;E;E-G#-B-D;"C4 como dó central; ajustar conforme tessitura";Voicing teórico fechado. O desenvolvedor pode distribuir notas entre oitavas e omitir duplicações.;"Dicionário de acordes para teclado anexado; estrutura normalizada por teoria musical."
teclado-E7-1;teclado;E7;;E;Mi;sétima dominante;1 3 5 b7;1;1ª inversão;G#-B-D-E;G#|B|D|E;G#;E;G#-B-D-E;"C4 como dó central; ajustar conforme tessitura";Voicing teórico fechado. O desenvolvedor pode distribuir notas entre oitavas e omitir duplicações.;"Dicionário de acordes para teclado anexado; estrutura normalizada por teoria musical."
teclado-E7-2;teclado;E7;;E;Mi;sétima dominante;1 3 5 b7;2;2ª inversão;B-D-E-G#;B|D|E|G#;B;E;B-D-E-G#;"C4 como dó central; ajustar conforme tessitura";Voicing teórico fechado. O desenvolvedor pode distribuir notas entre oitavas e omitir duplicações.;"Dicionário de acordes para teclado anexado; estrutura normalizada por teoria musical."
teclado-E7-3;teclado;E7;;E;Mi;sétima dominante;1 3 5 b7;3;3ª inversão;D-E-G#-B;D|E|G#|B;D;E;D-E-G#-B;"C4 como dó central; ajustar conforme tessitura";Voicing teórico fechado. O desenvolvedor pode distribuir notas entre oitavas e omitir duplicações.;"Dicionário de acordes para teclado anexado; estrutura normalizada por teoria musical."
teclado-Emaj7-0;teclado;Emaj7;;E;Mi;sétima maior;1 3 5 7;0;posição fundamental;E-G#-B-D#;E|G#|B|D#;E;E;E-G#-B-D#;"C4 como dó central; ajustar conforme tessitura";Voicing teórico fechado. O desenvolvedor pode distribuir notas entre oitavas e omitir duplicações.;"Dicionário de acordes para teclado anexado; estrutura normalizada por teoria musical."
teclado-Emaj7-1;teclado;Emaj7;;E;Mi;sétima maior;1 3 5 7;1;1ª inversão;G#-B-D#-E;G#|B|D#|E;G#;E;G#-B-D#-E;"C4 como dó central; ajustar conforme tessitura";Voicing teórico fechado. O desenvolvedor pode distribuir notas entre oitavas e omitir duplicações.;"Dicionário de acordes para teclado anexado; estrutura normalizada por teoria musical."
teclado-Emaj7-2;teclado;Emaj7;;E;Mi;sétima maior;1 3 5 7;2;2ª inversão;B-D#-E-G#;B|D#|E|G#;B;E;B-D#-E-G#;"C4 como dó central; ajustar conforme tessitura";Voicing teórico fechado. O desenvolvedor pode distribuir notas entre oitavas e omitir duplicações.;"Dicionário de acordes para teclado anexado; estrutura normalizada por teoria musical."
teclado-Emaj7-3;teclado;Emaj7;;E;Mi;sétima maior;1 3 5 7;3;3ª inversão;D#-E-G#-B;D#|E|G#|B;D#;E;D#-E-G#-B;"C4 como dó central; ajustar conforme tessitura";Voicing teórico fechado. O desenvolvedor pode distribuir notas entre oitavas e omitir duplicações.;"Dicionário de acordes para teclado anexado; estrutura normalizada por teoria musical."
teclado-Em7-0;teclado;Em7;;E;Mi;menor com sétima;1 b3 5 b7;0;posição fundamental;E-G-B-D;E|G|B|D;E;E;E-G-B-D;"C4 como dó central; ajustar conforme tessitura";Voicing teórico fechado. O desenvolvedor pode distribuir notas entre oitavas e omitir duplicações.;"Dicionário de acordes para teclado anexado; estrutura normalizada por teoria musical."
teclado-Em7-1;teclado;Em7;;E;Mi;menor com sétima;1 b3 5 b7;1;1ª inversão;G-B-D-E;G|B|D|E;G;E;G-B-D-E;"C4 como dó central; ajustar conforme tessitura";Voicing teórico fechado. O desenvolvedor pode distribuir notas entre oitavas e omitir duplicações.;"Dicionário de acordes para teclado anexado; estrutura normalizada por teoria musical."
teclado-Em7-2;teclado;Em7;;E;Mi;menor com sétima;1 b3 5 b7;2;2ª inversão;B-D-E-G;B|D|E|G;B;E;B-D-E-G;"C4 como dó central; ajustar conforme tessitura";Voicing teórico fechado. O desenvolvedor pode distribuir notas entre oitavas e omitir duplicações.;"Dicionário de acordes para teclado anexado; estrutura normalizada por teoria musical."
teclado-Em7-3;teclado;Em7;;E;Mi;menor com sétima;1 b3 5 b7;3;3ª inversão;D-E-G-B;D|E|G|B;D;E;D-E-G-B;"C4 como dó central; ajustar conforme tessitura";Voicing teórico fechado. O desenvolvedor pode distribuir notas entre oitavas e omitir duplicações.;"Dicionário de acordes para teclado anexado; estrutura normalizada por teoria musical."
teclado-E6-0;teclado;E6;;E;Mi;sexta;1 3 5 6;0;posição fundamental;E-G#-B-C#;E|G#|B|C#;E;E;E-G#-B-C#;"C4 como dó central; ajustar conforme tessitura";Voicing teórico fechado. O desenvolvedor pode distribuir notas entre oitavas e omitir duplicações.;"Dicionário de acordes para teclado anexado; estrutura normalizada por teoria musical."
teclado-E6-1;teclado;E6;;E;Mi;sexta;1 3 5 6;1;1ª inversão;G#-B-C#-E;G#|B|C#|E;G#;E;G#-B-C#-E;"C4 como dó central; ajustar conforme tessitura";Voicing teórico fechado. O desenvolvedor pode distribuir notas entre oitavas e omitir duplicações.;"Dicionário de acordes para teclado anexado; estrutura normalizada por teoria musical."
teclado-E6-2;teclado;E6;;E;Mi;sexta;1 3 5 6;2;2ª inversão;B-C#-E-G#;B|C#|E|G#;B;E;B-C#-E-G#;"C4 como dó central; ajustar conforme tessitura";Voicing teórico fechado. O desenvolvedor pode distribuir notas entre oitavas e omitir duplicações.;"Dicionário de acordes para teclado anexado; estrutura normalizada por teoria musical."
teclado-E6-3;teclado;E6;;E;Mi;sexta;1 3 5 6;3;3ª inversão;C#-E-G#-B;C#|E|G#|B;C#;E;C#-E-G#-B;"C4 como dó central; ajustar conforme tessitura";Voicing teórico fechado. O desenvolvedor pode distribuir notas entre oitavas e omitir duplicações.;"Dicionário de acordes para teclado anexado; estrutura normalizada por teoria musical."
teclado-Em6-0;teclado;Em6;;E;Mi;menor com sexta;1 b3 5 6;0;posição fundamental;E-G-B-C#;E|G|B|C#;E;E;E-G-B-C#;"C4 como dó central; ajustar conforme tessitura";Voicing teórico fechado. O desenvolvedor pode distribuir notas entre oitavas e omitir duplicações.;"Dicionário de acordes para teclado anexado; estrutura normalizada por teoria musical."
teclado-Em6-1;teclado;Em6;;E;Mi;menor com sexta;1 b3 5 6;1;1ª inversão;G-B-C#-E;G|B|C#|E;G;E;G-B-C#-E;"C4 como dó central; ajustar conforme tessitura";Voicing teórico fechado. O desenvolvedor pode distribuir notas entre oitavas e omitir duplicações.;"Dicionário de acordes para teclado anexado; estrutura normalizada por teoria musical."
teclado-Em6-2;teclado;Em6;;E;Mi;menor com sexta;1 b3 5 6;2;2ª inversão;B-C#-E-G;B|C#|E|G;B;E;B-C#-E-G;"C4 como dó central; ajustar conforme tessitura";Voicing teórico fechado. O desenvolvedor pode distribuir notas entre oitavas e omitir duplicações.;"Dicionário de acordes para teclado anexado; estrutura normalizada por teoria musical."
teclado-Em6-3;teclado;Em6;;E;Mi;menor com sexta;1 b3 5 6;3;3ª inversão;C#-E-G-B;C#|E|G|B;C#;E;C#-E-G-B;"C4 como dó central; ajustar conforme tessitura";Voicing teórico fechado. O desenvolvedor pode distribuir notas entre oitavas e omitir duplicações.;"Dicionário de acordes para teclado anexado; estrutura normalizada por teoria musical."
teclado-Edim-0;teclado;Edim;;E;Mi;diminuto;1 b3 b5;0;posição fundamental;E-G-A#;E|G|A#;E;E;E-G-A#;"C4 como dó central; ajustar conforme tessitura";Voicing teórico fechado. O desenvolvedor pode distribuir notas entre oitavas e omitir duplicações.;"Dicionário de acordes para teclado anexado; estrutura normalizada por teoria musical."
teclado-Edim-1;teclado;Edim;;E;Mi;diminuto;1 b3 b5;1;1ª inversão;G-A#-E;G|A#|E;G;E;G-A#-E;"C4 como dó central; ajustar conforme tessitura";Voicing teórico fechado. O desenvolvedor pode distribuir notas entre oitavas e omitir duplicações.;"Dicionário de acordes para teclado anexado; estrutura normalizada por teoria musical."
teclado-Edim-2;teclado;Edim;;E;Mi;diminuto;1 b3 b5;2;2ª inversão;A#-E-G;A#|E|G;A#;E;A#-E-G;"C4 como dó central; ajustar conforme tessitura";Voicing teórico fechado. O desenvolvedor pode distribuir notas entre oitavas e omitir duplicações.;"Dicionário de acordes para teclado anexado; estrutura normalizada por teoria musical."
teclado-Edim7-0;teclado;Edim7;;E;Mi;diminuto com sétima;1 b3 b5 bb7;0;posição fundamental;E-G-A#-C#;E|G|A#|C#;E;E;E-G-A#-C#;"C4 como dó central; ajustar conforme tessitura";Voicing teórico fechado. O desenvolvedor pode distribuir notas entre oitavas e omitir duplicações.;"Dicionário de acordes para teclado anexado; estrutura normalizada por teoria musical."
teclado-Edim7-1;teclado;Edim7;;E;Mi;diminuto com sétima;1 b3 b5 bb7;1;1ª inversão;G-A#-C#-E;G|A#|C#|E;G;E;G-A#-C#-E;"C4 como dó central; ajustar conforme tessitura";Voicing teórico fechado. O desenvolvedor pode distribuir notas entre oitavas e omitir duplicações.;"Dicionário de acordes para teclado anexado; estrutura normalizada por teoria musical."
teclado-Edim7-2;teclado;Edim7;;E;Mi;diminuto com sétima;1 b3 b5 bb7;2;2ª inversão;A#-C#-E-G;A#|C#|E|G;A#;E;A#-C#-E-G;"C4 como dó central; ajustar conforme tessitura";Voicing teórico fechado. O desenvolvedor pode distribuir notas entre oitavas e omitir duplicações.;"Dicionário de acordes para teclado anexado; estrutura normalizada por teoria musical."
teclado-Edim7-3;teclado;Edim7;;E;Mi;diminuto com sétima;1 b3 b5 bb7;3;3ª inversão;C#-E-G-A#;C#|E|G|A#;C#;E;C#-E-G-A#;"C4 como dó central; ajustar conforme tessitura";Voicing teórico fechado. O desenvolvedor pode distribuir notas entre oitavas e omitir duplicações.;"Dicionário de acordes para teclado anexado; estrutura normalizada por teoria musical."
teclado-Eaug-0;teclado;Eaug;;E;Mi;aumentado;1 3 #5;0;posição fundamental;E-G#-C;E|G#|C;E;E;E-G#-C;"C4 como dó central; ajustar conforme tessitura";Voicing teórico fechado. O desenvolvedor pode distribuir notas entre oitavas e omitir duplicações.;"Dicionário de acordes para teclado anexado; estrutura normalizada por teoria musical."
teclado-Eaug-1;teclado;Eaug;;E;Mi;aumentado;1 3 #5;1;1ª inversão;G#-C-E;G#|C|E;G#;E;G#-C-E;"C4 como dó central; ajustar conforme tessitura";Voicing teórico fechado. O desenvolvedor pode distribuir notas entre oitavas e omitir duplicações.;"Dicionário de acordes para teclado anexado; estrutura normalizada por teoria musical."
teclado-Eaug-2;teclado;Eaug;;E;Mi;aumentado;1 3 #5;2;2ª inversão;C-E-G#;C|E|G#;C;E;C-E-G#;"C4 como dó central; ajustar conforme tessitura";Voicing teórico fechado. O desenvolvedor pode distribuir notas entre oitavas e omitir duplicações.;"Dicionário de acordes para teclado anexado; estrutura normalizada por teoria musical."
teclado-Esus2-0;teclado;Esus2;;E;Mi;suspenso com segunda;1 2 5;0;posição fundamental;E-F#-B;E|F#|B;E;E;E-F#-B;"C4 como dó central; ajustar conforme tessitura";Voicing teórico fechado. O desenvolvedor pode distribuir notas entre oitavas e omitir duplicações.;"Dicionário de acordes para teclado anexado; estrutura normalizada por teoria musical."
teclado-Esus2-1;teclado;Esus2;;E;Mi;suspenso com segunda;1 2 5;1;1ª inversão;F#-B-E;F#|B|E;F#;E;F#-B-E;"C4 como dó central; ajustar conforme tessitura";Voicing teórico fechado. O desenvolvedor pode distribuir notas entre oitavas e omitir duplicações.;"Dicionário de acordes para teclado anexado; estrutura normalizada por teoria musical."
teclado-Esus2-2;teclado;Esus2;;E;Mi;suspenso com segunda;1 2 5;2;2ª inversão;B-E-F#;B|E|F#;B;E;B-E-F#;"C4 como dó central; ajustar conforme tessitura";Voicing teórico fechado. O desenvolvedor pode distribuir notas entre oitavas e omitir duplicações.;"Dicionário de acordes para teclado anexado; estrutura normalizada por teoria musical."
teclado-Esus4-0;teclado;Esus4;;E;Mi;suspenso com quarta;1 4 5;0;posição fundamental;E-A-B;E|A|B;E;E;E-A-B;"C4 como dó central; ajustar conforme tessitura";Voicing teórico fechado. O desenvolvedor pode distribuir notas entre oitavas e omitir duplicações.;"Dicionário de acordes para teclado anexado; estrutura normalizada por teoria musical."
teclado-Esus4-1;teclado;Esus4;;E;Mi;suspenso com quarta;1 4 5;1;1ª inversão;A-B-E;A|B|E;A;E;A-B-E;"C4 como dó central; ajustar conforme tessitura";Voicing teórico fechado. O desenvolvedor pode distribuir notas entre oitavas e omitir duplicações.;"Dicionário de acordes para teclado anexado; estrutura normalizada por teoria musical."
teclado-Esus4-2;teclado;Esus4;;E;Mi;suspenso com quarta;1 4 5;2;2ª inversão;B-E-A;B|E|A;B;E;B-E-A;"C4 como dó central; ajustar conforme tessitura";Voicing teórico fechado. O desenvolvedor pode distribuir notas entre oitavas e omitir duplicações.;"Dicionário de acordes para teclado anexado; estrutura normalizada por teoria musical."
teclado-Eadd9-0;teclado;Eadd9;;E;Mi;com nona adicionada;1 3 5 9;0;posição fundamental;E-F#-G#-B;E|F#|G#|B;E;E;E-F#-G#-B;"C4 como dó central; ajustar conforme tessitura";Voicing teórico fechado. O desenvolvedor pode distribuir notas entre oitavas e omitir duplicações.;"Dicionário de acordes para teclado anexado; estrutura normalizada por teoria musical."
teclado-Eadd9-1;teclado;Eadd9;;E;Mi;com nona adicionada;1 3 5 9;1;1ª inversão;F#-G#-B-E;F#|G#|B|E;F#;E;F#-G#-B-E;"C4 como dó central; ajustar conforme tessitura";Voicing teórico fechado. O desenvolvedor pode distribuir notas entre oitavas e omitir duplicações.;"Dicionário de acordes para teclado anexado; estrutura normalizada por teoria musical."
teclado-Eadd9-2;teclado;Eadd9;;E;Mi;com nona adicionada;1 3 5 9;2;2ª inversão;G#-B-E-F#;G#|B|E|F#;G#;E;G#-B-E-F#;"C4 como dó central; ajustar conforme tessitura";Voicing teórico fechado. O desenvolvedor pode distribuir notas entre oitavas e omitir duplicações.;"Dicionário de acordes para teclado anexado; estrutura normalizada por teoria musical."
teclado-Eadd9-3;teclado;Eadd9;;E;Mi;com nona adicionada;1 3 5 9;3;3ª inversão;B-E-F#-G#;B|E|F#|G#;B;E;B-E-F#-G#;"C4 como dó central; ajustar conforme tessitura";Voicing teórico fechado. O desenvolvedor pode distribuir notas entre oitavas e omitir duplicações.;"Dicionário de acordes para teclado anexado; estrutura normalizada por teoria musical."
teclado-E9-0;teclado;E9;;E;Mi;nona dominante;1 3 5 b7 9;0;posição fundamental;E-F#-G#-B-D;E|F#|G#|B|D;E;E;E-F#-G#-B-D;"C4 como dó central; ajustar conforme tessitura";Voicing teórico fechado. O desenvolvedor pode distribuir notas entre oitavas e omitir duplicações.;"Dicionário de acordes para teclado anexado; estrutura normalizada por teoria musical."
teclado-E9-1;teclado;E9;;E;Mi;nona dominante;1 3 5 b7 9;1;1ª inversão;F#-G#-B-D-E;F#|G#|B|D|E;F#;E;F#-G#-B-D-E;"C4 como dó central; ajustar conforme tessitura";Voicing teórico fechado. O desenvolvedor pode distribuir notas entre oitavas e omitir duplicações.;"Dicionário de acordes para teclado anexado; estrutura normalizada por teoria musical."
teclado-E9-2;teclado;E9;;E;Mi;nona dominante;1 3 5 b7 9;2;2ª inversão;G#-B-D-E-F#;G#|B|D|E|F#;G#;E;G#-B-D-E-F#;"C4 como dó central; ajustar conforme tessitura";Voicing teórico fechado. O desenvolvedor pode distribuir notas entre oitavas e omitir duplicações.;"Dicionário de acordes para teclado anexado; estrutura normalizada por teoria musical."
teclado-E9-3;teclado;E9;;E;Mi;nona dominante;1 3 5 b7 9;3;3ª inversão;B-D-E-F#-G#;B|D|E|F#|G#;B;E;B-D-E-F#-G#;"C4 como dó central; ajustar conforme tessitura";Voicing teórico fechado. O desenvolvedor pode distribuir notas entre oitavas e omitir duplicações.;"Dicionário de acordes para teclado anexado; estrutura normalizada por teoria musical."
teclado-E9-4;teclado;E9;;E;Mi;nona dominante;1 3 5 b7 9;4;4ª inversão;D-E-F#-G#-B;D|E|F#|G#|B;D;E;D-E-F#-G#-B;"C4 como dó central; ajustar conforme tessitura";Voicing teórico fechado. O desenvolvedor pode distribuir notas entre oitavas e omitir duplicações.;"Dicionário de acordes para teclado anexado; estrutura normalizada por teoria musical."
teclado-Emaj9-0;teclado;Emaj9;;E;Mi;nona maior;1 3 5 7 9;0;posição fundamental;E-F#-G#-B-D#;E|F#|G#|B|D#;E;E;E-F#-G#-B-D#;"C4 como dó central; ajustar conforme tessitura";Voicing teórico fechado. O desenvolvedor pode distribuir notas entre oitavas e omitir duplicações.;"Dicionário de acordes para teclado anexado; estrutura normalizada por teoria musical."
teclado-Emaj9-1;teclado;Emaj9;;E;Mi;nona maior;1 3 5 7 9;1;1ª inversão;F#-G#-B-D#-E;F#|G#|B|D#|E;F#;E;F#-G#-B-D#-E;"C4 como dó central; ajustar conforme tessitura";Voicing teórico fechado. O desenvolvedor pode distribuir notas entre oitavas e omitir duplicações.;"Dicionário de acordes para teclado anexado; estrutura normalizada por teoria musical."
teclado-Emaj9-2;teclado;Emaj9;;E;Mi;nona maior;1 3 5 7 9;2;2ª inversão;G#-B-D#-E-F#;G#|B|D#|E|F#;G#;E;G#-B-D#-E-F#;"C4 como dó central; ajustar conforme tessitura";Voicing teórico fechado. O desenvolvedor pode distribuir notas entre oitavas e omitir duplicações.;"Dicionário de acordes para teclado anexado; estrutura normalizada por teoria musical."
teclado-Emaj9-3;teclado;Emaj9;;E;Mi;nona maior;1 3 5 7 9;3;3ª inversão;B-D#-E-F#-G#;B|D#|E|F#|G#;B;E;B-D#-E-F#-G#;"C4 como dó central; ajustar conforme tessitura";Voicing teórico fechado. O desenvolvedor pode distribuir notas entre oitavas e omitir duplicações.;"Dicionário de acordes para teclado anexado; estrutura normalizada por teoria musical."
teclado-Emaj9-4;teclado;Emaj9;;E;Mi;nona maior;1 3 5 7 9;4;4ª inversão;D#-E-F#-G#-B;D#|E|F#|G#|B;D#;E;D#-E-F#-G#-B;"C4 como dó central; ajustar conforme tessitura";Voicing teórico fechado. O desenvolvedor pode distribuir notas entre oitavas e omitir duplicações.;"Dicionário de acordes para teclado anexado; estrutura normalizada por teoria musical."
teclado-Em9-0;teclado;Em9;;E;Mi;menor com nona;1 b3 5 b7 9;0;posição fundamental;E-F#-G-B-D;E|F#|G|B|D;E;E;E-F#-G-B-D;"C4 como dó central; ajustar conforme tessitura";Voicing teórico fechado. O desenvolvedor pode distribuir notas entre oitavas e omitir duplicações.;"Dicionário de acordes para teclado anexado; estrutura normalizada por teoria musical."
teclado-Em9-1;teclado;Em9;;E;Mi;menor com nona;1 b3 5 b7 9;1;1ª inversão;F#-G-B-D-E;F#|G|B|D|E;F#;E;F#-G-B-D-E;"C4 como dó central; ajustar conforme tessitura";Voicing teórico fechado. O desenvolvedor pode distribuir notas entre oitavas e omitir duplicações.;"Dicionário de acordes para teclado anexado; estrutura normalizada por teoria musical."
teclado-Em9-2;teclado;Em9;;E;Mi;menor com nona;1 b3 5 b7 9;2;2ª inversão;G-B-D-E-F#;G|B|D|E|F#;G;E;G-B-D-E-F#;"C4 como dó central; ajustar conforme tessitura";Voicing teórico fechado. O desenvolvedor pode distribuir notas entre oitavas e omitir duplicações.;"Dicionário de acordes para teclado anexado; estrutura normalizada por teoria musical."
teclado-Em9-3;teclado;Em9;;E;Mi;menor com nona;1 b3 5 b7 9;3;3ª inversão;B-D-E-F#-G;B|D|E|F#|G;B;E;B-D-E-F#-G;"C4 como dó central; ajustar conforme tessitura";Voicing teórico fechado. O desenvolvedor pode distribuir notas entre oitavas e omitir duplicações.;"Dicionário de acordes para teclado anexado; estrutura normalizada por teoria musical."
teclado-Em9-4;teclado;Em9;;E;Mi;menor com nona;1 b3 5 b7 9;4;4ª inversão;D-E-F#-G-B;D|E|F#|G|B;D;E;D-E-F#-G-B;"C4 como dó central; ajustar conforme tessitura";Voicing teórico fechado. O desenvolvedor pode distribuir notas entre oitavas e omitir duplicações.;"Dicionário de acordes para teclado anexado; estrutura normalizada por teoria musical."
teclado-E11-0;teclado;E11;;E;Mi;décima primeira;1 3 5 b7 9 11;0;posição fundamental;E-F#-G#-A-B-D;E|F#|G#|A|B|D;E;E;E-F#-G#-A-B-D;"C4 como dó central; ajustar conforme tessitura";Voicing teórico fechado. O desenvolvedor pode distribuir notas entre oitavas e omitir duplicações.;"Dicionário de acordes para teclado anexado; estrutura normalizada por teoria musical."
teclado-E11-1;teclado;E11;;E;Mi;décima primeira;1 3 5 b7 9 11;1;1ª inversão;F#-G#-A-B-D-E;F#|G#|A|B|D|E;F#;E;F#-G#-A-B-D-E;"C4 como dó central; ajustar conforme tessitura";Voicing teórico fechado. O desenvolvedor pode distribuir notas entre oitavas e omitir duplicações.;"Dicionário de acordes para teclado anexado; estrutura normalizada por teoria musical."
teclado-E11-2;teclado;E11;;E;Mi;décima primeira;1 3 5 b7 9 11;2;2ª inversão;G#-A-B-D-E-F#;G#|A|B|D|E|F#;G#;E;G#-A-B-D-E-F#;"C4 como dó central; ajustar conforme tessitura";Voicing teórico fechado. O desenvolvedor pode distribuir notas entre oitavas e omitir duplicações.;"Dicionário de acordes para teclado anexado; estrutura normalizada por teoria musical."
teclado-E11-3;teclado;E11;;E;Mi;décima primeira;1 3 5 b7 9 11;3;3ª inversão;A-B-D-E-F#-G#;A|B|D|E|F#|G#;A;E;A-B-D-E-F#-G#;"C4 como dó central; ajustar conforme tessitura";Voicing teórico fechado. O desenvolvedor pode distribuir notas entre oitavas e omitir duplicações.;"Dicionário de acordes para teclado anexado; estrutura normalizada por teoria musical."
teclado-E11-4;teclado;E11;;E;Mi;décima primeira;1 3 5 b7 9 11;4;4ª inversão;B-D-E-F#-G#-A;B|D|E|F#|G#|A;B;E;B-D-E-F#-G#-A;"C4 como dó central; ajustar conforme tessitura";Voicing teórico fechado. O desenvolvedor pode distribuir notas entre oitavas e omitir duplicações.;"Dicionário de acordes para teclado anexado; estrutura normalizada por teoria musical."
teclado-E11-5;teclado;E11;;E;Mi;décima primeira;1 3 5 b7 9 11;5;5ª inversão;D-E-F#-G#-A-B;D|E|F#|G#|A|B;D;E;D-E-F#-G#-A-B;"C4 como dó central; ajustar conforme tessitura";Voicing teórico fechado. O desenvolvedor pode distribuir notas entre oitavas e omitir duplicações.;"Dicionário de acordes para teclado anexado; estrutura normalizada por teoria musical."
teclado-Em11-0;teclado;Em11;;E;Mi;menor com décima primeira;1 b3 5 b7 9 11;0;posição fundamental;E-F#-G-A-B-D;E|F#|G|A|B|D;E;E;E-F#-G-A-B-D;"C4 como dó central; ajustar conforme tessitura";Voicing teórico fechado. O desenvolvedor pode distribuir notas entre oitavas e omitir duplicações.;"Dicionário de acordes para teclado anexado; estrutura normalizada por teoria musical."
teclado-Em11-1;teclado;Em11;;E;Mi;menor com décima primeira;1 b3 5 b7 9 11;1;1ª inversão;F#-G-A-B-D-E;F#|G|A|B|D|E;F#;E;F#-G-A-B-D-E;"C4 como dó central; ajustar conforme tessitura";Voicing teórico fechado. O desenvolvedor pode distribuir notas entre oitavas e omitir duplicações.;"Dicionário de acordes para teclado anexado; estrutura normalizada por teoria musical."
teclado-Em11-2;teclado;Em11;;E;Mi;menor com décima primeira;1 b3 5 b7 9 11;2;2ª inversão;G-A-B-D-E-F#;G|A|B|D|E|F#;G;E;G-A-B-D-E-F#;"C4 como dó central; ajustar conforme tessitura";Voicing teórico fechado. O desenvolvedor pode distribuir notas entre oitavas e omitir duplicações.;"Dicionário de acordes para teclado anexado; estrutura normalizada por teoria musical."
teclado-Em11-3;teclado;Em11;;E;Mi;menor com décima primeira;1 b3 5 b7 9 11;3;3ª inversão;A-B-D-E-F#-G;A|B|D|E|F#|G;A;E;A-B-D-E-F#-G;"C4 como dó central; ajustar conforme tessitura";Voicing teórico fechado. O desenvolvedor pode distribuir notas entre oitavas e omitir duplicações.;"Dicionário de acordes para teclado anexado; estrutura normalizada por teoria musical."
teclado-Em11-4;teclado;Em11;;E;Mi;menor com décima primeira;1 b3 5 b7 9 11;4;4ª inversão;B-D-E-F#-G-A;B|D|E|F#|G|A;B;E;B-D-E-F#-G-A;"C4 como dó central; ajustar conforme tessitura";Voicing teórico fechado. O desenvolvedor pode distribuir notas entre oitavas e omitir duplicações.;"Dicionário de acordes para teclado anexado; estrutura normalizada por teoria musical."
teclado-Em11-5;teclado;Em11;;E;Mi;menor com décima primeira;1 b3 5 b7 9 11;5;5ª inversão;D-E-F#-G-A-B;D|E|F#|G|A|B;D;E;D-E-F#-G-A-B;"C4 como dó central; ajustar conforme tessitura";Voicing teórico fechado. O desenvolvedor pode distribuir notas entre oitavas e omitir duplicações.;"Dicionário de acordes para teclado anexado; estrutura normalizada por teoria musical."
teclado-E13-0;teclado;E13;;E;Mi;décima terceira;1 3 5 b7 9 13;0;posição fundamental;E-F#-G#-B-C#-D;E|F#|G#|B|C#|D;E;E;E-F#-G#-B-C#-D;"C4 como dó central; ajustar conforme tessitura";Voicing teórico fechado. O desenvolvedor pode distribuir notas entre oitavas e omitir duplicações.;"Dicionário de acordes para teclado anexado; estrutura normalizada por teoria musical."
teclado-E13-1;teclado;E13;;E;Mi;décima terceira;1 3 5 b7 9 13;1;1ª inversão;F#-G#-B-C#-D-E;F#|G#|B|C#|D|E;F#;E;F#-G#-B-C#-D-E;"C4 como dó central; ajustar conforme tessitura";Voicing teórico fechado. O desenvolvedor pode distribuir notas entre oitavas e omitir duplicações.;"Dicionário de acordes para teclado anexado; estrutura normalizada por teoria musical."
teclado-E13-2;teclado;E13;;E;Mi;décima terceira;1 3 5 b7 9 13;2;2ª inversão;G#-B-C#-D-E-F#;G#|B|C#|D|E|F#;G#;E;G#-B-C#-D-E-F#;"C4 como dó central; ajustar conforme tessitura";Voicing teórico fechado. O desenvolvedor pode distribuir notas entre oitavas e omitir duplicações.;"Dicionário de acordes para teclado anexado; estrutura normalizada por teoria musical."
teclado-E13-3;teclado;E13;;E;Mi;décima terceira;1 3 5 b7 9 13;3;3ª inversão;B-C#-D-E-F#-G#;B|C#|D|E|F#|G#;B;E;B-C#-D-E-F#-G#;"C4 como dó central; ajustar conforme tessitura";Voicing teórico fechado. O desenvolvedor pode distribuir notas entre oitavas e omitir duplicações.;"Dicionário de acordes para teclado anexado; estrutura normalizada por teoria musical."
teclado-E13-4;teclado;E13;;E;Mi;décima terceira;1 3 5 b7 9 13;4;4ª inversão;C#-D-E-F#-G#-B;C#|D|E|F#|G#|B;C#;E;C#-D-E-F#-G#-B;"C4 como dó central; ajustar conforme tessitura";Voicing teórico fechado. O desenvolvedor pode distribuir notas entre oitavas e omitir duplicações.;"Dicionário de acordes para teclado anexado; estrutura normalizada por teoria musical."
teclado-E13-5;teclado;E13;;E;Mi;décima terceira;1 3 5 b7 9 13;5;5ª inversão;D-E-F#-G#-B-C#;D|E|F#|G#|B|C#;D;E;D-E-F#-G#-B-C#;"C4 como dó central; ajustar conforme tessitura";Voicing teórico fechado. O desenvolvedor pode distribuir notas entre oitavas e omitir duplicações.;"Dicionário de acordes para teclado anexado; estrutura normalizada por teoria musical."
teclado-Em13-0;teclado;Em13;;E;Mi;menor com décima terceira;1 b3 5 b7 9 13;0;posição fundamental;E-F#-G-B-C#-D;E|F#|G|B|C#|D;E;E;E-F#-G-B-C#-D;"C4 como dó central; ajustar conforme tessitura";Voicing teórico fechado. O desenvolvedor pode distribuir notas entre oitavas e omitir duplicações.;"Dicionário de acordes para teclado anexado; estrutura normalizada por teoria musical."
teclado-Em13-1;teclado;Em13;;E;Mi;menor com décima terceira;1 b3 5 b7 9 13;1;1ª inversão;F#-G-B-C#-D-E;F#|G|B|C#|D|E;F#;E;F#-G-B-C#-D-E;"C4 como dó central; ajustar conforme tessitura";Voicing teórico fechado. O desenvolvedor pode distribuir notas entre oitavas e omitir duplicações.;"Dicionário de acordes para teclado anexado; estrutura normalizada por teoria musical."
teclado-Em13-2;teclado;Em13;;E;Mi;menor com décima terceira;1 b3 5 b7 9 13;2;2ª inversão;G-B-C#-D-E-F#;G|B|C#|D|E|F#;G;E;G-B-C#-D-E-F#;"C4 como dó central; ajustar conforme tessitura";Voicing teórico fechado. O desenvolvedor pode distribuir notas entre oitavas e omitir duplicações.;"Dicionário de acordes para teclado anexado; estrutura normalizada por teoria musical."
teclado-Em13-3;teclado;Em13;;E;Mi;menor com décima terceira;1 b3 5 b7 9 13;3;3ª inversão;B-C#-D-E-F#-G;B|C#|D|E|F#|G;B;E;B-C#-D-E-F#-G;"C4 como dó central; ajustar conforme tessitura";Voicing teórico fechado. O desenvolvedor pode distribuir notas entre oitavas e omitir duplicações.;"Dicionário de acordes para teclado anexado; estrutura normalizada por teoria musical."
teclado-Em13-4;teclado;Em13;;E;Mi;menor com décima terceira;1 b3 5 b7 9 13;4;4ª inversão;C#-D-E-F#-G-B;C#|D|E|F#|G|B;C#;E;C#-D-E-F#-G-B;"C4 como dó central; ajustar conforme tessitura";Voicing teórico fechado. O desenvolvedor pode distribuir notas entre oitavas e omitir duplicações.;"Dicionário de acordes para teclado anexado; estrutura normalizada por teoria musical."
teclado-Em13-5;teclado;Em13;;E;Mi;menor com décima terceira;1 b3 5 b7 9 13;5;5ª inversão;D-E-F#-G-B-C#;D|E|F#|G|B|C#;D;E;D-E-F#-G-B-C#;"C4 como dó central; ajustar conforme tessitura";Voicing teórico fechado. O desenvolvedor pode distribuir notas entre oitavas e omitir duplicações.;"Dicionário de acordes para teclado anexado; estrutura normalizada por teoria musical."
teclado-E7b5-0;teclado;E7b5;;E;Mi;sétima com quinta diminuta;1 3 b5 b7;0;posição fundamental;E-G#-A#-D;E|G#|A#|D;E;E;E-G#-A#-D;"C4 como dó central; ajustar conforme tessitura";Voicing teórico fechado. O desenvolvedor pode distribuir notas entre oitavas e omitir duplicações.;"Dicionário de acordes para teclado anexado; estrutura normalizada por teoria musical."
teclado-E7b5-1;teclado;E7b5;;E;Mi;sétima com quinta diminuta;1 3 b5 b7;1;1ª inversão;G#-A#-D-E;G#|A#|D|E;G#;E;G#-A#-D-E;"C4 como dó central; ajustar conforme tessitura";Voicing teórico fechado. O desenvolvedor pode distribuir notas entre oitavas e omitir duplicações.;"Dicionário de acordes para teclado anexado; estrutura normalizada por teoria musical."
teclado-E7b5-2;teclado;E7b5;;E;Mi;sétima com quinta diminuta;1 3 b5 b7;2;2ª inversão;A#-D-E-G#;A#|D|E|G#;A#;E;A#-D-E-G#;"C4 como dó central; ajustar conforme tessitura";Voicing teórico fechado. O desenvolvedor pode distribuir notas entre oitavas e omitir duplicações.;"Dicionário de acordes para teclado anexado; estrutura normalizada por teoria musical."
teclado-E7b5-3;teclado;E7b5;;E;Mi;sétima com quinta diminuta;1 3 b5 b7;3;3ª inversão;D-E-G#-A#;D|E|G#|A#;D;E;D-E-G#-A#;"C4 como dó central; ajustar conforme tessitura";Voicing teórico fechado. O desenvolvedor pode distribuir notas entre oitavas e omitir duplicações.;"Dicionário de acordes para teclado anexado; estrutura normalizada por teoria musical."
teclado-E7#5-0;teclado;E7#5;;E;Mi;sétima com quinta aumentada;1 3 #5 b7;0;posição fundamental;E-G#-C-D;E|G#|C|D;E;E;E-G#-C-D;"C4 como dó central; ajustar conforme tessitura";Voicing teórico fechado. O desenvolvedor pode distribuir notas entre oitavas e omitir duplicações.;"Dicionário de acordes para teclado anexado; estrutura normalizada por teoria musical."
teclado-E7#5-1;teclado;E7#5;;E;Mi;sétima com quinta aumentada;1 3 #5 b7;1;1ª inversão;G#-C-D-E;G#|C|D|E;G#;E;G#-C-D-E;"C4 como dó central; ajustar conforme tessitura";Voicing teórico fechado. O desenvolvedor pode distribuir notas entre oitavas e omitir duplicações.;"Dicionário de acordes para teclado anexado; estrutura normalizada por teoria musical."
teclado-E7#5-2;teclado;E7#5;;E;Mi;sétima com quinta aumentada;1 3 #5 b7;2;2ª inversão;C-D-E-G#;C|D|E|G#;C;E;C-D-E-G#;"C4 como dó central; ajustar conforme tessitura";Voicing teórico fechado. O desenvolvedor pode distribuir notas entre oitavas e omitir duplicações.;"Dicionário de acordes para teclado anexado; estrutura normalizada por teoria musical."
teclado-E7#5-3;teclado;E7#5;;E;Mi;sétima com quinta aumentada;1 3 #5 b7;3;3ª inversão;D-E-G#-C;D|E|G#|C;D;E;D-E-G#-C;"C4 como dó central; ajustar conforme tessitura";Voicing teórico fechado. O desenvolvedor pode distribuir notas entre oitavas e omitir duplicações.;"Dicionário de acordes para teclado anexado; estrutura normalizada por teoria musical."
teclado-E7b9-0;teclado;E7b9;;E;Mi;sétima com nona menor;1 b9 3 5 b7;0;posição fundamental;E-F-G#-B-D;E|F|G#|B|D;E;E;E-F-G#-B-D;"C4 como dó central; ajustar conforme tessitura";Voicing teórico fechado. O desenvolvedor pode distribuir notas entre oitavas e omitir duplicações.;"Dicionário de acordes para teclado anexado; estrutura normalizada por teoria musical."
teclado-E7b9-1;teclado;E7b9;;E;Mi;sétima com nona menor;1 b9 3 5 b7;1;1ª inversão;F-G#-B-D-E;F|G#|B|D|E;F;E;F-G#-B-D-E;"C4 como dó central; ajustar conforme tessitura";Voicing teórico fechado. O desenvolvedor pode distribuir notas entre oitavas e omitir duplicações.;"Dicionário de acordes para teclado anexado; estrutura normalizada por teoria musical."
teclado-E7b9-2;teclado;E7b9;;E;Mi;sétima com nona menor;1 b9 3 5 b7;2;2ª inversão;G#-B-D-E-F;G#|B|D|E|F;G#;E;G#-B-D-E-F;"C4 como dó central; ajustar conforme tessitura";Voicing teórico fechado. O desenvolvedor pode distribuir notas entre oitavas e omitir duplicações.;"Dicionário de acordes para teclado anexado; estrutura normalizada por teoria musical."
teclado-E7b9-3;teclado;E7b9;;E;Mi;sétima com nona menor;1 b9 3 5 b7;3;3ª inversão;B-D-E-F-G#;B|D|E|F|G#;B;E;B-D-E-F-G#;"C4 como dó central; ajustar conforme tessitura";Voicing teórico fechado. O desenvolvedor pode distribuir notas entre oitavas e omitir duplicações.;"Dicionário de acordes para teclado anexado; estrutura normalizada por teoria musical."
teclado-E7b9-4;teclado;E7b9;;E;Mi;sétima com nona menor;1 b9 3 5 b7;4;4ª inversão;D-E-F-G#-B;D|E|F|G#|B;D;E;D-E-F-G#-B;"C4 como dó central; ajustar conforme tessitura";Voicing teórico fechado. O desenvolvedor pode distribuir notas entre oitavas e omitir duplicações.;"Dicionário de acordes para teclado anexado; estrutura normalizada por teoria musical."
teclado-E7#9-0;teclado;E7#9;;E;Mi;sétima com nona aumentada;1 #9 3 5 b7;0;posição fundamental;E-G-G#-B-D;E|G|G#|B|D;E;E;E-G-G#-B-D;"C4 como dó central; ajustar conforme tessitura";Voicing teórico fechado. O desenvolvedor pode distribuir notas entre oitavas e omitir duplicações.;"Dicionário de acordes para teclado anexado; estrutura normalizada por teoria musical."
teclado-E7#9-1;teclado;E7#9;;E;Mi;sétima com nona aumentada;1 #9 3 5 b7;1;1ª inversão;G-G#-B-D-E;G|G#|B|D|E;G;E;G-G#-B-D-E;"C4 como dó central; ajustar conforme tessitura";Voicing teórico fechado. O desenvolvedor pode distribuir notas entre oitavas e omitir duplicações.;"Dicionário de acordes para teclado anexado; estrutura normalizada por teoria musical."
teclado-E7#9-2;teclado;E7#9;;E;Mi;sétima com nona aumentada;1 #9 3 5 b7;2;2ª inversão;G#-B-D-E-G;G#|B|D|E|G;G#;E;G#-B-D-E-G;"C4 como dó central; ajustar conforme tessitura";Voicing teórico fechado. O desenvolvedor pode distribuir notas entre oitavas e omitir duplicações.;"Dicionário de acordes para teclado anexado; estrutura normalizada por teoria musical."
teclado-E7#9-3;teclado;E7#9;;E;Mi;sétima com nona aumentada;1 #9 3 5 b7;3;3ª inversão;B-D-E-G-G#;B|D|E|G|G#;B;E;B-D-E-G-G#;"C4 como dó central; ajustar conforme tessitura";Voicing teórico fechado. O desenvolvedor pode distribuir notas entre oitavas e omitir duplicações.;"Dicionário de acordes para teclado anexado; estrutura normalizada por teoria musical."
teclado-E7#9-4;teclado;E7#9;;E;Mi;sétima com nona aumentada;1 #9 3 5 b7;4;4ª inversão;D-E-G-G#-B;D|E|G|G#|B;D;E;D-E-G-G#-B;"C4 como dó central; ajustar conforme tessitura";Voicing teórico fechado. O desenvolvedor pode distribuir notas entre oitavas e omitir duplicações.;"Dicionário de acordes para teclado anexado; estrutura normalizada por teoria musical."
teclado-E5-0;teclado;E5;;E;Mi;quinta (power chord);1 5;0;posição fundamental;E-B;E|B;E;E;E-B;"C4 como dó central; ajustar conforme tessitura";Voicing teórico fechado. O desenvolvedor pode distribuir notas entre oitavas e omitir duplicações.;"Dicionário de acordes para teclado anexado; estrutura normalizada por teoria musical."
teclado-E5-1;teclado;E5;;E;Mi;quinta (power chord);1 5;1;1ª inversão;B-E;B|E;B;E;B-E;"C4 como dó central; ajustar conforme tessitura";Voicing teórico fechado. O desenvolvedor pode distribuir notas entre oitavas e omitir duplicações.;"Dicionário de acordes para teclado anexado; estrutura normalizada por teoria musical."
teclado-F-0;teclado;F;;F;Fá;maior;1 3 5;0;posição fundamental;F-A-C;F|A|C;F;F;F-A-C;"C4 como dó central; ajustar conforme tessitura";Voicing teórico fechado. O desenvolvedor pode distribuir notas entre oitavas e omitir duplicações.;"Dicionário de acordes para teclado anexado; estrutura normalizada por teoria musical."
teclado-F-1;teclado;F;;F;Fá;maior;1 3 5;1;1ª inversão;A-C-F;A|C|F;A;F;A-C-F;"C4 como dó central; ajustar conforme tessitura";Voicing teórico fechado. O desenvolvedor pode distribuir notas entre oitavas e omitir duplicações.;"Dicionário de acordes para teclado anexado; estrutura normalizada por teoria musical."
teclado-F-2;teclado;F;;F;Fá;maior;1 3 5;2;2ª inversão;C-F-A;C|F|A;C;F;C-F-A;"C4 como dó central; ajustar conforme tessitura";Voicing teórico fechado. O desenvolvedor pode distribuir notas entre oitavas e omitir duplicações.;"Dicionário de acordes para teclado anexado; estrutura normalizada por teoria musical."
teclado-Fm-0;teclado;Fm;;F;Fá;menor;1 b3 5;0;posição fundamental;F-G#-C;F|G#|C;F;F;F-G#-C;"C4 como dó central; ajustar conforme tessitura";Voicing teórico fechado. O desenvolvedor pode distribuir notas entre oitavas e omitir duplicações.;"Dicionário de acordes para teclado anexado; estrutura normalizada por teoria musical."
teclado-Fm-1;teclado;Fm;;F;Fá;menor;1 b3 5;1;1ª inversão;G#-C-F;G#|C|F;G#;F;G#-C-F;"C4 como dó central; ajustar conforme tessitura";Voicing teórico fechado. O desenvolvedor pode distribuir notas entre oitavas e omitir duplicações.;"Dicionário de acordes para teclado anexado; estrutura normalizada por teoria musical."
teclado-Fm-2;teclado;Fm;;F;Fá;menor;1 b3 5;2;2ª inversão;C-F-G#;C|F|G#;C;F;C-F-G#;"C4 como dó central; ajustar conforme tessitura";Voicing teórico fechado. O desenvolvedor pode distribuir notas entre oitavas e omitir duplicações.;"Dicionário de acordes para teclado anexado; estrutura normalizada por teoria musical."
teclado-F7-0;teclado;F7;;F;Fá;sétima dominante;1 3 5 b7;0;posição fundamental;F-A-C-D#;F|A|C|D#;F;F;F-A-C-D#;"C4 como dó central; ajustar conforme tessitura";Voicing teórico fechado. O desenvolvedor pode distribuir notas entre oitavas e omitir duplicações.;"Dicionário de acordes para teclado anexado; estrutura normalizada por teoria musical."
teclado-F7-1;teclado;F7;;F;Fá;sétima dominante;1 3 5 b7;1;1ª inversão;A-C-D#-F;A|C|D#|F;A;F;A-C-D#-F;"C4 como dó central; ajustar conforme tessitura";Voicing teórico fechado. O desenvolvedor pode distribuir notas entre oitavas e omitir duplicações.;"Dicionário de acordes para teclado anexado; estrutura normalizada por teoria musical."
teclado-F7-2;teclado;F7;;F;Fá;sétima dominante;1 3 5 b7;2;2ª inversão;C-D#-F-A;C|D#|F|A;C;F;C-D#-F-A;"C4 como dó central; ajustar conforme tessitura";Voicing teórico fechado. O desenvolvedor pode distribuir notas entre oitavas e omitir duplicações.;"Dicionário de acordes para teclado anexado; estrutura normalizada por teoria musical."
teclado-F7-3;teclado;F7;;F;Fá;sétima dominante;1 3 5 b7;3;3ª inversão;D#-F-A-C;D#|F|A|C;D#;F;D#-F-A-C;"C4 como dó central; ajustar conforme tessitura";Voicing teórico fechado. O desenvolvedor pode distribuir notas entre oitavas e omitir duplicações.;"Dicionário de acordes para teclado anexado; estrutura normalizada por teoria musical."
teclado-Fmaj7-0;teclado;Fmaj7;;F;Fá;sétima maior;1 3 5 7;0;posição fundamental;F-A-C-E;F|A|C|E;F;F;F-A-C-E;"C4 como dó central; ajustar conforme tessitura";Voicing teórico fechado. O desenvolvedor pode distribuir notas entre oitavas e omitir duplicações.;"Dicionário de acordes para teclado anexado; estrutura normalizada por teoria musical."
teclado-Fmaj7-1;teclado;Fmaj7;;F;Fá;sétima maior;1 3 5 7;1;1ª inversão;A-C-E-F;A|C|E|F;A;F;A-C-E-F;"C4 como dó central; ajustar conforme tessitura";Voicing teórico fechado. O desenvolvedor pode distribuir notas entre oitavas e omitir duplicações.;"Dicionário de acordes para teclado anexado; estrutura normalizada por teoria musical."
teclado-Fmaj7-2;teclado;Fmaj7;;F;Fá;sétima maior;1 3 5 7;2;2ª inversão;C-E-F-A;C|E|F|A;C;F;C-E-F-A;"C4 como dó central; ajustar conforme tessitura";Voicing teórico fechado. O desenvolvedor pode distribuir notas entre oitavas e omitir duplicações.;"Dicionário de acordes para teclado anexado; estrutura normalizada por teoria musical."
teclado-Fmaj7-3;teclado;Fmaj7;;F;Fá;sétima maior;1 3 5 7;3;3ª inversão;E-F-A-C;E|F|A|C;E;F;E-F-A-C;"C4 como dó central; ajustar conforme tessitura";Voicing teórico fechado. O desenvolvedor pode distribuir notas entre oitavas e omitir duplicações.;"Dicionário de acordes para teclado anexado; estrutura normalizada por teoria musical."
teclado-Fm7-0;teclado;Fm7;;F;Fá;menor com sétima;1 b3 5 b7;0;posição fundamental;F-G#-C-D#;F|G#|C|D#;F;F;F-G#-C-D#;"C4 como dó central; ajustar conforme tessitura";Voicing teórico fechado. O desenvolvedor pode distribuir notas entre oitavas e omitir duplicações.;"Dicionário de acordes para teclado anexado; estrutura normalizada por teoria musical."
teclado-Fm7-1;teclado;Fm7;;F;Fá;menor com sétima;1 b3 5 b7;1;1ª inversão;G#-C-D#-F;G#|C|D#|F;G#;F;G#-C-D#-F;"C4 como dó central; ajustar conforme tessitura";Voicing teórico fechado. O desenvolvedor pode distribuir notas entre oitavas e omitir duplicações.;"Dicionário de acordes para teclado anexado; estrutura normalizada por teoria musical."
teclado-Fm7-2;teclado;Fm7;;F;Fá;menor com sétima;1 b3 5 b7;2;2ª inversão;C-D#-F-G#;C|D#|F|G#;C;F;C-D#-F-G#;"C4 como dó central; ajustar conforme tessitura";Voicing teórico fechado. O desenvolvedor pode distribuir notas entre oitavas e omitir duplicações.;"Dicionário de acordes para teclado anexado; estrutura normalizada por teoria musical."
teclado-Fm7-3;teclado;Fm7;;F;Fá;menor com sétima;1 b3 5 b7;3;3ª inversão;D#-F-G#-C;D#|F|G#|C;D#;F;D#-F-G#-C;"C4 como dó central; ajustar conforme tessitura";Voicing teórico fechado. O desenvolvedor pode distribuir notas entre oitavas e omitir duplicações.;"Dicionário de acordes para teclado anexado; estrutura normalizada por teoria musical."
teclado-F6-0;teclado;F6;;F;Fá;sexta;1 3 5 6;0;posição fundamental;F-A-C-D;F|A|C|D;F;F;F-A-C-D;"C4 como dó central; ajustar conforme tessitura";Voicing teórico fechado. O desenvolvedor pode distribuir notas entre oitavas e omitir duplicações.;"Dicionário de acordes para teclado anexado; estrutura normalizada por teoria musical."
teclado-F6-1;teclado;F6;;F;Fá;sexta;1 3 5 6;1;1ª inversão;A-C-D-F;A|C|D|F;A;F;A-C-D-F;"C4 como dó central; ajustar conforme tessitura";Voicing teórico fechado. O desenvolvedor pode distribuir notas entre oitavas e omitir duplicações.;"Dicionário de acordes para teclado anexado; estrutura normalizada por teoria musical."
teclado-F6-2;teclado;F6;;F;Fá;sexta;1 3 5 6;2;2ª inversão;C-D-F-A;C|D|F|A;C;F;C-D-F-A;"C4 como dó central; ajustar conforme tessitura";Voicing teórico fechado. O desenvolvedor pode distribuir notas entre oitavas e omitir duplicações.;"Dicionário de acordes para teclado anexado; estrutura normalizada por teoria musical."
teclado-F6-3;teclado;F6;;F;Fá;sexta;1 3 5 6;3;3ª inversão;D-F-A-C;D|F|A|C;D;F;D-F-A-C;"C4 como dó central; ajustar conforme tessitura";Voicing teórico fechado. O desenvolvedor pode distribuir notas entre oitavas e omitir duplicações.;"Dicionário de acordes para teclado anexado; estrutura normalizada por teoria musical."
teclado-Fm6-0;teclado;Fm6;;F;Fá;menor com sexta;1 b3 5 6;0;posição fundamental;F-G#-C-D;F|G#|C|D;F;F;F-G#-C-D;"C4 como dó central; ajustar conforme tessitura";Voicing teórico fechado. O desenvolvedor pode distribuir notas entre oitavas e omitir duplicações.;"Dicionário de acordes para teclado anexado; estrutura normalizada por teoria musical."
teclado-Fm6-1;teclado;Fm6;;F;Fá;menor com sexta;1 b3 5 6;1;1ª inversão;G#-C-D-F;G#|C|D|F;G#;F;G#-C-D-F;"C4 como dó central; ajustar conforme tessitura";Voicing teórico fechado. O desenvolvedor pode distribuir notas entre oitavas e omitir duplicações.;"Dicionário de acordes para teclado anexado; estrutura normalizada por teoria musical."
teclado-Fm6-2;teclado;Fm6;;F;Fá;menor com sexta;1 b3 5 6;2;2ª inversão;C-D-F-G#;C|D|F|G#;C;F;C-D-F-G#;"C4 como dó central; ajustar conforme tessitura";Voicing teórico fechado. O desenvolvedor pode distribuir notas entre oitavas e omitir duplicações.;"Dicionário de acordes para teclado anexado; estrutura normalizada por teoria musical."
teclado-Fm6-3;teclado;Fm6;;F;Fá;menor com sexta;1 b3 5 6;3;3ª inversão;D-F-G#-C;D|F|G#|C;D;F;D-F-G#-C;"C4 como dó central; ajustar conforme tessitura";Voicing teórico fechado. O desenvolvedor pode distribuir notas entre oitavas e omitir duplicações.;"Dicionário de acordes para teclado anexado; estrutura normalizada por teoria musical."
teclado-Fdim-0;teclado;Fdim;;F;Fá;diminuto;1 b3 b5;0;posição fundamental;F-G#-B;F|G#|B;F;F;F-G#-B;"C4 como dó central; ajustar conforme tessitura";Voicing teórico fechado. O desenvolvedor pode distribuir notas entre oitavas e omitir duplicações.;"Dicionário de acordes para teclado anexado; estrutura normalizada por teoria musical."
teclado-Fdim-1;teclado;Fdim;;F;Fá;diminuto;1 b3 b5;1;1ª inversão;G#-B-F;G#|B|F;G#;F;G#-B-F;"C4 como dó central; ajustar conforme tessitura";Voicing teórico fechado. O desenvolvedor pode distribuir notas entre oitavas e omitir duplicações.;"Dicionário de acordes para teclado anexado; estrutura normalizada por teoria musical."
teclado-Fdim-2;teclado;Fdim;;F;Fá;diminuto;1 b3 b5;2;2ª inversão;B-F-G#;B|F|G#;B;F;B-F-G#;"C4 como dó central; ajustar conforme tessitura";Voicing teórico fechado. O desenvolvedor pode distribuir notas entre oitavas e omitir duplicações.;"Dicionário de acordes para teclado anexado; estrutura normalizada por teoria musical."
teclado-Fdim7-0;teclado;Fdim7;;F;Fá;diminuto com sétima;1 b3 b5 bb7;0;posição fundamental;F-G#-B-D;F|G#|B|D;F;F;F-G#-B-D;"C4 como dó central; ajustar conforme tessitura";Voicing teórico fechado. O desenvolvedor pode distribuir notas entre oitavas e omitir duplicações.;"Dicionário de acordes para teclado anexado; estrutura normalizada por teoria musical."
teclado-Fdim7-1;teclado;Fdim7;;F;Fá;diminuto com sétima;1 b3 b5 bb7;1;1ª inversão;G#-B-D-F;G#|B|D|F;G#;F;G#-B-D-F;"C4 como dó central; ajustar conforme tessitura";Voicing teórico fechado. O desenvolvedor pode distribuir notas entre oitavas e omitir duplicações.;"Dicionário de acordes para teclado anexado; estrutura normalizada por teoria musical."
teclado-Fdim7-2;teclado;Fdim7;;F;Fá;diminuto com sétima;1 b3 b5 bb7;2;2ª inversão;B-D-F-G#;B|D|F|G#;B;F;B-D-F-G#;"C4 como dó central; ajustar conforme tessitura";Voicing teórico fechado. O desenvolvedor pode distribuir notas entre oitavas e omitir duplicações.;"Dicionário de acordes para teclado anexado; estrutura normalizada por teoria musical."
teclado-Fdim7-3;teclado;Fdim7;;F;Fá;diminuto com sétima;1 b3 b5 bb7;3;3ª inversão;D-F-G#-B;D|F|G#|B;D;F;D-F-G#-B;"C4 como dó central; ajustar conforme tessitura";Voicing teórico fechado. O desenvolvedor pode distribuir notas entre oitavas e omitir duplicações.;"Dicionário de acordes para teclado anexado; estrutura normalizada por teoria musical."
teclado-Faug-0;teclado;Faug;;F;Fá;aumentado;1 3 #5;0;posição fundamental;F-A-C#;F|A|C#;F;F;F-A-C#;"C4 como dó central; ajustar conforme tessitura";Voicing teórico fechado. O desenvolvedor pode distribuir notas entre oitavas e omitir duplicações.;"Dicionário de acordes para teclado anexado; estrutura normalizada por teoria musical."
teclado-Faug-1;teclado;Faug;;F;Fá;aumentado;1 3 #5;1;1ª inversão;A-C#-F;A|C#|F;A;F;A-C#-F;"C4 como dó central; ajustar conforme tessitura";Voicing teórico fechado. O desenvolvedor pode distribuir notas entre oitavas e omitir duplicações.;"Dicionário de acordes para teclado anexado; estrutura normalizada por teoria musical."
teclado-Faug-2;teclado;Faug;;F;Fá;aumentado;1 3 #5;2;2ª inversão;C#-F-A;C#|F|A;C#;F;C#-F-A;"C4 como dó central; ajustar conforme tessitura";Voicing teórico fechado. O desenvolvedor pode distribuir notas entre oitavas e omitir duplicações.;"Dicionário de acordes para teclado anexado; estrutura normalizada por teoria musical."
teclado-Fsus2-0;teclado;Fsus2;;F;Fá;suspenso com segunda;1 2 5;0;posição fundamental;F-G-C;F|G|C;F;F;F-G-C;"C4 como dó central; ajustar conforme tessitura";Voicing teórico fechado. O desenvolvedor pode distribuir notas entre oitavas e omitir duplicações.;"Dicionário de acordes para teclado anexado; estrutura normalizada por teoria musical."
teclado-Fsus2-1;teclado;Fsus2;;F;Fá;suspenso com segunda;1 2 5;1;1ª inversão;G-C-F;G|C|F;G;F;G-C-F;"C4 como dó central; ajustar conforme tessitura";Voicing teórico fechado. O desenvolvedor pode distribuir notas entre oitavas e omitir duplicações.;"Dicionário de acordes para teclado anexado; estrutura normalizada por teoria musical."
teclado-Fsus2-2;teclado;Fsus2;;F;Fá;suspenso com segunda;1 2 5;2;2ª inversão;C-F-G;C|F|G;C;F;C-F-G;"C4 como dó central; ajustar conforme tessitura";Voicing teórico fechado. O desenvolvedor pode distribuir notas entre oitavas e omitir duplicações.;"Dicionário de acordes para teclado anexado; estrutura normalizada por teoria musical."
teclado-Fsus4-0;teclado;Fsus4;;F;Fá;suspenso com quarta;1 4 5;0;posição fundamental;F-A#-C;F|A#|C;F;F;F-A#-C;"C4 como dó central; ajustar conforme tessitura";Voicing teórico fechado. O desenvolvedor pode distribuir notas entre oitavas e omitir duplicações.;"Dicionário de acordes para teclado anexado; estrutura normalizada por teoria musical."
teclado-Fsus4-1;teclado;Fsus4;;F;Fá;suspenso com quarta;1 4 5;1;1ª inversão;A#-C-F;A#|C|F;A#;F;A#-C-F;"C4 como dó central; ajustar conforme tessitura";Voicing teórico fechado. O desenvolvedor pode distribuir notas entre oitavas e omitir duplicações.;"Dicionário de acordes para teclado anexado; estrutura normalizada por teoria musical."
teclado-Fsus4-2;teclado;Fsus4;;F;Fá;suspenso com quarta;1 4 5;2;2ª inversão;C-F-A#;C|F|A#;C;F;C-F-A#;"C4 como dó central; ajustar conforme tessitura";Voicing teórico fechado. O desenvolvedor pode distribuir notas entre oitavas e omitir duplicações.;"Dicionário de acordes para teclado anexado; estrutura normalizada por teoria musical."
teclado-Fadd9-0;teclado;Fadd9;;F;Fá;com nona adicionada;1 3 5 9;0;posição fundamental;F-G-A-C;F|G|A|C;F;F;F-G-A-C;"C4 como dó central; ajustar conforme tessitura";Voicing teórico fechado. O desenvolvedor pode distribuir notas entre oitavas e omitir duplicações.;"Dicionário de acordes para teclado anexado; estrutura normalizada por teoria musical."
teclado-Fadd9-1;teclado;Fadd9;;F;Fá;com nona adicionada;1 3 5 9;1;1ª inversão;G-A-C-F;G|A|C|F;G;F;G-A-C-F;"C4 como dó central; ajustar conforme tessitura";Voicing teórico fechado. O desenvolvedor pode distribuir notas entre oitavas e omitir duplicações.;"Dicionário de acordes para teclado anexado; estrutura normalizada por teoria musical."
teclado-Fadd9-2;teclado;Fadd9;;F;Fá;com nona adicionada;1 3 5 9;2;2ª inversão;A-C-F-G;A|C|F|G;A;F;A-C-F-G;"C4 como dó central; ajustar conforme tessitura";Voicing teórico fechado. O desenvolvedor pode distribuir notas entre oitavas e omitir duplicações.;"Dicionário de acordes para teclado anexado; estrutura normalizada por teoria musical."
teclado-Fadd9-3;teclado;Fadd9;;F;Fá;com nona adicionada;1 3 5 9;3;3ª inversão;C-F-G-A;C|F|G|A;C;F;C-F-G-A;"C4 como dó central; ajustar conforme tessitura";Voicing teórico fechado. O desenvolvedor pode distribuir notas entre oitavas e omitir duplicações.;"Dicionário de acordes para teclado anexado; estrutura normalizada por teoria musical."
teclado-F9-0;teclado;F9;;F;Fá;nona dominante;1 3 5 b7 9;0;posição fundamental;F-G-A-C-D#;F|G|A|C|D#;F;F;F-G-A-C-D#;"C4 como dó central; ajustar conforme tessitura";Voicing teórico fechado. O desenvolvedor pode distribuir notas entre oitavas e omitir duplicações.;"Dicionário de acordes para teclado anexado; estrutura normalizada por teoria musical."
teclado-F9-1;teclado;F9;;F;Fá;nona dominante;1 3 5 b7 9;1;1ª inversão;G-A-C-D#-F;G|A|C|D#|F;G;F;G-A-C-D#-F;"C4 como dó central; ajustar conforme tessitura";Voicing teórico fechado. O desenvolvedor pode distribuir notas entre oitavas e omitir duplicações.;"Dicionário de acordes para teclado anexado; estrutura normalizada por teoria musical."
teclado-F9-2;teclado;F9;;F;Fá;nona dominante;1 3 5 b7 9;2;2ª inversão;A-C-D#-F-G;A|C|D#|F|G;A;F;A-C-D#-F-G;"C4 como dó central; ajustar conforme tessitura";Voicing teórico fechado. O desenvolvedor pode distribuir notas entre oitavas e omitir duplicações.;"Dicionário de acordes para teclado anexado; estrutura normalizada por teoria musical."
teclado-F9-3;teclado;F9;;F;Fá;nona dominante;1 3 5 b7 9;3;3ª inversão;C-D#-F-G-A;C|D#|F|G|A;C;F;C-D#-F-G-A;"C4 como dó central; ajustar conforme tessitura";Voicing teórico fechado. O desenvolvedor pode distribuir notas entre oitavas e omitir duplicações.;"Dicionário de acordes para teclado anexado; estrutura normalizada por teoria musical."
teclado-F9-4;teclado;F9;;F;Fá;nona dominante;1 3 5 b7 9;4;4ª inversão;D#-F-G-A-C;D#|F|G|A|C;D#;F;D#-F-G-A-C;"C4 como dó central; ajustar conforme tessitura";Voicing teórico fechado. O desenvolvedor pode distribuir notas entre oitavas e omitir duplicações.;"Dicionário de acordes para teclado anexado; estrutura normalizada por teoria musical."
teclado-Fmaj9-0;teclado;Fmaj9;;F;Fá;nona maior;1 3 5 7 9;0;posição fundamental;F-G-A-C-E;F|G|A|C|E;F;F;F-G-A-C-E;"C4 como dó central; ajustar conforme tessitura";Voicing teórico fechado. O desenvolvedor pode distribuir notas entre oitavas e omitir duplicações.;"Dicionário de acordes para teclado anexado; estrutura normalizada por teoria musical."
teclado-Fmaj9-1;teclado;Fmaj9;;F;Fá;nona maior;1 3 5 7 9;1;1ª inversão;G-A-C-E-F;G|A|C|E|F;G;F;G-A-C-E-F;"C4 como dó central; ajustar conforme tessitura";Voicing teórico fechado. O desenvolvedor pode distribuir notas entre oitavas e omitir duplicações.;"Dicionário de acordes para teclado anexado; estrutura normalizada por teoria musical."
teclado-Fmaj9-2;teclado;Fmaj9;;F;Fá;nona maior;1 3 5 7 9;2;2ª inversão;A-C-E-F-G;A|C|E|F|G;A;F;A-C-E-F-G;"C4 como dó central; ajustar conforme tessitura";Voicing teórico fechado. O desenvolvedor pode distribuir notas entre oitavas e omitir duplicações.;"Dicionário de acordes para teclado anexado; estrutura normalizada por teoria musical."
teclado-Fmaj9-3;teclado;Fmaj9;;F;Fá;nona maior;1 3 5 7 9;3;3ª inversão;C-E-F-G-A;C|E|F|G|A;C;F;C-E-F-G-A;"C4 como dó central; ajustar conforme tessitura";Voicing teórico fechado. O desenvolvedor pode distribuir notas entre oitavas e omitir duplicações.;"Dicionário de acordes para teclado anexado; estrutura normalizada por teoria musical."
teclado-Fmaj9-4;teclado;Fmaj9;;F;Fá;nona maior;1 3 5 7 9;4;4ª inversão;E-F-G-A-C;E|F|G|A|C;E;F;E-F-G-A-C;"C4 como dó central; ajustar conforme tessitura";Voicing teórico fechado. O desenvolvedor pode distribuir notas entre oitavas e omitir duplicações.;"Dicionário de acordes para teclado anexado; estrutura normalizada por teoria musical."
teclado-Fm9-0;teclado;Fm9;;F;Fá;menor com nona;1 b3 5 b7 9;0;posição fundamental;F-G-G#-C-D#;F|G|G#|C|D#;F;F;F-G-G#-C-D#;"C4 como dó central; ajustar conforme tessitura";Voicing teórico fechado. O desenvolvedor pode distribuir notas entre oitavas e omitir duplicações.;"Dicionário de acordes para teclado anexado; estrutura normalizada por teoria musical."
teclado-Fm9-1;teclado;Fm9;;F;Fá;menor com nona;1 b3 5 b7 9;1;1ª inversão;G-G#-C-D#-F;G|G#|C|D#|F;G;F;G-G#-C-D#-F;"C4 como dó central; ajustar conforme tessitura";Voicing teórico fechado. O desenvolvedor pode distribuir notas entre oitavas e omitir duplicações.;"Dicionário de acordes para teclado anexado; estrutura normalizada por teoria musical."
teclado-Fm9-2;teclado;Fm9;;F;Fá;menor com nona;1 b3 5 b7 9;2;2ª inversão;G#-C-D#-F-G;G#|C|D#|F|G;G#;F;G#-C-D#-F-G;"C4 como dó central; ajustar conforme tessitura";Voicing teórico fechado. O desenvolvedor pode distribuir notas entre oitavas e omitir duplicações.;"Dicionário de acordes para teclado anexado; estrutura normalizada por teoria musical."
teclado-Fm9-3;teclado;Fm9;;F;Fá;menor com nona;1 b3 5 b7 9;3;3ª inversão;C-D#-F-G-G#;C|D#|F|G|G#;C;F;C-D#-F-G-G#;"C4 como dó central; ajustar conforme tessitura";Voicing teórico fechado. O desenvolvedor pode distribuir notas entre oitavas e omitir duplicações.;"Dicionário de acordes para teclado anexado; estrutura normalizada por teoria musical."
teclado-Fm9-4;teclado;Fm9;;F;Fá;menor com nona;1 b3 5 b7 9;4;4ª inversão;D#-F-G-G#-C;D#|F|G|G#|C;D#;F;D#-F-G-G#-C;"C4 como dó central; ajustar conforme tessitura";Voicing teórico fechado. O desenvolvedor pode distribuir notas entre oitavas e omitir duplicações.;"Dicionário de acordes para teclado anexado; estrutura normalizada por teoria musical."
teclado-F11-0;teclado;F11;;F;Fá;décima primeira;1 3 5 b7 9 11;0;posição fundamental;F-G-A-A#-C-D#;F|G|A|A#|C|D#;F;F;F-G-A-A#-C-D#;"C4 como dó central; ajustar conforme tessitura";Voicing teórico fechado. O desenvolvedor pode distribuir notas entre oitavas e omitir duplicações.;"Dicionário de acordes para teclado anexado; estrutura normalizada por teoria musical."
teclado-F11-1;teclado;F11;;F;Fá;décima primeira;1 3 5 b7 9 11;1;1ª inversão;G-A-A#-C-D#-F;G|A|A#|C|D#|F;G;F;G-A-A#-C-D#-F;"C4 como dó central; ajustar conforme tessitura";Voicing teórico fechado. O desenvolvedor pode distribuir notas entre oitavas e omitir duplicações.;"Dicionário de acordes para teclado anexado; estrutura normalizada por teoria musical."
teclado-F11-2;teclado;F11;;F;Fá;décima primeira;1 3 5 b7 9 11;2;2ª inversão;A-A#-C-D#-F-G;A|A#|C|D#|F|G;A;F;A-A#-C-D#-F-G;"C4 como dó central; ajustar conforme tessitura";Voicing teórico fechado. O desenvolvedor pode distribuir notas entre oitavas e omitir duplicações.;"Dicionário de acordes para teclado anexado; estrutura normalizada por teoria musical."
teclado-F11-3;teclado;F11;;F;Fá;décima primeira;1 3 5 b7 9 11;3;3ª inversão;A#-C-D#-F-G-A;A#|C|D#|F|G|A;A#;F;A#-C-D#-F-G-A;"C4 como dó central; ajustar conforme tessitura";Voicing teórico fechado. O desenvolvedor pode distribuir notas entre oitavas e omitir duplicações.;"Dicionário de acordes para teclado anexado; estrutura normalizada por teoria musical."
teclado-F11-4;teclado;F11;;F;Fá;décima primeira;1 3 5 b7 9 11;4;4ª inversão;C-D#-F-G-A-A#;C|D#|F|G|A|A#;C;F;C-D#-F-G-A-A#;"C4 como dó central; ajustar conforme tessitura";Voicing teórico fechado. O desenvolvedor pode distribuir notas entre oitavas e omitir duplicações.;"Dicionário de acordes para teclado anexado; estrutura normalizada por teoria musical."
teclado-F11-5;teclado;F11;;F;Fá;décima primeira;1 3 5 b7 9 11;5;5ª inversão;D#-F-G-A-A#-C;D#|F|G|A|A#|C;D#;F;D#-F-G-A-A#-C;"C4 como dó central; ajustar conforme tessitura";Voicing teórico fechado. O desenvolvedor pode distribuir notas entre oitavas e omitir duplicações.;"Dicionário de acordes para teclado anexado; estrutura normalizada por teoria musical."
teclado-Fm11-0;teclado;Fm11;;F;Fá;menor com décima primeira;1 b3 5 b7 9 11;0;posição fundamental;F-G-G#-A#-C-D#;F|G|G#|A#|C|D#;F;F;F-G-G#-A#-C-D#;"C4 como dó central; ajustar conforme tessitura";Voicing teórico fechado. O desenvolvedor pode distribuir notas entre oitavas e omitir duplicações.;"Dicionário de acordes para teclado anexado; estrutura normalizada por teoria musical."
teclado-Fm11-1;teclado;Fm11;;F;Fá;menor com décima primeira;1 b3 5 b7 9 11;1;1ª inversão;G-G#-A#-C-D#-F;G|G#|A#|C|D#|F;G;F;G-G#-A#-C-D#-F;"C4 como dó central; ajustar conforme tessitura";Voicing teórico fechado. O desenvolvedor pode distribuir notas entre oitavas e omitir duplicações.;"Dicionário de acordes para teclado anexado; estrutura normalizada por teoria musical."
teclado-Fm11-2;teclado;Fm11;;F;Fá;menor com décima primeira;1 b3 5 b7 9 11;2;2ª inversão;G#-A#-C-D#-F-G;G#|A#|C|D#|F|G;G#;F;G#-A#-C-D#-F-G;"C4 como dó central; ajustar conforme tessitura";Voicing teórico fechado. O desenvolvedor pode distribuir notas entre oitavas e omitir duplicações.;"Dicionário de acordes para teclado anexado; estrutura normalizada por teoria musical."
teclado-Fm11-3;teclado;Fm11;;F;Fá;menor com décima primeira;1 b3 5 b7 9 11;3;3ª inversão;A#-C-D#-F-G-G#;A#|C|D#|F|G|G#;A#;F;A#-C-D#-F-G-G#;"C4 como dó central; ajustar conforme tessitura";Voicing teórico fechado. O desenvolvedor pode distribuir notas entre oitavas e omitir duplicações.;"Dicionário de acordes para teclado anexado; estrutura normalizada por teoria musical."
teclado-Fm11-4;teclado;Fm11;;F;Fá;menor com décima primeira;1 b3 5 b7 9 11;4;4ª inversão;C-D#-F-G-G#-A#;C|D#|F|G|G#|A#;C;F;C-D#-F-G-G#-A#;"C4 como dó central; ajustar conforme tessitura";Voicing teórico fechado. O desenvolvedor pode distribuir notas entre oitavas e omitir duplicações.;"Dicionário de acordes para teclado anexado; estrutura normalizada por teoria musical."
teclado-Fm11-5;teclado;Fm11;;F;Fá;menor com décima primeira;1 b3 5 b7 9 11;5;5ª inversão;D#-F-G-G#-A#-C;D#|F|G|G#|A#|C;D#;F;D#-F-G-G#-A#-C;"C4 como dó central; ajustar conforme tessitura";Voicing teórico fechado. O desenvolvedor pode distribuir notas entre oitavas e omitir duplicações.;"Dicionário de acordes para teclado anexado; estrutura normalizada por teoria musical."
teclado-F13-0;teclado;F13;;F;Fá;décima terceira;1 3 5 b7 9 13;0;posição fundamental;F-G-A-C-D-D#;F|G|A|C|D|D#;F;F;F-G-A-C-D-D#;"C4 como dó central; ajustar conforme tessitura";Voicing teórico fechado. O desenvolvedor pode distribuir notas entre oitavas e omitir duplicações.;"Dicionário de acordes para teclado anexado; estrutura normalizada por teoria musical."
teclado-F13-1;teclado;F13;;F;Fá;décima terceira;1 3 5 b7 9 13;1;1ª inversão;G-A-C-D-D#-F;G|A|C|D|D#|F;G;F;G-A-C-D-D#-F;"C4 como dó central; ajustar conforme tessitura";Voicing teórico fechado. O desenvolvedor pode distribuir notas entre oitavas e omitir duplicações.;"Dicionário de acordes para teclado anexado; estrutura normalizada por teoria musical."
teclado-F13-2;teclado;F13;;F;Fá;décima terceira;1 3 5 b7 9 13;2;2ª inversão;A-C-D-D#-F-G;A|C|D|D#|F|G;A;F;A-C-D-D#-F-G;"C4 como dó central; ajustar conforme tessitura";Voicing teórico fechado. O desenvolvedor pode distribuir notas entre oitavas e omitir duplicações.;"Dicionário de acordes para teclado anexado; estrutura normalizada por teoria musical."
teclado-F13-3;teclado;F13;;F;Fá;décima terceira;1 3 5 b7 9 13;3;3ª inversão;C-D-D#-F-G-A;C|D|D#|F|G|A;C;F;C-D-D#-F-G-A;"C4 como dó central; ajustar conforme tessitura";Voicing teórico fechado. O desenvolvedor pode distribuir notas entre oitavas e omitir duplicações.;"Dicionário de acordes para teclado anexado; estrutura normalizada por teoria musical."
teclado-F13-4;teclado;F13;;F;Fá;décima terceira;1 3 5 b7 9 13;4;4ª inversão;D-D#-F-G-A-C;D|D#|F|G|A|C;D;F;D-D#-F-G-A-C;"C4 como dó central; ajustar conforme tessitura";Voicing teórico fechado. O desenvolvedor pode distribuir notas entre oitavas e omitir duplicações.;"Dicionário de acordes para teclado anexado; estrutura normalizada por teoria musical."
teclado-F13-5;teclado;F13;;F;Fá;décima terceira;1 3 5 b7 9 13;5;5ª inversão;D#-F-G-A-C-D;D#|F|G|A|C|D;D#;F;D#-F-G-A-C-D;"C4 como dó central; ajustar conforme tessitura";Voicing teórico fechado. O desenvolvedor pode distribuir notas entre oitavas e omitir duplicações.;"Dicionário de acordes para teclado anexado; estrutura normalizada por teoria musical."
teclado-Fm13-0;teclado;Fm13;;F;Fá;menor com décima terceira;1 b3 5 b7 9 13;0;posição fundamental;F-G-G#-C-D-D#;F|G|G#|C|D|D#;F;F;F-G-G#-C-D-D#;"C4 como dó central; ajustar conforme tessitura";Voicing teórico fechado. O desenvolvedor pode distribuir notas entre oitavas e omitir duplicações.;"Dicionário de acordes para teclado anexado; estrutura normalizada por teoria musical."
teclado-Fm13-1;teclado;Fm13;;F;Fá;menor com décima terceira;1 b3 5 b7 9 13;1;1ª inversão;G-G#-C-D-D#-F;G|G#|C|D|D#|F;G;F;G-G#-C-D-D#-F;"C4 como dó central; ajustar conforme tessitura";Voicing teórico fechado. O desenvolvedor pode distribuir notas entre oitavas e omitir duplicações.;"Dicionário de acordes para teclado anexado; estrutura normalizada por teoria musical."
teclado-Fm13-2;teclado;Fm13;;F;Fá;menor com décima terceira;1 b3 5 b7 9 13;2;2ª inversão;G#-C-D-D#-F-G;G#|C|D|D#|F|G;G#;F;G#-C-D-D#-F-G;"C4 como dó central; ajustar conforme tessitura";Voicing teórico fechado. O desenvolvedor pode distribuir notas entre oitavas e omitir duplicações.;"Dicionário de acordes para teclado anexado; estrutura normalizada por teoria musical."
teclado-Fm13-3;teclado;Fm13;;F;Fá;menor com décima terceira;1 b3 5 b7 9 13;3;3ª inversão;C-D-D#-F-G-G#;C|D|D#|F|G|G#;C;F;C-D-D#-F-G-G#;"C4 como dó central; ajustar conforme tessitura";Voicing teórico fechado. O desenvolvedor pode distribuir notas entre oitavas e omitir duplicações.;"Dicionário de acordes para teclado anexado; estrutura normalizada por teoria musical."
teclado-Fm13-4;teclado;Fm13;;F;Fá;menor com décima terceira;1 b3 5 b7 9 13;4;4ª inversão;D-D#-F-G-G#-C;D|D#|F|G|G#|C;D;F;D-D#-F-G-G#-C;"C4 como dó central; ajustar conforme tessitura";Voicing teórico fechado. O desenvolvedor pode distribuir notas entre oitavas e omitir duplicações.;"Dicionário de acordes para teclado anexado; estrutura normalizada por teoria musical."
teclado-Fm13-5;teclado;Fm13;;F;Fá;menor com décima terceira;1 b3 5 b7 9 13;5;5ª inversão;D#-F-G-G#-C-D;D#|F|G|G#|C|D;D#;F;D#-F-G-G#-C-D;"C4 como dó central; ajustar conforme tessitura";Voicing teórico fechado. O desenvolvedor pode distribuir notas entre oitavas e omitir duplicações.;"Dicionário de acordes para teclado anexado; estrutura normalizada por teoria musical."
teclado-F7b5-0;teclado;F7b5;;F;Fá;sétima com quinta diminuta;1 3 b5 b7;0;posição fundamental;F-A-B-D#;F|A|B|D#;F;F;F-A-B-D#;"C4 como dó central; ajustar conforme tessitura";Voicing teórico fechado. O desenvolvedor pode distribuir notas entre oitavas e omitir duplicações.;"Dicionário de acordes para teclado anexado; estrutura normalizada por teoria musical."
teclado-F7b5-1;teclado;F7b5;;F;Fá;sétima com quinta diminuta;1 3 b5 b7;1;1ª inversão;A-B-D#-F;A|B|D#|F;A;F;A-B-D#-F;"C4 como dó central; ajustar conforme tessitura";Voicing teórico fechado. O desenvolvedor pode distribuir notas entre oitavas e omitir duplicações.;"Dicionário de acordes para teclado anexado; estrutura normalizada por teoria musical."
teclado-F7b5-2;teclado;F7b5;;F;Fá;sétima com quinta diminuta;1 3 b5 b7;2;2ª inversão;B-D#-F-A;B|D#|F|A;B;F;B-D#-F-A;"C4 como dó central; ajustar conforme tessitura";Voicing teórico fechado. O desenvolvedor pode distribuir notas entre oitavas e omitir duplicações.;"Dicionário de acordes para teclado anexado; estrutura normalizada por teoria musical."
teclado-F7b5-3;teclado;F7b5;;F;Fá;sétima com quinta diminuta;1 3 b5 b7;3;3ª inversão;D#-F-A-B;D#|F|A|B;D#;F;D#-F-A-B;"C4 como dó central; ajustar conforme tessitura";Voicing teórico fechado. O desenvolvedor pode distribuir notas entre oitavas e omitir duplicações.;"Dicionário de acordes para teclado anexado; estrutura normalizada por teoria musical."
teclado-F7#5-0;teclado;F7#5;;F;Fá;sétima com quinta aumentada;1 3 #5 b7;0;posição fundamental;F-A-C#-D#;F|A|C#|D#;F;F;F-A-C#-D#;"C4 como dó central; ajustar conforme tessitura";Voicing teórico fechado. O desenvolvedor pode distribuir notas entre oitavas e omitir duplicações.;"Dicionário de acordes para teclado anexado; estrutura normalizada por teoria musical."
teclado-F7#5-1;teclado;F7#5;;F;Fá;sétima com quinta aumentada;1 3 #5 b7;1;1ª inversão;A-C#-D#-F;A|C#|D#|F;A;F;A-C#-D#-F;"C4 como dó central; ajustar conforme tessitura";Voicing teórico fechado. O desenvolvedor pode distribuir notas entre oitavas e omitir duplicações.;"Dicionário de acordes para teclado anexado; estrutura normalizada por teoria musical."
teclado-F7#5-2;teclado;F7#5;;F;Fá;sétima com quinta aumentada;1 3 #5 b7;2;2ª inversão;C#-D#-F-A;C#|D#|F|A;C#;F;C#-D#-F-A;"C4 como dó central; ajustar conforme tessitura";Voicing teórico fechado. O desenvolvedor pode distribuir notas entre oitavas e omitir duplicações.;"Dicionário de acordes para teclado anexado; estrutura normalizada por teoria musical."
teclado-F7#5-3;teclado;F7#5;;F;Fá;sétima com quinta aumentada;1 3 #5 b7;3;3ª inversão;D#-F-A-C#;D#|F|A|C#;D#;F;D#-F-A-C#;"C4 como dó central; ajustar conforme tessitura";Voicing teórico fechado. O desenvolvedor pode distribuir notas entre oitavas e omitir duplicações.;"Dicionário de acordes para teclado anexado; estrutura normalizada por teoria musical."
teclado-F7b9-0;teclado;F7b9;;F;Fá;sétima com nona menor;1 b9 3 5 b7;0;posição fundamental;F-F#-A-C-D#;F|F#|A|C|D#;F;F;F-F#-A-C-D#;"C4 como dó central; ajustar conforme tessitura";Voicing teórico fechado. O desenvolvedor pode distribuir notas entre oitavas e omitir duplicações.;"Dicionário de acordes para teclado anexado; estrutura normalizada por teoria musical."
teclado-F7b9-1;teclado;F7b9;;F;Fá;sétima com nona menor;1 b9 3 5 b7;1;1ª inversão;F#-A-C-D#-F;F#|A|C|D#|F;F#;F;F#-A-C-D#-F;"C4 como dó central; ajustar conforme tessitura";Voicing teórico fechado. O desenvolvedor pode distribuir notas entre oitavas e omitir duplicações.;"Dicionário de acordes para teclado anexado; estrutura normalizada por teoria musical."
teclado-F7b9-2;teclado;F7b9;;F;Fá;sétima com nona menor;1 b9 3 5 b7;2;2ª inversão;A-C-D#-F-F#;A|C|D#|F|F#;A;F;A-C-D#-F-F#;"C4 como dó central; ajustar conforme tessitura";Voicing teórico fechado. O desenvolvedor pode distribuir notas entre oitavas e omitir duplicações.;"Dicionário de acordes para teclado anexado; estrutura normalizada por teoria musical."
teclado-F7b9-3;teclado;F7b9;;F;Fá;sétima com nona menor;1 b9 3 5 b7;3;3ª inversão;C-D#-F-F#-A;C|D#|F|F#|A;C;F;C-D#-F-F#-A;"C4 como dó central; ajustar conforme tessitura";Voicing teórico fechado. O desenvolvedor pode distribuir notas entre oitavas e omitir duplicações.;"Dicionário de acordes para teclado anexado; estrutura normalizada por teoria musical."
teclado-F7b9-4;teclado;F7b9;;F;Fá;sétima com nona menor;1 b9 3 5 b7;4;4ª inversão;D#-F-F#-A-C;D#|F|F#|A|C;D#;F;D#-F-F#-A-C;"C4 como dó central; ajustar conforme tessitura";Voicing teórico fechado. O desenvolvedor pode distribuir notas entre oitavas e omitir duplicações.;"Dicionário de acordes para teclado anexado; estrutura normalizada por teoria musical."
teclado-F7#9-0;teclado;F7#9;;F;Fá;sétima com nona aumentada;1 #9 3 5 b7;0;posição fundamental;F-G#-A-C-D#;F|G#|A|C|D#;F;F;F-G#-A-C-D#;"C4 como dó central; ajustar conforme tessitura";Voicing teórico fechado. O desenvolvedor pode distribuir notas entre oitavas e omitir duplicações.;"Dicionário de acordes para teclado anexado; estrutura normalizada por teoria musical."
teclado-F7#9-1;teclado;F7#9;;F;Fá;sétima com nona aumentada;1 #9 3 5 b7;1;1ª inversão;G#-A-C-D#-F;G#|A|C|D#|F;G#;F;G#-A-C-D#-F;"C4 como dó central; ajustar conforme tessitura";Voicing teórico fechado. O desenvolvedor pode distribuir notas entre oitavas e omitir duplicações.;"Dicionário de acordes para teclado anexado; estrutura normalizada por teoria musical."
teclado-F7#9-2;teclado;F7#9;;F;Fá;sétima com nona aumentada;1 #9 3 5 b7;2;2ª inversão;A-C-D#-F-G#;A|C|D#|F|G#;A;F;A-C-D#-F-G#;"C4 como dó central; ajustar conforme tessitura";Voicing teórico fechado. O desenvolvedor pode distribuir notas entre oitavas e omitir duplicações.;"Dicionário de acordes para teclado anexado; estrutura normalizada por teoria musical."
teclado-F7#9-3;teclado;F7#9;;F;Fá;sétima com nona aumentada;1 #9 3 5 b7;3;3ª inversão;C-D#-F-G#-A;C|D#|F|G#|A;C;F;C-D#-F-G#-A;"C4 como dó central; ajustar conforme tessitura";Voicing teórico fechado. O desenvolvedor pode distribuir notas entre oitavas e omitir duplicações.;"Dicionário de acordes para teclado anexado; estrutura normalizada por teoria musical."
teclado-F7#9-4;teclado;F7#9;;F;Fá;sétima com nona aumentada;1 #9 3 5 b7;4;4ª inversão;D#-F-G#-A-C;D#|F|G#|A|C;D#;F;D#-F-G#-A-C;"C4 como dó central; ajustar conforme tessitura";Voicing teórico fechado. O desenvolvedor pode distribuir notas entre oitavas e omitir duplicações.;"Dicionário de acordes para teclado anexado; estrutura normalizada por teoria musical."
teclado-F5-0;teclado;F5;;F;Fá;quinta (power chord);1 5;0;posição fundamental;F-C;F|C;F;F;F-C;"C4 como dó central; ajustar conforme tessitura";Voicing teórico fechado. O desenvolvedor pode distribuir notas entre oitavas e omitir duplicações.;"Dicionário de acordes para teclado anexado; estrutura normalizada por teoria musical."
teclado-F5-1;teclado;F5;;F;Fá;quinta (power chord);1 5;1;1ª inversão;C-F;C|F;C;F;C-F;"C4 como dó central; ajustar conforme tessitura";Voicing teórico fechado. O desenvolvedor pode distribuir notas entre oitavas e omitir duplicações.;"Dicionário de acordes para teclado anexado; estrutura normalizada por teoria musical."
teclado-F#-0;teclado;F#;Gb;F#;Fá sustenido;maior;1 3 5;0;posição fundamental;F#-A#-C#;F#|A#|C#;F#;F#;F#-A#-C#;"C4 como dó central; ajustar conforme tessitura";Voicing teórico fechado. O desenvolvedor pode distribuir notas entre oitavas e omitir duplicações.;"Dicionário de acordes para teclado anexado; estrutura normalizada por teoria musical."
teclado-F#-1;teclado;F#;Gb;F#;Fá sustenido;maior;1 3 5;1;1ª inversão;A#-C#-F#;A#|C#|F#;A#;F#;A#-C#-F#;"C4 como dó central; ajustar conforme tessitura";Voicing teórico fechado. O desenvolvedor pode distribuir notas entre oitavas e omitir duplicações.;"Dicionário de acordes para teclado anexado; estrutura normalizada por teoria musical."
teclado-F#-2;teclado;F#;Gb;F#;Fá sustenido;maior;1 3 5;2;2ª inversão;C#-F#-A#;C#|F#|A#;C#;F#;C#-F#-A#;"C4 como dó central; ajustar conforme tessitura";Voicing teórico fechado. O desenvolvedor pode distribuir notas entre oitavas e omitir duplicações.;"Dicionário de acordes para teclado anexado; estrutura normalizada por teoria musical."
teclado-F#m-0;teclado;F#m;Gbm;F#;Fá sustenido;menor;1 b3 5;0;posição fundamental;F#-A-C#;F#|A|C#;F#;F#;F#-A-C#;"C4 como dó central; ajustar conforme tessitura";Voicing teórico fechado. O desenvolvedor pode distribuir notas entre oitavas e omitir duplicações.;"Dicionário de acordes para teclado anexado; estrutura normalizada por teoria musical."
teclado-F#m-1;teclado;F#m;Gbm;F#;Fá sustenido;menor;1 b3 5;1;1ª inversão;A-C#-F#;A|C#|F#;A;F#;A-C#-F#;"C4 como dó central; ajustar conforme tessitura";Voicing teórico fechado. O desenvolvedor pode distribuir notas entre oitavas e omitir duplicações.;"Dicionário de acordes para teclado anexado; estrutura normalizada por teoria musical."
teclado-F#m-2;teclado;F#m;Gbm;F#;Fá sustenido;menor;1 b3 5;2;2ª inversão;C#-F#-A;C#|F#|A;C#;F#;C#-F#-A;"C4 como dó central; ajustar conforme tessitura";Voicing teórico fechado. O desenvolvedor pode distribuir notas entre oitavas e omitir duplicações.;"Dicionário de acordes para teclado anexado; estrutura normalizada por teoria musical."
teclado-F#7-0;teclado;F#7;Gb7;F#;Fá sustenido;sétima dominante;1 3 5 b7;0;posição fundamental;F#-A#-C#-E;F#|A#|C#|E;F#;F#;F#-A#-C#-E;"C4 como dó central; ajustar conforme tessitura";Voicing teórico fechado. O desenvolvedor pode distribuir notas entre oitavas e omitir duplicações.;"Dicionário de acordes para teclado anexado; estrutura normalizada por teoria musical."
teclado-F#7-1;teclado;F#7;Gb7;F#;Fá sustenido;sétima dominante;1 3 5 b7;1;1ª inversão;A#-C#-E-F#;A#|C#|E|F#;A#;F#;A#-C#-E-F#;"C4 como dó central; ajustar conforme tessitura";Voicing teórico fechado. O desenvolvedor pode distribuir notas entre oitavas e omitir duplicações.;"Dicionário de acordes para teclado anexado; estrutura normalizada por teoria musical."
teclado-F#7-2;teclado;F#7;Gb7;F#;Fá sustenido;sétima dominante;1 3 5 b7;2;2ª inversão;C#-E-F#-A#;C#|E|F#|A#;C#;F#;C#-E-F#-A#;"C4 como dó central; ajustar conforme tessitura";Voicing teórico fechado. O desenvolvedor pode distribuir notas entre oitavas e omitir duplicações.;"Dicionário de acordes para teclado anexado; estrutura normalizada por teoria musical."
teclado-F#7-3;teclado;F#7;Gb7;F#;Fá sustenido;sétima dominante;1 3 5 b7;3;3ª inversão;E-F#-A#-C#;E|F#|A#|C#;E;F#;E-F#-A#-C#;"C4 como dó central; ajustar conforme tessitura";Voicing teórico fechado. O desenvolvedor pode distribuir notas entre oitavas e omitir duplicações.;"Dicionário de acordes para teclado anexado; estrutura normalizada por teoria musical."
teclado-F#maj7-0;teclado;F#maj7;Gbmaj7;F#;Fá sustenido;sétima maior;1 3 5 7;0;posição fundamental;F#-A#-C#-F;F#|A#|C#|F;F#;F#;F#-A#-C#-F;"C4 como dó central; ajustar conforme tessitura";Voicing teórico fechado. O desenvolvedor pode distribuir notas entre oitavas e omitir duplicações.;"Dicionário de acordes para teclado anexado; estrutura normalizada por teoria musical."
teclado-F#maj7-1;teclado;F#maj7;Gbmaj7;F#;Fá sustenido;sétima maior;1 3 5 7;1;1ª inversão;A#-C#-F-F#;A#|C#|F|F#;A#;F#;A#-C#-F-F#;"C4 como dó central; ajustar conforme tessitura";Voicing teórico fechado. O desenvolvedor pode distribuir notas entre oitavas e omitir duplicações.;"Dicionário de acordes para teclado anexado; estrutura normalizada por teoria musical."
teclado-F#maj7-2;teclado;F#maj7;Gbmaj7;F#;Fá sustenido;sétima maior;1 3 5 7;2;2ª inversão;C#-F-F#-A#;C#|F|F#|A#;C#;F#;C#-F-F#-A#;"C4 como dó central; ajustar conforme tessitura";Voicing teórico fechado. O desenvolvedor pode distribuir notas entre oitavas e omitir duplicações.;"Dicionário de acordes para teclado anexado; estrutura normalizada por teoria musical."
teclado-F#maj7-3;teclado;F#maj7;Gbmaj7;F#;Fá sustenido;sétima maior;1 3 5 7;3;3ª inversão;F-F#-A#-C#;F|F#|A#|C#;F;F#;F-F#-A#-C#;"C4 como dó central; ajustar conforme tessitura";Voicing teórico fechado. O desenvolvedor pode distribuir notas entre oitavas e omitir duplicações.;"Dicionário de acordes para teclado anexado; estrutura normalizada por teoria musical."
teclado-F#m7-0;teclado;F#m7;Gbm7;F#;Fá sustenido;menor com sétima;1 b3 5 b7;0;posição fundamental;F#-A-C#-E;F#|A|C#|E;F#;F#;F#-A-C#-E;"C4 como dó central; ajustar conforme tessitura";Voicing teórico fechado. O desenvolvedor pode distribuir notas entre oitavas e omitir duplicações.;"Dicionário de acordes para teclado anexado; estrutura normalizada por teoria musical."
teclado-F#m7-1;teclado;F#m7;Gbm7;F#;Fá sustenido;menor com sétima;1 b3 5 b7;1;1ª inversão;A-C#-E-F#;A|C#|E|F#;A;F#;A-C#-E-F#;"C4 como dó central; ajustar conforme tessitura";Voicing teórico fechado. O desenvolvedor pode distribuir notas entre oitavas e omitir duplicações.;"Dicionário de acordes para teclado anexado; estrutura normalizada por teoria musical."
teclado-F#m7-2;teclado;F#m7;Gbm7;F#;Fá sustenido;menor com sétima;1 b3 5 b7;2;2ª inversão;C#-E-F#-A;C#|E|F#|A;C#;F#;C#-E-F#-A;"C4 como dó central; ajustar conforme tessitura";Voicing teórico fechado. O desenvolvedor pode distribuir notas entre oitavas e omitir duplicações.;"Dicionário de acordes para teclado anexado; estrutura normalizada por teoria musical."
teclado-F#m7-3;teclado;F#m7;Gbm7;F#;Fá sustenido;menor com sétima;1 b3 5 b7;3;3ª inversão;E-F#-A-C#;E|F#|A|C#;E;F#;E-F#-A-C#;"C4 como dó central; ajustar conforme tessitura";Voicing teórico fechado. O desenvolvedor pode distribuir notas entre oitavas e omitir duplicações.;"Dicionário de acordes para teclado anexado; estrutura normalizada por teoria musical."
teclado-F#6-0;teclado;F#6;Gb6;F#;Fá sustenido;sexta;1 3 5 6;0;posição fundamental;F#-A#-C#-D#;F#|A#|C#|D#;F#;F#;F#-A#-C#-D#;"C4 como dó central; ajustar conforme tessitura";Voicing teórico fechado. O desenvolvedor pode distribuir notas entre oitavas e omitir duplicações.;"Dicionário de acordes para teclado anexado; estrutura normalizada por teoria musical."
teclado-F#6-1;teclado;F#6;Gb6;F#;Fá sustenido;sexta;1 3 5 6;1;1ª inversão;A#-C#-D#-F#;A#|C#|D#|F#;A#;F#;A#-C#-D#-F#;"C4 como dó central; ajustar conforme tessitura";Voicing teórico fechado. O desenvolvedor pode distribuir notas entre oitavas e omitir duplicações.;"Dicionário de acordes para teclado anexado; estrutura normalizada por teoria musical."
teclado-F#6-2;teclado;F#6;Gb6;F#;Fá sustenido;sexta;1 3 5 6;2;2ª inversão;C#-D#-F#-A#;C#|D#|F#|A#;C#;F#;C#-D#-F#-A#;"C4 como dó central; ajustar conforme tessitura";Voicing teórico fechado. O desenvolvedor pode distribuir notas entre oitavas e omitir duplicações.;"Dicionário de acordes para teclado anexado; estrutura normalizada por teoria musical."
teclado-F#6-3;teclado;F#6;Gb6;F#;Fá sustenido;sexta;1 3 5 6;3;3ª inversão;D#-F#-A#-C#;D#|F#|A#|C#;D#;F#;D#-F#-A#-C#;"C4 como dó central; ajustar conforme tessitura";Voicing teórico fechado. O desenvolvedor pode distribuir notas entre oitavas e omitir duplicações.;"Dicionário de acordes para teclado anexado; estrutura normalizada por teoria musical."
teclado-F#m6-0;teclado;F#m6;Gbm6;F#;Fá sustenido;menor com sexta;1 b3 5 6;0;posição fundamental;F#-A-C#-D#;F#|A|C#|D#;F#;F#;F#-A-C#-D#;"C4 como dó central; ajustar conforme tessitura";Voicing teórico fechado. O desenvolvedor pode distribuir notas entre oitavas e omitir duplicações.;"Dicionário de acordes para teclado anexado; estrutura normalizada por teoria musical."
teclado-F#m6-1;teclado;F#m6;Gbm6;F#;Fá sustenido;menor com sexta;1 b3 5 6;1;1ª inversão;A-C#-D#-F#;A|C#|D#|F#;A;F#;A-C#-D#-F#;"C4 como dó central; ajustar conforme tessitura";Voicing teórico fechado. O desenvolvedor pode distribuir notas entre oitavas e omitir duplicações.;"Dicionário de acordes para teclado anexado; estrutura normalizada por teoria musical."
teclado-F#m6-2;teclado;F#m6;Gbm6;F#;Fá sustenido;menor com sexta;1 b3 5 6;2;2ª inversão;C#-D#-F#-A;C#|D#|F#|A;C#;F#;C#-D#-F#-A;"C4 como dó central; ajustar conforme tessitura";Voicing teórico fechado. O desenvolvedor pode distribuir notas entre oitavas e omitir duplicações.;"Dicionário de acordes para teclado anexado; estrutura normalizada por teoria musical."
teclado-F#m6-3;teclado;F#m6;Gbm6;F#;Fá sustenido;menor com sexta;1 b3 5 6;3;3ª inversão;D#-F#-A-C#;D#|F#|A|C#;D#;F#;D#-F#-A-C#;"C4 como dó central; ajustar conforme tessitura";Voicing teórico fechado. O desenvolvedor pode distribuir notas entre oitavas e omitir duplicações.;"Dicionário de acordes para teclado anexado; estrutura normalizada por teoria musical."
teclado-F#dim-0;teclado;F#dim;Gbdim;F#;Fá sustenido;diminuto;1 b3 b5;0;posição fundamental;F#-A-C;F#|A|C;F#;F#;F#-A-C;"C4 como dó central; ajustar conforme tessitura";Voicing teórico fechado. O desenvolvedor pode distribuir notas entre oitavas e omitir duplicações.;"Dicionário de acordes para teclado anexado; estrutura normalizada por teoria musical."
teclado-F#dim-1;teclado;F#dim;Gbdim;F#;Fá sustenido;diminuto;1 b3 b5;1;1ª inversão;A-C-F#;A|C|F#;A;F#;A-C-F#;"C4 como dó central; ajustar conforme tessitura";Voicing teórico fechado. O desenvolvedor pode distribuir notas entre oitavas e omitir duplicações.;"Dicionário de acordes para teclado anexado; estrutura normalizada por teoria musical."
teclado-F#dim-2;teclado;F#dim;Gbdim;F#;Fá sustenido;diminuto;1 b3 b5;2;2ª inversão;C-F#-A;C|F#|A;C;F#;C-F#-A;"C4 como dó central; ajustar conforme tessitura";Voicing teórico fechado. O desenvolvedor pode distribuir notas entre oitavas e omitir duplicações.;"Dicionário de acordes para teclado anexado; estrutura normalizada por teoria musical."
teclado-F#dim7-0;teclado;F#dim7;Gbdim7;F#;Fá sustenido;diminuto com sétima;1 b3 b5 bb7;0;posição fundamental;F#-A-C-D#;F#|A|C|D#;F#;F#;F#-A-C-D#;"C4 como dó central; ajustar conforme tessitura";Voicing teórico fechado. O desenvolvedor pode distribuir notas entre oitavas e omitir duplicações.;"Dicionário de acordes para teclado anexado; estrutura normalizada por teoria musical."
teclado-F#dim7-1;teclado;F#dim7;Gbdim7;F#;Fá sustenido;diminuto com sétima;1 b3 b5 bb7;1;1ª inversão;A-C-D#-F#;A|C|D#|F#;A;F#;A-C-D#-F#;"C4 como dó central; ajustar conforme tessitura";Voicing teórico fechado. O desenvolvedor pode distribuir notas entre oitavas e omitir duplicações.;"Dicionário de acordes para teclado anexado; estrutura normalizada por teoria musical."
teclado-F#dim7-2;teclado;F#dim7;Gbdim7;F#;Fá sustenido;diminuto com sétima;1 b3 b5 bb7;2;2ª inversão;C-D#-F#-A;C|D#|F#|A;C;F#;C-D#-F#-A;"C4 como dó central; ajustar conforme tessitura";Voicing teórico fechado. O desenvolvedor pode distribuir notas entre oitavas e omitir duplicações.;"Dicionário de acordes para teclado anexado; estrutura normalizada por teoria musical."
teclado-F#dim7-3;teclado;F#dim7;Gbdim7;F#;Fá sustenido;diminuto com sétima;1 b3 b5 bb7;3;3ª inversão;D#-F#-A-C;D#|F#|A|C;D#;F#;D#-F#-A-C;"C4 como dó central; ajustar conforme tessitura";Voicing teórico fechado. O desenvolvedor pode distribuir notas entre oitavas e omitir duplicações.;"Dicionário de acordes para teclado anexado; estrutura normalizada por teoria musical."
teclado-F#aug-0;teclado;F#aug;Gbaug;F#;Fá sustenido;aumentado;1 3 #5;0;posição fundamental;F#-A#-D;F#|A#|D;F#;F#;F#-A#-D;"C4 como dó central; ajustar conforme tessitura";Voicing teórico fechado. O desenvolvedor pode distribuir notas entre oitavas e omitir duplicações.;"Dicionário de acordes para teclado anexado; estrutura normalizada por teoria musical."
teclado-F#aug-1;teclado;F#aug;Gbaug;F#;Fá sustenido;aumentado;1 3 #5;1;1ª inversão;A#-D-F#;A#|D|F#;A#;F#;A#-D-F#;"C4 como dó central; ajustar conforme tessitura";Voicing teórico fechado. O desenvolvedor pode distribuir notas entre oitavas e omitir duplicações.;"Dicionário de acordes para teclado anexado; estrutura normalizada por teoria musical."
teclado-F#aug-2;teclado;F#aug;Gbaug;F#;Fá sustenido;aumentado;1 3 #5;2;2ª inversão;D-F#-A#;D|F#|A#;D;F#;D-F#-A#;"C4 como dó central; ajustar conforme tessitura";Voicing teórico fechado. O desenvolvedor pode distribuir notas entre oitavas e omitir duplicações.;"Dicionário de acordes para teclado anexado; estrutura normalizada por teoria musical."
teclado-F#sus2-0;teclado;F#sus2;Gbsus2;F#;Fá sustenido;suspenso com segunda;1 2 5;0;posição fundamental;F#-G#-C#;F#|G#|C#;F#;F#;F#-G#-C#;"C4 como dó central; ajustar conforme tessitura";Voicing teórico fechado. O desenvolvedor pode distribuir notas entre oitavas e omitir duplicações.;"Dicionário de acordes para teclado anexado; estrutura normalizada por teoria musical."
teclado-F#sus2-1;teclado;F#sus2;Gbsus2;F#;Fá sustenido;suspenso com segunda;1 2 5;1;1ª inversão;G#-C#-F#;G#|C#|F#;G#;F#;G#-C#-F#;"C4 como dó central; ajustar conforme tessitura";Voicing teórico fechado. O desenvolvedor pode distribuir notas entre oitavas e omitir duplicações.;"Dicionário de acordes para teclado anexado; estrutura normalizada por teoria musical."
teclado-F#sus2-2;teclado;F#sus2;Gbsus2;F#;Fá sustenido;suspenso com segunda;1 2 5;2;2ª inversão;C#-F#-G#;C#|F#|G#;C#;F#;C#-F#-G#;"C4 como dó central; ajustar conforme tessitura";Voicing teórico fechado. O desenvolvedor pode distribuir notas entre oitavas e omitir duplicações.;"Dicionário de acordes para teclado anexado; estrutura normalizada por teoria musical."
teclado-F#sus4-0;teclado;F#sus4;Gbsus4;F#;Fá sustenido;suspenso com quarta;1 4 5;0;posição fundamental;F#-B-C#;F#|B|C#;F#;F#;F#-B-C#;"C4 como dó central; ajustar conforme tessitura";Voicing teórico fechado. O desenvolvedor pode distribuir notas entre oitavas e omitir duplicações.;"Dicionário de acordes para teclado anexado; estrutura normalizada por teoria musical."
teclado-F#sus4-1;teclado;F#sus4;Gbsus4;F#;Fá sustenido;suspenso com quarta;1 4 5;1;1ª inversão;B-C#-F#;B|C#|F#;B;F#;B-C#-F#;"C4 como dó central; ajustar conforme tessitura";Voicing teórico fechado. O desenvolvedor pode distribuir notas entre oitavas e omitir duplicações.;"Dicionário de acordes para teclado anexado; estrutura normalizada por teoria musical."
teclado-F#sus4-2;teclado;F#sus4;Gbsus4;F#;Fá sustenido;suspenso com quarta;1 4 5;2;2ª inversão;C#-F#-B;C#|F#|B;C#;F#;C#-F#-B;"C4 como dó central; ajustar conforme tessitura";Voicing teórico fechado. O desenvolvedor pode distribuir notas entre oitavas e omitir duplicações.;"Dicionário de acordes para teclado anexado; estrutura normalizada por teoria musical."
teclado-F#add9-0;teclado;F#add9;Gbadd9;F#;Fá sustenido;com nona adicionada;1 3 5 9;0;posição fundamental;F#-G#-A#-C#;F#|G#|A#|C#;F#;F#;F#-G#-A#-C#;"C4 como dó central; ajustar conforme tessitura";Voicing teórico fechado. O desenvolvedor pode distribuir notas entre oitavas e omitir duplicações.;"Dicionário de acordes para teclado anexado; estrutura normalizada por teoria musical."
teclado-F#add9-1;teclado;F#add9;Gbadd9;F#;Fá sustenido;com nona adicionada;1 3 5 9;1;1ª inversão;G#-A#-C#-F#;G#|A#|C#|F#;G#;F#;G#-A#-C#-F#;"C4 como dó central; ajustar conforme tessitura";Voicing teórico fechado. O desenvolvedor pode distribuir notas entre oitavas e omitir duplicações.;"Dicionário de acordes para teclado anexado; estrutura normalizada por teoria musical."
teclado-F#add9-2;teclado;F#add9;Gbadd9;F#;Fá sustenido;com nona adicionada;1 3 5 9;2;2ª inversão;A#-C#-F#-G#;A#|C#|F#|G#;A#;F#;A#-C#-F#-G#;"C4 como dó central; ajustar conforme tessitura";Voicing teórico fechado. O desenvolvedor pode distribuir notas entre oitavas e omitir duplicações.;"Dicionário de acordes para teclado anexado; estrutura normalizada por teoria musical."
teclado-F#add9-3;teclado;F#add9;Gbadd9;F#;Fá sustenido;com nona adicionada;1 3 5 9;3;3ª inversão;C#-F#-G#-A#;C#|F#|G#|A#;C#;F#;C#-F#-G#-A#;"C4 como dó central; ajustar conforme tessitura";Voicing teórico fechado. O desenvolvedor pode distribuir notas entre oitavas e omitir duplicações.;"Dicionário de acordes para teclado anexado; estrutura normalizada por teoria musical."
teclado-F#9-0;teclado;F#9;Gb9;F#;Fá sustenido;nona dominante;1 3 5 b7 9;0;posição fundamental;F#-G#-A#-C#-E;F#|G#|A#|C#|E;F#;F#;F#-G#-A#-C#-E;"C4 como dó central; ajustar conforme tessitura";Voicing teórico fechado. O desenvolvedor pode distribuir notas entre oitavas e omitir duplicações.;"Dicionário de acordes para teclado anexado; estrutura normalizada por teoria musical."
teclado-F#9-1;teclado;F#9;Gb9;F#;Fá sustenido;nona dominante;1 3 5 b7 9;1;1ª inversão;G#-A#-C#-E-F#;G#|A#|C#|E|F#;G#;F#;G#-A#-C#-E-F#;"C4 como dó central; ajustar conforme tessitura";Voicing teórico fechado. O desenvolvedor pode distribuir notas entre oitavas e omitir duplicações.;"Dicionário de acordes para teclado anexado; estrutura normalizada por teoria musical."
teclado-F#9-2;teclado;F#9;Gb9;F#;Fá sustenido;nona dominante;1 3 5 b7 9;2;2ª inversão;A#-C#-E-F#-G#;A#|C#|E|F#|G#;A#;F#;A#-C#-E-F#-G#;"C4 como dó central; ajustar conforme tessitura";Voicing teórico fechado. O desenvolvedor pode distribuir notas entre oitavas e omitir duplicações.;"Dicionário de acordes para teclado anexado; estrutura normalizada por teoria musical."
teclado-F#9-3;teclado;F#9;Gb9;F#;Fá sustenido;nona dominante;1 3 5 b7 9;3;3ª inversão;C#-E-F#-G#-A#;C#|E|F#|G#|A#;C#;F#;C#-E-F#-G#-A#;"C4 como dó central; ajustar conforme tessitura";Voicing teórico fechado. O desenvolvedor pode distribuir notas entre oitavas e omitir duplicações.;"Dicionário de acordes para teclado anexado; estrutura normalizada por teoria musical."
teclado-F#9-4;teclado;F#9;Gb9;F#;Fá sustenido;nona dominante;1 3 5 b7 9;4;4ª inversão;E-F#-G#-A#-C#;E|F#|G#|A#|C#;E;F#;E-F#-G#-A#-C#;"C4 como dó central; ajustar conforme tessitura";Voicing teórico fechado. O desenvolvedor pode distribuir notas entre oitavas e omitir duplicações.;"Dicionário de acordes para teclado anexado; estrutura normalizada por teoria musical."
teclado-F#maj9-0;teclado;F#maj9;Gbmaj9;F#;Fá sustenido;nona maior;1 3 5 7 9;0;posição fundamental;F#-G#-A#-C#-F;F#|G#|A#|C#|F;F#;F#;F#-G#-A#-C#-F;"C4 como dó central; ajustar conforme tessitura";Voicing teórico fechado. O desenvolvedor pode distribuir notas entre oitavas e omitir duplicações.;"Dicionário de acordes para teclado anexado; estrutura normalizada por teoria musical."
teclado-F#maj9-1;teclado;F#maj9;Gbmaj9;F#;Fá sustenido;nona maior;1 3 5 7 9;1;1ª inversão;G#-A#-C#-F-F#;G#|A#|C#|F|F#;G#;F#;G#-A#-C#-F-F#;"C4 como dó central; ajustar conforme tessitura";Voicing teórico fechado. O desenvolvedor pode distribuir notas entre oitavas e omitir duplicações.;"Dicionário de acordes para teclado anexado; estrutura normalizada por teoria musical."
teclado-F#maj9-2;teclado;F#maj9;Gbmaj9;F#;Fá sustenido;nona maior;1 3 5 7 9;2;2ª inversão;A#-C#-F-F#-G#;A#|C#|F|F#|G#;A#;F#;A#-C#-F-F#-G#;"C4 como dó central; ajustar conforme tessitura";Voicing teórico fechado. O desenvolvedor pode distribuir notas entre oitavas e omitir duplicações.;"Dicionário de acordes para teclado anexado; estrutura normalizada por teoria musical."
teclado-F#maj9-3;teclado;F#maj9;Gbmaj9;F#;Fá sustenido;nona maior;1 3 5 7 9;3;3ª inversão;C#-F-F#-G#-A#;C#|F|F#|G#|A#;C#;F#;C#-F-F#-G#-A#;"C4 como dó central; ajustar conforme tessitura";Voicing teórico fechado. O desenvolvedor pode distribuir notas entre oitavas e omitir duplicações.;"Dicionário de acordes para teclado anexado; estrutura normalizada por teoria musical."
teclado-F#maj9-4;teclado;F#maj9;Gbmaj9;F#;Fá sustenido;nona maior;1 3 5 7 9;4;4ª inversão;F-F#-G#-A#-C#;F|F#|G#|A#|C#;F;F#;F-F#-G#-A#-C#;"C4 como dó central; ajustar conforme tessitura";Voicing teórico fechado. O desenvolvedor pode distribuir notas entre oitavas e omitir duplicações.;"Dicionário de acordes para teclado anexado; estrutura normalizada por teoria musical."
teclado-F#m9-0;teclado;F#m9;Gbm9;F#;Fá sustenido;menor com nona;1 b3 5 b7 9;0;posição fundamental;F#-G#-A-C#-E;F#|G#|A|C#|E;F#;F#;F#-G#-A-C#-E;"C4 como dó central; ajustar conforme tessitura";Voicing teórico fechado. O desenvolvedor pode distribuir notas entre oitavas e omitir duplicações.;"Dicionário de acordes para teclado anexado; estrutura normalizada por teoria musical."
teclado-F#m9-1;teclado;F#m9;Gbm9;F#;Fá sustenido;menor com nona;1 b3 5 b7 9;1;1ª inversão;G#-A-C#-E-F#;G#|A|C#|E|F#;G#;F#;G#-A-C#-E-F#;"C4 como dó central; ajustar conforme tessitura";Voicing teórico fechado. O desenvolvedor pode distribuir notas entre oitavas e omitir duplicações.;"Dicionário de acordes para teclado anexado; estrutura normalizada por teoria musical."
teclado-F#m9-2;teclado;F#m9;Gbm9;F#;Fá sustenido;menor com nona;1 b3 5 b7 9;2;2ª inversão;A-C#-E-F#-G#;A|C#|E|F#|G#;A;F#;A-C#-E-F#-G#;"C4 como dó central; ajustar conforme tessitura";Voicing teórico fechado. O desenvolvedor pode distribuir notas entre oitavas e omitir duplicações.;"Dicionário de acordes para teclado anexado; estrutura normalizada por teoria musical."
teclado-F#m9-3;teclado;F#m9;Gbm9;F#;Fá sustenido;menor com nona;1 b3 5 b7 9;3;3ª inversão;C#-E-F#-G#-A;C#|E|F#|G#|A;C#;F#;C#-E-F#-G#-A;"C4 como dó central; ajustar conforme tessitura";Voicing teórico fechado. O desenvolvedor pode distribuir notas entre oitavas e omitir duplicações.;"Dicionário de acordes para teclado anexado; estrutura normalizada por teoria musical."
teclado-F#m9-4;teclado;F#m9;Gbm9;F#;Fá sustenido;menor com nona;1 b3 5 b7 9;4;4ª inversão;E-F#-G#-A-C#;E|F#|G#|A|C#;E;F#;E-F#-G#-A-C#;"C4 como dó central; ajustar conforme tessitura";Voicing teórico fechado. O desenvolvedor pode distribuir notas entre oitavas e omitir duplicações.;"Dicionário de acordes para teclado anexado; estrutura normalizada por teoria musical."
teclado-F#11-0;teclado;F#11;Gb11;F#;Fá sustenido;décima primeira;1 3 5 b7 9 11;0;posição fundamental;F#-G#-A#-B-C#-E;F#|G#|A#|B|C#|E;F#;F#;F#-G#-A#-B-C#-E;"C4 como dó central; ajustar conforme tessitura";Voicing teórico fechado. O desenvolvedor pode distribuir notas entre oitavas e omitir duplicações.;"Dicionário de acordes para teclado anexado; estrutura normalizada por teoria musical."
teclado-F#11-1;teclado;F#11;Gb11;F#;Fá sustenido;décima primeira;1 3 5 b7 9 11;1;1ª inversão;G#-A#-B-C#-E-F#;G#|A#|B|C#|E|F#;G#;F#;G#-A#-B-C#-E-F#;"C4 como dó central; ajustar conforme tessitura";Voicing teórico fechado. O desenvolvedor pode distribuir notas entre oitavas e omitir duplicações.;"Dicionário de acordes para teclado anexado; estrutura normalizada por teoria musical."
teclado-F#11-2;teclado;F#11;Gb11;F#;Fá sustenido;décima primeira;1 3 5 b7 9 11;2;2ª inversão;A#-B-C#-E-F#-G#;A#|B|C#|E|F#|G#;A#;F#;A#-B-C#-E-F#-G#;"C4 como dó central; ajustar conforme tessitura";Voicing teórico fechado. O desenvolvedor pode distribuir notas entre oitavas e omitir duplicações.;"Dicionário de acordes para teclado anexado; estrutura normalizada por teoria musical."
teclado-F#11-3;teclado;F#11;Gb11;F#;Fá sustenido;décima primeira;1 3 5 b7 9 11;3;3ª inversão;B-C#-E-F#-G#-A#;B|C#|E|F#|G#|A#;B;F#;B-C#-E-F#-G#-A#;"C4 como dó central; ajustar conforme tessitura";Voicing teórico fechado. O desenvolvedor pode distribuir notas entre oitavas e omitir duplicações.;"Dicionário de acordes para teclado anexado; estrutura normalizada por teoria musical."
teclado-F#11-4;teclado;F#11;Gb11;F#;Fá sustenido;décima primeira;1 3 5 b7 9 11;4;4ª inversão;C#-E-F#-G#-A#-B;C#|E|F#|G#|A#|B;C#;F#;C#-E-F#-G#-A#-B;"C4 como dó central; ajustar conforme tessitura";Voicing teórico fechado. O desenvolvedor pode distribuir notas entre oitavas e omitir duplicações.;"Dicionário de acordes para teclado anexado; estrutura normalizada por teoria musical."
teclado-F#11-5;teclado;F#11;Gb11;F#;Fá sustenido;décima primeira;1 3 5 b7 9 11;5;5ª inversão;E-F#-G#-A#-B-C#;E|F#|G#|A#|B|C#;E;F#;E-F#-G#-A#-B-C#;"C4 como dó central; ajustar conforme tessitura";Voicing teórico fechado. O desenvolvedor pode distribuir notas entre oitavas e omitir duplicações.;"Dicionário de acordes para teclado anexado; estrutura normalizada por teoria musical."
teclado-F#m11-0;teclado;F#m11;Gbm11;F#;Fá sustenido;menor com décima primeira;1 b3 5 b7 9 11;0;posição fundamental;F#-G#-A-B-C#-E;F#|G#|A|B|C#|E;F#;F#;F#-G#-A-B-C#-E;"C4 como dó central; ajustar conforme tessitura";Voicing teórico fechado. O desenvolvedor pode distribuir notas entre oitavas e omitir duplicações.;"Dicionário de acordes para teclado anexado; estrutura normalizada por teoria musical."
teclado-F#m11-1;teclado;F#m11;Gbm11;F#;Fá sustenido;menor com décima primeira;1 b3 5 b7 9 11;1;1ª inversão;G#-A-B-C#-E-F#;G#|A|B|C#|E|F#;G#;F#;G#-A-B-C#-E-F#;"C4 como dó central; ajustar conforme tessitura";Voicing teórico fechado. O desenvolvedor pode distribuir notas entre oitavas e omitir duplicações.;"Dicionário de acordes para teclado anexado; estrutura normalizada por teoria musical."
teclado-F#m11-2;teclado;F#m11;Gbm11;F#;Fá sustenido;menor com décima primeira;1 b3 5 b7 9 11;2;2ª inversão;A-B-C#-E-F#-G#;A|B|C#|E|F#|G#;A;F#;A-B-C#-E-F#-G#;"C4 como dó central; ajustar conforme tessitura";Voicing teórico fechado. O desenvolvedor pode distribuir notas entre oitavas e omitir duplicações.;"Dicionário de acordes para teclado anexado; estrutura normalizada por teoria musical."
teclado-F#m11-3;teclado;F#m11;Gbm11;F#;Fá sustenido;menor com décima primeira;1 b3 5 b7 9 11;3;3ª inversão;B-C#-E-F#-G#-A;B|C#|E|F#|G#|A;B;F#;B-C#-E-F#-G#-A;"C4 como dó central; ajustar conforme tessitura";Voicing teórico fechado. O desenvolvedor pode distribuir notas entre oitavas e omitir duplicações.;"Dicionário de acordes para teclado anexado; estrutura normalizada por teoria musical."
teclado-F#m11-4;teclado;F#m11;Gbm11;F#;Fá sustenido;menor com décima primeira;1 b3 5 b7 9 11;4;4ª inversão;C#-E-F#-G#-A-B;C#|E|F#|G#|A|B;C#;F#;C#-E-F#-G#-A-B;"C4 como dó central; ajustar conforme tessitura";Voicing teórico fechado. O desenvolvedor pode distribuir notas entre oitavas e omitir duplicações.;"Dicionário de acordes para teclado anexado; estrutura normalizada por teoria musical."
teclado-F#m11-5;teclado;F#m11;Gbm11;F#;Fá sustenido;menor com décima primeira;1 b3 5 b7 9 11;5;5ª inversão;E-F#-G#-A-B-C#;E|F#|G#|A|B|C#;E;F#;E-F#-G#-A-B-C#;"C4 como dó central; ajustar conforme tessitura";Voicing teórico fechado. O desenvolvedor pode distribuir notas entre oitavas e omitir duplicações.;"Dicionário de acordes para teclado anexado; estrutura normalizada por teoria musical."
teclado-F#13-0;teclado;F#13;Gb13;F#;Fá sustenido;décima terceira;1 3 5 b7 9 13;0;posição fundamental;F#-G#-A#-C#-D#-E;F#|G#|A#|C#|D#|E;F#;F#;F#-G#-A#-C#-D#-E;"C4 como dó central; ajustar conforme tessitura";Voicing teórico fechado. O desenvolvedor pode distribuir notas entre oitavas e omitir duplicações.;"Dicionário de acordes para teclado anexado; estrutura normalizada por teoria musical."
teclado-F#13-1;teclado;F#13;Gb13;F#;Fá sustenido;décima terceira;1 3 5 b7 9 13;1;1ª inversão;G#-A#-C#-D#-E-F#;G#|A#|C#|D#|E|F#;G#;F#;G#-A#-C#-D#-E-F#;"C4 como dó central; ajustar conforme tessitura";Voicing teórico fechado. O desenvolvedor pode distribuir notas entre oitavas e omitir duplicações.;"Dicionário de acordes para teclado anexado; estrutura normalizada por teoria musical."
teclado-F#13-2;teclado;F#13;Gb13;F#;Fá sustenido;décima terceira;1 3 5 b7 9 13;2;2ª inversão;A#-C#-D#-E-F#-G#;A#|C#|D#|E|F#|G#;A#;F#;A#-C#-D#-E-F#-G#;"C4 como dó central; ajustar conforme tessitura";Voicing teórico fechado. O desenvolvedor pode distribuir notas entre oitavas e omitir duplicações.;"Dicionário de acordes para teclado anexado; estrutura normalizada por teoria musical."
teclado-F#13-3;teclado;F#13;Gb13;F#;Fá sustenido;décima terceira;1 3 5 b7 9 13;3;3ª inversão;C#-D#-E-F#-G#-A#;C#|D#|E|F#|G#|A#;C#;F#;C#-D#-E-F#-G#-A#;"C4 como dó central; ajustar conforme tessitura";Voicing teórico fechado. O desenvolvedor pode distribuir notas entre oitavas e omitir duplicações.;"Dicionário de acordes para teclado anexado; estrutura normalizada por teoria musical."
teclado-F#13-4;teclado;F#13;Gb13;F#;Fá sustenido;décima terceira;1 3 5 b7 9 13;4;4ª inversão;D#-E-F#-G#-A#-C#;D#|E|F#|G#|A#|C#;D#;F#;D#-E-F#-G#-A#-C#;"C4 como dó central; ajustar conforme tessitura";Voicing teórico fechado. O desenvolvedor pode distribuir notas entre oitavas e omitir duplicações.;"Dicionário de acordes para teclado anexado; estrutura normalizada por teoria musical."
teclado-F#13-5;teclado;F#13;Gb13;F#;Fá sustenido;décima terceira;1 3 5 b7 9 13;5;5ª inversão;E-F#-G#-A#-C#-D#;E|F#|G#|A#|C#|D#;E;F#;E-F#-G#-A#-C#-D#;"C4 como dó central; ajustar conforme tessitura";Voicing teórico fechado. O desenvolvedor pode distribuir notas entre oitavas e omitir duplicações.;"Dicionário de acordes para teclado anexado; estrutura normalizada por teoria musical."
teclado-F#m13-0;teclado;F#m13;Gbm13;F#;Fá sustenido;menor com décima terceira;1 b3 5 b7 9 13;0;posição fundamental;F#-G#-A-C#-D#-E;F#|G#|A|C#|D#|E;F#;F#;F#-G#-A-C#-D#-E;"C4 como dó central; ajustar conforme tessitura";Voicing teórico fechado. O desenvolvedor pode distribuir notas entre oitavas e omitir duplicações.;"Dicionário de acordes para teclado anexado; estrutura normalizada por teoria musical."
teclado-F#m13-1;teclado;F#m13;Gbm13;F#;Fá sustenido;menor com décima terceira;1 b3 5 b7 9 13;1;1ª inversão;G#-A-C#-D#-E-F#;G#|A|C#|D#|E|F#;G#;F#;G#-A-C#-D#-E-F#;"C4 como dó central; ajustar conforme tessitura";Voicing teórico fechado. O desenvolvedor pode distribuir notas entre oitavas e omitir duplicações.;"Dicionário de acordes para teclado anexado; estrutura normalizada por teoria musical."
teclado-F#m13-2;teclado;F#m13;Gbm13;F#;Fá sustenido;menor com décima terceira;1 b3 5 b7 9 13;2;2ª inversão;A-C#-D#-E-F#-G#;A|C#|D#|E|F#|G#;A;F#;A-C#-D#-E-F#-G#;"C4 como dó central; ajustar conforme tessitura";Voicing teórico fechado. O desenvolvedor pode distribuir notas entre oitavas e omitir duplicações.;"Dicionário de acordes para teclado anexado; estrutura normalizada por teoria musical."
teclado-F#m13-3;teclado;F#m13;Gbm13;F#;Fá sustenido;menor com décima terceira;1 b3 5 b7 9 13;3;3ª inversão;C#-D#-E-F#-G#-A;C#|D#|E|F#|G#|A;C#;F#;C#-D#-E-F#-G#-A;"C4 como dó central; ajustar conforme tessitura";Voicing teórico fechado. O desenvolvedor pode distribuir notas entre oitavas e omitir duplicações.;"Dicionário de acordes para teclado anexado; estrutura normalizada por teoria musical."
teclado-F#m13-4;teclado;F#m13;Gbm13;F#;Fá sustenido;menor com décima terceira;1 b3 5 b7 9 13;4;4ª inversão;D#-E-F#-G#-A-C#;D#|E|F#|G#|A|C#;D#;F#;D#-E-F#-G#-A-C#;"C4 como dó central; ajustar conforme tessitura";Voicing teórico fechado. O desenvolvedor pode distribuir notas entre oitavas e omitir duplicações.;"Dicionário de acordes para teclado anexado; estrutura normalizada por teoria musical."
teclado-F#m13-5;teclado;F#m13;Gbm13;F#;Fá sustenido;menor com décima terceira;1 b3 5 b7 9 13;5;5ª inversão;E-F#-G#-A-C#-D#;E|F#|G#|A|C#|D#;E;F#;E-F#-G#-A-C#-D#;"C4 como dó central; ajustar conforme tessitura";Voicing teórico fechado. O desenvolvedor pode distribuir notas entre oitavas e omitir duplicações.;"Dicionário de acordes para teclado anexado; estrutura normalizada por teoria musical."
teclado-F#7b5-0;teclado;F#7b5;Gb7b5;F#;Fá sustenido;sétima com quinta diminuta;1 3 b5 b7;0;posição fundamental;F#-A#-C-E;F#|A#|C|E;F#;F#;F#-A#-C-E;"C4 como dó central; ajustar conforme tessitura";Voicing teórico fechado. O desenvolvedor pode distribuir notas entre oitavas e omitir duplicações.;"Dicionário de acordes para teclado anexado; estrutura normalizada por teoria musical."
teclado-F#7b5-1;teclado;F#7b5;Gb7b5;F#;Fá sustenido;sétima com quinta diminuta;1 3 b5 b7;1;1ª inversão;A#-C-E-F#;A#|C|E|F#;A#;F#;A#-C-E-F#;"C4 como dó central; ajustar conforme tessitura";Voicing teórico fechado. O desenvolvedor pode distribuir notas entre oitavas e omitir duplicações.;"Dicionário de acordes para teclado anexado; estrutura normalizada por teoria musical."
teclado-F#7b5-2;teclado;F#7b5;Gb7b5;F#;Fá sustenido;sétima com quinta diminuta;1 3 b5 b7;2;2ª inversão;C-E-F#-A#;C|E|F#|A#;C;F#;C-E-F#-A#;"C4 como dó central; ajustar conforme tessitura";Voicing teórico fechado. O desenvolvedor pode distribuir notas entre oitavas e omitir duplicações.;"Dicionário de acordes para teclado anexado; estrutura normalizada por teoria musical."
teclado-F#7b5-3;teclado;F#7b5;Gb7b5;F#;Fá sustenido;sétima com quinta diminuta;1 3 b5 b7;3;3ª inversão;E-F#-A#-C;E|F#|A#|C;E;F#;E-F#-A#-C;"C4 como dó central; ajustar conforme tessitura";Voicing teórico fechado. O desenvolvedor pode distribuir notas entre oitavas e omitir duplicações.;"Dicionário de acordes para teclado anexado; estrutura normalizada por teoria musical."
teclado-F#7#5-0;teclado;F#7#5;Gb7#5;F#;Fá sustenido;sétima com quinta aumentada;1 3 #5 b7;0;posição fundamental;F#-A#-D-E;F#|A#|D|E;F#;F#;F#-A#-D-E;"C4 como dó central; ajustar conforme tessitura";Voicing teórico fechado. O desenvolvedor pode distribuir notas entre oitavas e omitir duplicações.;"Dicionário de acordes para teclado anexado; estrutura normalizada por teoria musical."
teclado-F#7#5-1;teclado;F#7#5;Gb7#5;F#;Fá sustenido;sétima com quinta aumentada;1 3 #5 b7;1;1ª inversão;A#-D-E-F#;A#|D|E|F#;A#;F#;A#-D-E-F#;"C4 como dó central; ajustar conforme tessitura";Voicing teórico fechado. O desenvolvedor pode distribuir notas entre oitavas e omitir duplicações.;"Dicionário de acordes para teclado anexado; estrutura normalizada por teoria musical."
teclado-F#7#5-2;teclado;F#7#5;Gb7#5;F#;Fá sustenido;sétima com quinta aumentada;1 3 #5 b7;2;2ª inversão;D-E-F#-A#;D|E|F#|A#;D;F#;D-E-F#-A#;"C4 como dó central; ajustar conforme tessitura";Voicing teórico fechado. O desenvolvedor pode distribuir notas entre oitavas e omitir duplicações.;"Dicionário de acordes para teclado anexado; estrutura normalizada por teoria musical."
teclado-F#7#5-3;teclado;F#7#5;Gb7#5;F#;Fá sustenido;sétima com quinta aumentada;1 3 #5 b7;3;3ª inversão;E-F#-A#-D;E|F#|A#|D;E;F#;E-F#-A#-D;"C4 como dó central; ajustar conforme tessitura";Voicing teórico fechado. O desenvolvedor pode distribuir notas entre oitavas e omitir duplicações.;"Dicionário de acordes para teclado anexado; estrutura normalizada por teoria musical."
teclado-F#7b9-0;teclado;F#7b9;Gb7b9;F#;Fá sustenido;sétima com nona menor;1 b9 3 5 b7;0;posição fundamental;F#-G-A#-C#-E;F#|G|A#|C#|E;F#;F#;F#-G-A#-C#-E;"C4 como dó central; ajustar conforme tessitura";Voicing teórico fechado. O desenvolvedor pode distribuir notas entre oitavas e omitir duplicações.;"Dicionário de acordes para teclado anexado; estrutura normalizada por teoria musical."
teclado-F#7b9-1;teclado;F#7b9;Gb7b9;F#;Fá sustenido;sétima com nona menor;1 b9 3 5 b7;1;1ª inversão;G-A#-C#-E-F#;G|A#|C#|E|F#;G;F#;G-A#-C#-E-F#;"C4 como dó central; ajustar conforme tessitura";Voicing teórico fechado. O desenvolvedor pode distribuir notas entre oitavas e omitir duplicações.;"Dicionário de acordes para teclado anexado; estrutura normalizada por teoria musical."
teclado-F#7b9-2;teclado;F#7b9;Gb7b9;F#;Fá sustenido;sétima com nona menor;1 b9 3 5 b7;2;2ª inversão;A#-C#-E-F#-G;A#|C#|E|F#|G;A#;F#;A#-C#-E-F#-G;"C4 como dó central; ajustar conforme tessitura";Voicing teórico fechado. O desenvolvedor pode distribuir notas entre oitavas e omitir duplicações.;"Dicionário de acordes para teclado anexado; estrutura normalizada por teoria musical."
teclado-F#7b9-3;teclado;F#7b9;Gb7b9;F#;Fá sustenido;sétima com nona menor;1 b9 3 5 b7;3;3ª inversão;C#-E-F#-G-A#;C#|E|F#|G|A#;C#;F#;C#-E-F#-G-A#;"C4 como dó central; ajustar conforme tessitura";Voicing teórico fechado. O desenvolvedor pode distribuir notas entre oitavas e omitir duplicações.;"Dicionário de acordes para teclado anexado; estrutura normalizada por teoria musical."
teclado-F#7b9-4;teclado;F#7b9;Gb7b9;F#;Fá sustenido;sétima com nona menor;1 b9 3 5 b7;4;4ª inversão;E-F#-G-A#-C#;E|F#|G|A#|C#;E;F#;E-F#-G-A#-C#;"C4 como dó central; ajustar conforme tessitura";Voicing teórico fechado. O desenvolvedor pode distribuir notas entre oitavas e omitir duplicações.;"Dicionário de acordes para teclado anexado; estrutura normalizada por teoria musical."
teclado-F#7#9-0;teclado;F#7#9;Gb7#9;F#;Fá sustenido;sétima com nona aumentada;1 #9 3 5 b7;0;posição fundamental;F#-A-A#-C#-E;F#|A|A#|C#|E;F#;F#;F#-A-A#-C#-E;"C4 como dó central; ajustar conforme tessitura";Voicing teórico fechado. O desenvolvedor pode distribuir notas entre oitavas e omitir duplicações.;"Dicionário de acordes para teclado anexado; estrutura normalizada por teoria musical."
teclado-F#7#9-1;teclado;F#7#9;Gb7#9;F#;Fá sustenido;sétima com nona aumentada;1 #9 3 5 b7;1;1ª inversão;A-A#-C#-E-F#;A|A#|C#|E|F#;A;F#;A-A#-C#-E-F#;"C4 como dó central; ajustar conforme tessitura";Voicing teórico fechado. O desenvolvedor pode distribuir notas entre oitavas e omitir duplicações.;"Dicionário de acordes para teclado anexado; estrutura normalizada por teoria musical."
teclado-F#7#9-2;teclado;F#7#9;Gb7#9;F#;Fá sustenido;sétima com nona aumentada;1 #9 3 5 b7;2;2ª inversão;A#-C#-E-F#-A;A#|C#|E|F#|A;A#;F#;A#-C#-E-F#-A;"C4 como dó central; ajustar conforme tessitura";Voicing teórico fechado. O desenvolvedor pode distribuir notas entre oitavas e omitir duplicações.;"Dicionário de acordes para teclado anexado; estrutura normalizada por teoria musical."
teclado-F#7#9-3;teclado;F#7#9;Gb7#9;F#;Fá sustenido;sétima com nona aumentada;1 #9 3 5 b7;3;3ª inversão;C#-E-F#-A-A#;C#|E|F#|A|A#;C#;F#;C#-E-F#-A-A#;"C4 como dó central; ajustar conforme tessitura";Voicing teórico fechado. O desenvolvedor pode distribuir notas entre oitavas e omitir duplicações.;"Dicionário de acordes para teclado anexado; estrutura normalizada por teoria musical."
teclado-F#7#9-4;teclado;F#7#9;Gb7#9;F#;Fá sustenido;sétima com nona aumentada;1 #9 3 5 b7;4;4ª inversão;E-F#-A-A#-C#;E|F#|A|A#|C#;E;F#;E-F#-A-A#-C#;"C4 como dó central; ajustar conforme tessitura";Voicing teórico fechado. O desenvolvedor pode distribuir notas entre oitavas e omitir duplicações.;"Dicionário de acordes para teclado anexado; estrutura normalizada por teoria musical."
teclado-F#5-0;teclado;F#5;Gb5;F#;Fá sustenido;quinta (power chord);1 5;0;posição fundamental;F#-C#;F#|C#;F#;F#;F#-C#;"C4 como dó central; ajustar conforme tessitura";Voicing teórico fechado. O desenvolvedor pode distribuir notas entre oitavas e omitir duplicações.;"Dicionário de acordes para teclado anexado; estrutura normalizada por teoria musical."
teclado-F#5-1;teclado;F#5;Gb5;F#;Fá sustenido;quinta (power chord);1 5;1;1ª inversão;C#-F#;C#|F#;C#;F#;C#-F#;"C4 como dó central; ajustar conforme tessitura";Voicing teórico fechado. O desenvolvedor pode distribuir notas entre oitavas e omitir duplicações.;"Dicionário de acordes para teclado anexado; estrutura normalizada por teoria musical."
teclado-G-0;teclado;G;;G;Sol;maior;1 3 5;0;posição fundamental;G-B-D;G|B|D;G;G;G-B-D;"C4 como dó central; ajustar conforme tessitura";Voicing teórico fechado. O desenvolvedor pode distribuir notas entre oitavas e omitir duplicações.;"Dicionário de acordes para teclado anexado; estrutura normalizada por teoria musical."
teclado-G-1;teclado;G;;G;Sol;maior;1 3 5;1;1ª inversão;B-D-G;B|D|G;B;G;B-D-G;"C4 como dó central; ajustar conforme tessitura";Voicing teórico fechado. O desenvolvedor pode distribuir notas entre oitavas e omitir duplicações.;"Dicionário de acordes para teclado anexado; estrutura normalizada por teoria musical."
teclado-G-2;teclado;G;;G;Sol;maior;1 3 5;2;2ª inversão;D-G-B;D|G|B;D;G;D-G-B;"C4 como dó central; ajustar conforme tessitura";Voicing teórico fechado. O desenvolvedor pode distribuir notas entre oitavas e omitir duplicações.;"Dicionário de acordes para teclado anexado; estrutura normalizada por teoria musical."
teclado-Gm-0;teclado;Gm;;G;Sol;menor;1 b3 5;0;posição fundamental;G-A#-D;G|A#|D;G;G;G-A#-D;"C4 como dó central; ajustar conforme tessitura";Voicing teórico fechado. O desenvolvedor pode distribuir notas entre oitavas e omitir duplicações.;"Dicionário de acordes para teclado anexado; estrutura normalizada por teoria musical."
teclado-Gm-1;teclado;Gm;;G;Sol;menor;1 b3 5;1;1ª inversão;A#-D-G;A#|D|G;A#;G;A#-D-G;"C4 como dó central; ajustar conforme tessitura";Voicing teórico fechado. O desenvolvedor pode distribuir notas entre oitavas e omitir duplicações.;"Dicionário de acordes para teclado anexado; estrutura normalizada por teoria musical."
teclado-Gm-2;teclado;Gm;;G;Sol;menor;1 b3 5;2;2ª inversão;D-G-A#;D|G|A#;D;G;D-G-A#;"C4 como dó central; ajustar conforme tessitura";Voicing teórico fechado. O desenvolvedor pode distribuir notas entre oitavas e omitir duplicações.;"Dicionário de acordes para teclado anexado; estrutura normalizada por teoria musical."
teclado-G7-0;teclado;G7;;G;Sol;sétima dominante;1 3 5 b7;0;posição fundamental;G-B-D-F;G|B|D|F;G;G;G-B-D-F;"C4 como dó central; ajustar conforme tessitura";Voicing teórico fechado. O desenvolvedor pode distribuir notas entre oitavas e omitir duplicações.;"Dicionário de acordes para teclado anexado; estrutura normalizada por teoria musical."
teclado-G7-1;teclado;G7;;G;Sol;sétima dominante;1 3 5 b7;1;1ª inversão;B-D-F-G;B|D|F|G;B;G;B-D-F-G;"C4 como dó central; ajustar conforme tessitura";Voicing teórico fechado. O desenvolvedor pode distribuir notas entre oitavas e omitir duplicações.;"Dicionário de acordes para teclado anexado; estrutura normalizada por teoria musical."
teclado-G7-2;teclado;G7;;G;Sol;sétima dominante;1 3 5 b7;2;2ª inversão;D-F-G-B;D|F|G|B;D;G;D-F-G-B;"C4 como dó central; ajustar conforme tessitura";Voicing teórico fechado. O desenvolvedor pode distribuir notas entre oitavas e omitir duplicações.;"Dicionário de acordes para teclado anexado; estrutura normalizada por teoria musical."
teclado-G7-3;teclado;G7;;G;Sol;sétima dominante;1 3 5 b7;3;3ª inversão;F-G-B-D;F|G|B|D;F;G;F-G-B-D;"C4 como dó central; ajustar conforme tessitura";Voicing teórico fechado. O desenvolvedor pode distribuir notas entre oitavas e omitir duplicações.;"Dicionário de acordes para teclado anexado; estrutura normalizada por teoria musical."
teclado-Gmaj7-0;teclado;Gmaj7;;G;Sol;sétima maior;1 3 5 7;0;posição fundamental;G-B-D-F#;G|B|D|F#;G;G;G-B-D-F#;"C4 como dó central; ajustar conforme tessitura";Voicing teórico fechado. O desenvolvedor pode distribuir notas entre oitavas e omitir duplicações.;"Dicionário de acordes para teclado anexado; estrutura normalizada por teoria musical."
teclado-Gmaj7-1;teclado;Gmaj7;;G;Sol;sétima maior;1 3 5 7;1;1ª inversão;B-D-F#-G;B|D|F#|G;B;G;B-D-F#-G;"C4 como dó central; ajustar conforme tessitura";Voicing teórico fechado. O desenvolvedor pode distribuir notas entre oitavas e omitir duplicações.;"Dicionário de acordes para teclado anexado; estrutura normalizada por teoria musical."
teclado-Gmaj7-2;teclado;Gmaj7;;G;Sol;sétima maior;1 3 5 7;2;2ª inversão;D-F#-G-B;D|F#|G|B;D;G;D-F#-G-B;"C4 como dó central; ajustar conforme tessitura";Voicing teórico fechado. O desenvolvedor pode distribuir notas entre oitavas e omitir duplicações.;"Dicionário de acordes para teclado anexado; estrutura normalizada por teoria musical."
teclado-Gmaj7-3;teclado;Gmaj7;;G;Sol;sétima maior;1 3 5 7;3;3ª inversão;F#-G-B-D;F#|G|B|D;F#;G;F#-G-B-D;"C4 como dó central; ajustar conforme tessitura";Voicing teórico fechado. O desenvolvedor pode distribuir notas entre oitavas e omitir duplicações.;"Dicionário de acordes para teclado anexado; estrutura normalizada por teoria musical."
teclado-Gm7-0;teclado;Gm7;;G;Sol;menor com sétima;1 b3 5 b7;0;posição fundamental;G-A#-D-F;G|A#|D|F;G;G;G-A#-D-F;"C4 como dó central; ajustar conforme tessitura";Voicing teórico fechado. O desenvolvedor pode distribuir notas entre oitavas e omitir duplicações.;"Dicionário de acordes para teclado anexado; estrutura normalizada por teoria musical."
teclado-Gm7-1;teclado;Gm7;;G;Sol;menor com sétima;1 b3 5 b7;1;1ª inversão;A#-D-F-G;A#|D|F|G;A#;G;A#-D-F-G;"C4 como dó central; ajustar conforme tessitura";Voicing teórico fechado. O desenvolvedor pode distribuir notas entre oitavas e omitir duplicações.;"Dicionário de acordes para teclado anexado; estrutura normalizada por teoria musical."
teclado-Gm7-2;teclado;Gm7;;G;Sol;menor com sétima;1 b3 5 b7;2;2ª inversão;D-F-G-A#;D|F|G|A#;D;G;D-F-G-A#;"C4 como dó central; ajustar conforme tessitura";Voicing teórico fechado. O desenvolvedor pode distribuir notas entre oitavas e omitir duplicações.;"Dicionário de acordes para teclado anexado; estrutura normalizada por teoria musical."
teclado-Gm7-3;teclado;Gm7;;G;Sol;menor com sétima;1 b3 5 b7;3;3ª inversão;F-G-A#-D;F|G|A#|D;F;G;F-G-A#-D;"C4 como dó central; ajustar conforme tessitura";Voicing teórico fechado. O desenvolvedor pode distribuir notas entre oitavas e omitir duplicações.;"Dicionário de acordes para teclado anexado; estrutura normalizada por teoria musical."
teclado-G6-0;teclado;G6;;G;Sol;sexta;1 3 5 6;0;posição fundamental;G-B-D-E;G|B|D|E;G;G;G-B-D-E;"C4 como dó central; ajustar conforme tessitura";Voicing teórico fechado. O desenvolvedor pode distribuir notas entre oitavas e omitir duplicações.;"Dicionário de acordes para teclado anexado; estrutura normalizada por teoria musical."
teclado-G6-1;teclado;G6;;G;Sol;sexta;1 3 5 6;1;1ª inversão;B-D-E-G;B|D|E|G;B;G;B-D-E-G;"C4 como dó central; ajustar conforme tessitura";Voicing teórico fechado. O desenvolvedor pode distribuir notas entre oitavas e omitir duplicações.;"Dicionário de acordes para teclado anexado; estrutura normalizada por teoria musical."
teclado-G6-2;teclado;G6;;G;Sol;sexta;1 3 5 6;2;2ª inversão;D-E-G-B;D|E|G|B;D;G;D-E-G-B;"C4 como dó central; ajustar conforme tessitura";Voicing teórico fechado. O desenvolvedor pode distribuir notas entre oitavas e omitir duplicações.;"Dicionário de acordes para teclado anexado; estrutura normalizada por teoria musical."
teclado-G6-3;teclado;G6;;G;Sol;sexta;1 3 5 6;3;3ª inversão;E-G-B-D;E|G|B|D;E;G;E-G-B-D;"C4 como dó central; ajustar conforme tessitura";Voicing teórico fechado. O desenvolvedor pode distribuir notas entre oitavas e omitir duplicações.;"Dicionário de acordes para teclado anexado; estrutura normalizada por teoria musical."
teclado-Gm6-0;teclado;Gm6;;G;Sol;menor com sexta;1 b3 5 6;0;posição fundamental;G-A#-D-E;G|A#|D|E;G;G;G-A#-D-E;"C4 como dó central; ajustar conforme tessitura";Voicing teórico fechado. O desenvolvedor pode distribuir notas entre oitavas e omitir duplicações.;"Dicionário de acordes para teclado anexado; estrutura normalizada por teoria musical."
teclado-Gm6-1;teclado;Gm6;;G;Sol;menor com sexta;1 b3 5 6;1;1ª inversão;A#-D-E-G;A#|D|E|G;A#;G;A#-D-E-G;"C4 como dó central; ajustar conforme tessitura";Voicing teórico fechado. O desenvolvedor pode distribuir notas entre oitavas e omitir duplicações.;"Dicionário de acordes para teclado anexado; estrutura normalizada por teoria musical."
teclado-Gm6-2;teclado;Gm6;;G;Sol;menor com sexta;1 b3 5 6;2;2ª inversão;D-E-G-A#;D|E|G|A#;D;G;D-E-G-A#;"C4 como dó central; ajustar conforme tessitura";Voicing teórico fechado. O desenvolvedor pode distribuir notas entre oitavas e omitir duplicações.;"Dicionário de acordes para teclado anexado; estrutura normalizada por teoria musical."
teclado-Gm6-3;teclado;Gm6;;G;Sol;menor com sexta;1 b3 5 6;3;3ª inversão;E-G-A#-D;E|G|A#|D;E;G;E-G-A#-D;"C4 como dó central; ajustar conforme tessitura";Voicing teórico fechado. O desenvolvedor pode distribuir notas entre oitavas e omitir duplicações.;"Dicionário de acordes para teclado anexado; estrutura normalizada por teoria musical."
teclado-Gdim-0;teclado;Gdim;;G;Sol;diminuto;1 b3 b5;0;posição fundamental;G-A#-C#;G|A#|C#;G;G;G-A#-C#;"C4 como dó central; ajustar conforme tessitura";Voicing teórico fechado. O desenvolvedor pode distribuir notas entre oitavas e omitir duplicações.;"Dicionário de acordes para teclado anexado; estrutura normalizada por teoria musical."
teclado-Gdim-1;teclado;Gdim;;G;Sol;diminuto;1 b3 b5;1;1ª inversão;A#-C#-G;A#|C#|G;A#;G;A#-C#-G;"C4 como dó central; ajustar conforme tessitura";Voicing teórico fechado. O desenvolvedor pode distribuir notas entre oitavas e omitir duplicações.;"Dicionário de acordes para teclado anexado; estrutura normalizada por teoria musical."
teclado-Gdim-2;teclado;Gdim;;G;Sol;diminuto;1 b3 b5;2;2ª inversão;C#-G-A#;C#|G|A#;C#;G;C#-G-A#;"C4 como dó central; ajustar conforme tessitura";Voicing teórico fechado. O desenvolvedor pode distribuir notas entre oitavas e omitir duplicações.;"Dicionário de acordes para teclado anexado; estrutura normalizada por teoria musical."
teclado-Gdim7-0;teclado;Gdim7;;G;Sol;diminuto com sétima;1 b3 b5 bb7;0;posição fundamental;G-A#-C#-E;G|A#|C#|E;G;G;G-A#-C#-E;"C4 como dó central; ajustar conforme tessitura";Voicing teórico fechado. O desenvolvedor pode distribuir notas entre oitavas e omitir duplicações.;"Dicionário de acordes para teclado anexado; estrutura normalizada por teoria musical."
teclado-Gdim7-1;teclado;Gdim7;;G;Sol;diminuto com sétima;1 b3 b5 bb7;1;1ª inversão;A#-C#-E-G;A#|C#|E|G;A#;G;A#-C#-E-G;"C4 como dó central; ajustar conforme tessitura";Voicing teórico fechado. O desenvolvedor pode distribuir notas entre oitavas e omitir duplicações.;"Dicionário de acordes para teclado anexado; estrutura normalizada por teoria musical."
teclado-Gdim7-2;teclado;Gdim7;;G;Sol;diminuto com sétima;1 b3 b5 bb7;2;2ª inversão;C#-E-G-A#;C#|E|G|A#;C#;G;C#-E-G-A#;"C4 como dó central; ajustar conforme tessitura";Voicing teórico fechado. O desenvolvedor pode distribuir notas entre oitavas e omitir duplicações.;"Dicionário de acordes para teclado anexado; estrutura normalizada por teoria musical."
teclado-Gdim7-3;teclado;Gdim7;;G;Sol;diminuto com sétima;1 b3 b5 bb7;3;3ª inversão;E-G-A#-C#;E|G|A#|C#;E;G;E-G-A#-C#;"C4 como dó central; ajustar conforme tessitura";Voicing teórico fechado. O desenvolvedor pode distribuir notas entre oitavas e omitir duplicações.;"Dicionário de acordes para teclado anexado; estrutura normalizada por teoria musical."
teclado-Gaug-0;teclado;Gaug;;G;Sol;aumentado;1 3 #5;0;posição fundamental;G-B-D#;G|B|D#;G;G;G-B-D#;"C4 como dó central; ajustar conforme tessitura";Voicing teórico fechado. O desenvolvedor pode distribuir notas entre oitavas e omitir duplicações.;"Dicionário de acordes para teclado anexado; estrutura normalizada por teoria musical."
teclado-Gaug-1;teclado;Gaug;;G;Sol;aumentado;1 3 #5;1;1ª inversão;B-D#-G;B|D#|G;B;G;B-D#-G;"C4 como dó central; ajustar conforme tessitura";Voicing teórico fechado. O desenvolvedor pode distribuir notas entre oitavas e omitir duplicações.;"Dicionário de acordes para teclado anexado; estrutura normalizada por teoria musical."
teclado-Gaug-2;teclado;Gaug;;G;Sol;aumentado;1 3 #5;2;2ª inversão;D#-G-B;D#|G|B;D#;G;D#-G-B;"C4 como dó central; ajustar conforme tessitura";Voicing teórico fechado. O desenvolvedor pode distribuir notas entre oitavas e omitir duplicações.;"Dicionário de acordes para teclado anexado; estrutura normalizada por teoria musical."
teclado-Gsus2-0;teclado;Gsus2;;G;Sol;suspenso com segunda;1 2 5;0;posição fundamental;G-A-D;G|A|D;G;G;G-A-D;"C4 como dó central; ajustar conforme tessitura";Voicing teórico fechado. O desenvolvedor pode distribuir notas entre oitavas e omitir duplicações.;"Dicionário de acordes para teclado anexado; estrutura normalizada por teoria musical."
teclado-Gsus2-1;teclado;Gsus2;;G;Sol;suspenso com segunda;1 2 5;1;1ª inversão;A-D-G;A|D|G;A;G;A-D-G;"C4 como dó central; ajustar conforme tessitura";Voicing teórico fechado. O desenvolvedor pode distribuir notas entre oitavas e omitir duplicações.;"Dicionário de acordes para teclado anexado; estrutura normalizada por teoria musical."
teclado-Gsus2-2;teclado;Gsus2;;G;Sol;suspenso com segunda;1 2 5;2;2ª inversão;D-G-A;D|G|A;D;G;D-G-A;"C4 como dó central; ajustar conforme tessitura";Voicing teórico fechado. O desenvolvedor pode distribuir notas entre oitavas e omitir duplicações.;"Dicionário de acordes para teclado anexado; estrutura normalizada por teoria musical."
teclado-Gsus4-0;teclado;Gsus4;;G;Sol;suspenso com quarta;1 4 5;0;posição fundamental;G-C-D;G|C|D;G;G;G-C-D;"C4 como dó central; ajustar conforme tessitura";Voicing teórico fechado. O desenvolvedor pode distribuir notas entre oitavas e omitir duplicações.;"Dicionário de acordes para teclado anexado; estrutura normalizada por teoria musical."
teclado-Gsus4-1;teclado;Gsus4;;G;Sol;suspenso com quarta;1 4 5;1;1ª inversão;C-D-G;C|D|G;C;G;C-D-G;"C4 como dó central; ajustar conforme tessitura";Voicing teórico fechado. O desenvolvedor pode distribuir notas entre oitavas e omitir duplicações.;"Dicionário de acordes para teclado anexado; estrutura normalizada por teoria musical."
teclado-Gsus4-2;teclado;Gsus4;;G;Sol;suspenso com quarta;1 4 5;2;2ª inversão;D-G-C;D|G|C;D;G;D-G-C;"C4 como dó central; ajustar conforme tessitura";Voicing teórico fechado. O desenvolvedor pode distribuir notas entre oitavas e omitir duplicações.;"Dicionário de acordes para teclado anexado; estrutura normalizada por teoria musical."
teclado-Gadd9-0;teclado;Gadd9;;G;Sol;com nona adicionada;1 3 5 9;0;posição fundamental;G-A-B-D;G|A|B|D;G;G;G-A-B-D;"C4 como dó central; ajustar conforme tessitura";Voicing teórico fechado. O desenvolvedor pode distribuir notas entre oitavas e omitir duplicações.;"Dicionário de acordes para teclado anexado; estrutura normalizada por teoria musical."
teclado-Gadd9-1;teclado;Gadd9;;G;Sol;com nona adicionada;1 3 5 9;1;1ª inversão;A-B-D-G;A|B|D|G;A;G;A-B-D-G;"C4 como dó central; ajustar conforme tessitura";Voicing teórico fechado. O desenvolvedor pode distribuir notas entre oitavas e omitir duplicações.;"Dicionário de acordes para teclado anexado; estrutura normalizada por teoria musical."
teclado-Gadd9-2;teclado;Gadd9;;G;Sol;com nona adicionada;1 3 5 9;2;2ª inversão;B-D-G-A;B|D|G|A;B;G;B-D-G-A;"C4 como dó central; ajustar conforme tessitura";Voicing teórico fechado. O desenvolvedor pode distribuir notas entre oitavas e omitir duplicações.;"Dicionário de acordes para teclado anexado; estrutura normalizada por teoria musical."
teclado-Gadd9-3;teclado;Gadd9;;G;Sol;com nona adicionada;1 3 5 9;3;3ª inversão;D-G-A-B;D|G|A|B;D;G;D-G-A-B;"C4 como dó central; ajustar conforme tessitura";Voicing teórico fechado. O desenvolvedor pode distribuir notas entre oitavas e omitir duplicações.;"Dicionário de acordes para teclado anexado; estrutura normalizada por teoria musical."
teclado-G9-0;teclado;G9;;G;Sol;nona dominante;1 3 5 b7 9;0;posição fundamental;G-A-B-D-F;G|A|B|D|F;G;G;G-A-B-D-F;"C4 como dó central; ajustar conforme tessitura";Voicing teórico fechado. O desenvolvedor pode distribuir notas entre oitavas e omitir duplicações.;"Dicionário de acordes para teclado anexado; estrutura normalizada por teoria musical."
teclado-G9-1;teclado;G9;;G;Sol;nona dominante;1 3 5 b7 9;1;1ª inversão;A-B-D-F-G;A|B|D|F|G;A;G;A-B-D-F-G;"C4 como dó central; ajustar conforme tessitura";Voicing teórico fechado. O desenvolvedor pode distribuir notas entre oitavas e omitir duplicações.;"Dicionário de acordes para teclado anexado; estrutura normalizada por teoria musical."
teclado-G9-2;teclado;G9;;G;Sol;nona dominante;1 3 5 b7 9;2;2ª inversão;B-D-F-G-A;B|D|F|G|A;B;G;B-D-F-G-A;"C4 como dó central; ajustar conforme tessitura";Voicing teórico fechado. O desenvolvedor pode distribuir notas entre oitavas e omitir duplicações.;"Dicionário de acordes para teclado anexado; estrutura normalizada por teoria musical."
teclado-G9-3;teclado;G9;;G;Sol;nona dominante;1 3 5 b7 9;3;3ª inversão;D-F-G-A-B;D|F|G|A|B;D;G;D-F-G-A-B;"C4 como dó central; ajustar conforme tessitura";Voicing teórico fechado. O desenvolvedor pode distribuir notas entre oitavas e omitir duplicações.;"Dicionário de acordes para teclado anexado; estrutura normalizada por teoria musical."
teclado-G9-4;teclado;G9;;G;Sol;nona dominante;1 3 5 b7 9;4;4ª inversão;F-G-A-B-D;F|G|A|B|D;F;G;F-G-A-B-D;"C4 como dó central; ajustar conforme tessitura";Voicing teórico fechado. O desenvolvedor pode distribuir notas entre oitavas e omitir duplicações.;"Dicionário de acordes para teclado anexado; estrutura normalizada por teoria musical."
teclado-Gmaj9-0;teclado;Gmaj9;;G;Sol;nona maior;1 3 5 7 9;0;posição fundamental;G-A-B-D-F#;G|A|B|D|F#;G;G;G-A-B-D-F#;"C4 como dó central; ajustar conforme tessitura";Voicing teórico fechado. O desenvolvedor pode distribuir notas entre oitavas e omitir duplicações.;"Dicionário de acordes para teclado anexado; estrutura normalizada por teoria musical."
teclado-Gmaj9-1;teclado;Gmaj9;;G;Sol;nona maior;1 3 5 7 9;1;1ª inversão;A-B-D-F#-G;A|B|D|F#|G;A;G;A-B-D-F#-G;"C4 como dó central; ajustar conforme tessitura";Voicing teórico fechado. O desenvolvedor pode distribuir notas entre oitavas e omitir duplicações.;"Dicionário de acordes para teclado anexado; estrutura normalizada por teoria musical."
teclado-Gmaj9-2;teclado;Gmaj9;;G;Sol;nona maior;1 3 5 7 9;2;2ª inversão;B-D-F#-G-A;B|D|F#|G|A;B;G;B-D-F#-G-A;"C4 como dó central; ajustar conforme tessitura";Voicing teórico fechado. O desenvolvedor pode distribuir notas entre oitavas e omitir duplicações.;"Dicionário de acordes para teclado anexado; estrutura normalizada por teoria musical."
teclado-Gmaj9-3;teclado;Gmaj9;;G;Sol;nona maior;1 3 5 7 9;3;3ª inversão;D-F#-G-A-B;D|F#|G|A|B;D;G;D-F#-G-A-B;"C4 como dó central; ajustar conforme tessitura";Voicing teórico fechado. O desenvolvedor pode distribuir notas entre oitavas e omitir duplicações.;"Dicionário de acordes para teclado anexado; estrutura normalizada por teoria musical."
teclado-Gmaj9-4;teclado;Gmaj9;;G;Sol;nona maior;1 3 5 7 9;4;4ª inversão;F#-G-A-B-D;F#|G|A|B|D;F#;G;F#-G-A-B-D;"C4 como dó central; ajustar conforme tessitura";Voicing teórico fechado. O desenvolvedor pode distribuir notas entre oitavas e omitir duplicações.;"Dicionário de acordes para teclado anexado; estrutura normalizada por teoria musical."
teclado-Gm9-0;teclado;Gm9;;G;Sol;menor com nona;1 b3 5 b7 9;0;posição fundamental;G-A-A#-D-F;G|A|A#|D|F;G;G;G-A-A#-D-F;"C4 como dó central; ajustar conforme tessitura";Voicing teórico fechado. O desenvolvedor pode distribuir notas entre oitavas e omitir duplicações.;"Dicionário de acordes para teclado anexado; estrutura normalizada por teoria musical."
teclado-Gm9-1;teclado;Gm9;;G;Sol;menor com nona;1 b3 5 b7 9;1;1ª inversão;A-A#-D-F-G;A|A#|D|F|G;A;G;A-A#-D-F-G;"C4 como dó central; ajustar conforme tessitura";Voicing teórico fechado. O desenvolvedor pode distribuir notas entre oitavas e omitir duplicações.;"Dicionário de acordes para teclado anexado; estrutura normalizada por teoria musical."
teclado-Gm9-2;teclado;Gm9;;G;Sol;menor com nona;1 b3 5 b7 9;2;2ª inversão;A#-D-F-G-A;A#|D|F|G|A;A#;G;A#-D-F-G-A;"C4 como dó central; ajustar conforme tessitura";Voicing teórico fechado. O desenvolvedor pode distribuir notas entre oitavas e omitir duplicações.;"Dicionário de acordes para teclado anexado; estrutura normalizada por teoria musical."
teclado-Gm9-3;teclado;Gm9;;G;Sol;menor com nona;1 b3 5 b7 9;3;3ª inversão;D-F-G-A-A#;D|F|G|A|A#;D;G;D-F-G-A-A#;"C4 como dó central; ajustar conforme tessitura";Voicing teórico fechado. O desenvolvedor pode distribuir notas entre oitavas e omitir duplicações.;"Dicionário de acordes para teclado anexado; estrutura normalizada por teoria musical."
teclado-Gm9-4;teclado;Gm9;;G;Sol;menor com nona;1 b3 5 b7 9;4;4ª inversão;F-G-A-A#-D;F|G|A|A#|D;F;G;F-G-A-A#-D;"C4 como dó central; ajustar conforme tessitura";Voicing teórico fechado. O desenvolvedor pode distribuir notas entre oitavas e omitir duplicações.;"Dicionário de acordes para teclado anexado; estrutura normalizada por teoria musical."
teclado-G11-0;teclado;G11;;G;Sol;décima primeira;1 3 5 b7 9 11;0;posição fundamental;G-A-B-C-D-F;G|A|B|C|D|F;G;G;G-A-B-C-D-F;"C4 como dó central; ajustar conforme tessitura";Voicing teórico fechado. O desenvolvedor pode distribuir notas entre oitavas e omitir duplicações.;"Dicionário de acordes para teclado anexado; estrutura normalizada por teoria musical."
teclado-G11-1;teclado;G11;;G;Sol;décima primeira;1 3 5 b7 9 11;1;1ª inversão;A-B-C-D-F-G;A|B|C|D|F|G;A;G;A-B-C-D-F-G;"C4 como dó central; ajustar conforme tessitura";Voicing teórico fechado. O desenvolvedor pode distribuir notas entre oitavas e omitir duplicações.;"Dicionário de acordes para teclado anexado; estrutura normalizada por teoria musical."
teclado-G11-2;teclado;G11;;G;Sol;décima primeira;1 3 5 b7 9 11;2;2ª inversão;B-C-D-F-G-A;B|C|D|F|G|A;B;G;B-C-D-F-G-A;"C4 como dó central; ajustar conforme tessitura";Voicing teórico fechado. O desenvolvedor pode distribuir notas entre oitavas e omitir duplicações.;"Dicionário de acordes para teclado anexado; estrutura normalizada por teoria musical."
teclado-G11-3;teclado;G11;;G;Sol;décima primeira;1 3 5 b7 9 11;3;3ª inversão;C-D-F-G-A-B;C|D|F|G|A|B;C;G;C-D-F-G-A-B;"C4 como dó central; ajustar conforme tessitura";Voicing teórico fechado. O desenvolvedor pode distribuir notas entre oitavas e omitir duplicações.;"Dicionário de acordes para teclado anexado; estrutura normalizada por teoria musical."
teclado-G11-4;teclado;G11;;G;Sol;décima primeira;1 3 5 b7 9 11;4;4ª inversão;D-F-G-A-B-C;D|F|G|A|B|C;D;G;D-F-G-A-B-C;"C4 como dó central; ajustar conforme tessitura";Voicing teórico fechado. O desenvolvedor pode distribuir notas entre oitavas e omitir duplicações.;"Dicionário de acordes para teclado anexado; estrutura normalizada por teoria musical."
teclado-G11-5;teclado;G11;;G;Sol;décima primeira;1 3 5 b7 9 11;5;5ª inversão;F-G-A-B-C-D;F|G|A|B|C|D;F;G;F-G-A-B-C-D;"C4 como dó central; ajustar conforme tessitura";Voicing teórico fechado. O desenvolvedor pode distribuir notas entre oitavas e omitir duplicações.;"Dicionário de acordes para teclado anexado; estrutura normalizada por teoria musical."
teclado-Gm11-0;teclado;Gm11;;G;Sol;menor com décima primeira;1 b3 5 b7 9 11;0;posição fundamental;G-A-A#-C-D-F;G|A|A#|C|D|F;G;G;G-A-A#-C-D-F;"C4 como dó central; ajustar conforme tessitura";Voicing teórico fechado. O desenvolvedor pode distribuir notas entre oitavas e omitir duplicações.;"Dicionário de acordes para teclado anexado; estrutura normalizada por teoria musical."
teclado-Gm11-1;teclado;Gm11;;G;Sol;menor com décima primeira;1 b3 5 b7 9 11;1;1ª inversão;A-A#-C-D-F-G;A|A#|C|D|F|G;A;G;A-A#-C-D-F-G;"C4 como dó central; ajustar conforme tessitura";Voicing teórico fechado. O desenvolvedor pode distribuir notas entre oitavas e omitir duplicações.;"Dicionário de acordes para teclado anexado; estrutura normalizada por teoria musical."
teclado-Gm11-2;teclado;Gm11;;G;Sol;menor com décima primeira;1 b3 5 b7 9 11;2;2ª inversão;A#-C-D-F-G-A;A#|C|D|F|G|A;A#;G;A#-C-D-F-G-A;"C4 como dó central; ajustar conforme tessitura";Voicing teórico fechado. O desenvolvedor pode distribuir notas entre oitavas e omitir duplicações.;"Dicionário de acordes para teclado anexado; estrutura normalizada por teoria musical."
teclado-Gm11-3;teclado;Gm11;;G;Sol;menor com décima primeira;1 b3 5 b7 9 11;3;3ª inversão;C-D-F-G-A-A#;C|D|F|G|A|A#;C;G;C-D-F-G-A-A#;"C4 como dó central; ajustar conforme tessitura";Voicing teórico fechado. O desenvolvedor pode distribuir notas entre oitavas e omitir duplicações.;"Dicionário de acordes para teclado anexado; estrutura normalizada por teoria musical."
teclado-Gm11-4;teclado;Gm11;;G;Sol;menor com décima primeira;1 b3 5 b7 9 11;4;4ª inversão;D-F-G-A-A#-C;D|F|G|A|A#|C;D;G;D-F-G-A-A#-C;"C4 como dó central; ajustar conforme tessitura";Voicing teórico fechado. O desenvolvedor pode distribuir notas entre oitavas e omitir duplicações.;"Dicionário de acordes para teclado anexado; estrutura normalizada por teoria musical."
teclado-Gm11-5;teclado;Gm11;;G;Sol;menor com décima primeira;1 b3 5 b7 9 11;5;5ª inversão;F-G-A-A#-C-D;F|G|A|A#|C|D;F;G;F-G-A-A#-C-D;"C4 como dó central; ajustar conforme tessitura";Voicing teórico fechado. O desenvolvedor pode distribuir notas entre oitavas e omitir duplicações.;"Dicionário de acordes para teclado anexado; estrutura normalizada por teoria musical."
teclado-G13-0;teclado;G13;;G;Sol;décima terceira;1 3 5 b7 9 13;0;posição fundamental;G-A-B-D-E-F;G|A|B|D|E|F;G;G;G-A-B-D-E-F;"C4 como dó central; ajustar conforme tessitura";Voicing teórico fechado. O desenvolvedor pode distribuir notas entre oitavas e omitir duplicações.;"Dicionário de acordes para teclado anexado; estrutura normalizada por teoria musical."
teclado-G13-1;teclado;G13;;G;Sol;décima terceira;1 3 5 b7 9 13;1;1ª inversão;A-B-D-E-F-G;A|B|D|E|F|G;A;G;A-B-D-E-F-G;"C4 como dó central; ajustar conforme tessitura";Voicing teórico fechado. O desenvolvedor pode distribuir notas entre oitavas e omitir duplicações.;"Dicionário de acordes para teclado anexado; estrutura normalizada por teoria musical."
teclado-G13-2;teclado;G13;;G;Sol;décima terceira;1 3 5 b7 9 13;2;2ª inversão;B-D-E-F-G-A;B|D|E|F|G|A;B;G;B-D-E-F-G-A;"C4 como dó central; ajustar conforme tessitura";Voicing teórico fechado. O desenvolvedor pode distribuir notas entre oitavas e omitir duplicações.;"Dicionário de acordes para teclado anexado; estrutura normalizada por teoria musical."
teclado-G13-3;teclado;G13;;G;Sol;décima terceira;1 3 5 b7 9 13;3;3ª inversão;D-E-F-G-A-B;D|E|F|G|A|B;D;G;D-E-F-G-A-B;"C4 como dó central; ajustar conforme tessitura";Voicing teórico fechado. O desenvolvedor pode distribuir notas entre oitavas e omitir duplicações.;"Dicionário de acordes para teclado anexado; estrutura normalizada por teoria musical."
teclado-G13-4;teclado;G13;;G;Sol;décima terceira;1 3 5 b7 9 13;4;4ª inversão;E-F-G-A-B-D;E|F|G|A|B|D;E;G;E-F-G-A-B-D;"C4 como dó central; ajustar conforme tessitura";Voicing teórico fechado. O desenvolvedor pode distribuir notas entre oitavas e omitir duplicações.;"Dicionário de acordes para teclado anexado; estrutura normalizada por teoria musical."
teclado-G13-5;teclado;G13;;G;Sol;décima terceira;1 3 5 b7 9 13;5;5ª inversão;F-G-A-B-D-E;F|G|A|B|D|E;F;G;F-G-A-B-D-E;"C4 como dó central; ajustar conforme tessitura";Voicing teórico fechado. O desenvolvedor pode distribuir notas entre oitavas e omitir duplicações.;"Dicionário de acordes para teclado anexado; estrutura normalizada por teoria musical."
teclado-Gm13-0;teclado;Gm13;;G;Sol;menor com décima terceira;1 b3 5 b7 9 13;0;posição fundamental;G-A-A#-D-E-F;G|A|A#|D|E|F;G;G;G-A-A#-D-E-F;"C4 como dó central; ajustar conforme tessitura";Voicing teórico fechado. O desenvolvedor pode distribuir notas entre oitavas e omitir duplicações.;"Dicionário de acordes para teclado anexado; estrutura normalizada por teoria musical."
teclado-Gm13-1;teclado;Gm13;;G;Sol;menor com décima terceira;1 b3 5 b7 9 13;1;1ª inversão;A-A#-D-E-F-G;A|A#|D|E|F|G;A;G;A-A#-D-E-F-G;"C4 como dó central; ajustar conforme tessitura";Voicing teórico fechado. O desenvolvedor pode distribuir notas entre oitavas e omitir duplicações.;"Dicionário de acordes para teclado anexado; estrutura normalizada por teoria musical."
teclado-Gm13-2;teclado;Gm13;;G;Sol;menor com décima terceira;1 b3 5 b7 9 13;2;2ª inversão;A#-D-E-F-G-A;A#|D|E|F|G|A;A#;G;A#-D-E-F-G-A;"C4 como dó central; ajustar conforme tessitura";Voicing teórico fechado. O desenvolvedor pode distribuir notas entre oitavas e omitir duplicações.;"Dicionário de acordes para teclado anexado; estrutura normalizada por teoria musical."
teclado-Gm13-3;teclado;Gm13;;G;Sol;menor com décima terceira;1 b3 5 b7 9 13;3;3ª inversão;D-E-F-G-A-A#;D|E|F|G|A|A#;D;G;D-E-F-G-A-A#;"C4 como dó central; ajustar conforme tessitura";Voicing teórico fechado. O desenvolvedor pode distribuir notas entre oitavas e omitir duplicações.;"Dicionário de acordes para teclado anexado; estrutura normalizada por teoria musical."
teclado-Gm13-4;teclado;Gm13;;G;Sol;menor com décima terceira;1 b3 5 b7 9 13;4;4ª inversão;E-F-G-A-A#-D;E|F|G|A|A#|D;E;G;E-F-G-A-A#-D;"C4 como dó central; ajustar conforme tessitura";Voicing teórico fechado. O desenvolvedor pode distribuir notas entre oitavas e omitir duplicações.;"Dicionário de acordes para teclado anexado; estrutura normalizada por teoria musical."
teclado-Gm13-5;teclado;Gm13;;G;Sol;menor com décima terceira;1 b3 5 b7 9 13;5;5ª inversão;F-G-A-A#-D-E;F|G|A|A#|D|E;F;G;F-G-A-A#-D-E;"C4 como dó central; ajustar conforme tessitura";Voicing teórico fechado. O desenvolvedor pode distribuir notas entre oitavas e omitir duplicações.;"Dicionário de acordes para teclado anexado; estrutura normalizada por teoria musical."
teclado-G7b5-0;teclado;G7b5;;G;Sol;sétima com quinta diminuta;1 3 b5 b7;0;posição fundamental;G-B-C#-F;G|B|C#|F;G;G;G-B-C#-F;"C4 como dó central; ajustar conforme tessitura";Voicing teórico fechado. O desenvolvedor pode distribuir notas entre oitavas e omitir duplicações.;"Dicionário de acordes para teclado anexado; estrutura normalizada por teoria musical."
teclado-G7b5-1;teclado;G7b5;;G;Sol;sétima com quinta diminuta;1 3 b5 b7;1;1ª inversão;B-C#-F-G;B|C#|F|G;B;G;B-C#-F-G;"C4 como dó central; ajustar conforme tessitura";Voicing teórico fechado. O desenvolvedor pode distribuir notas entre oitavas e omitir duplicações.;"Dicionário de acordes para teclado anexado; estrutura normalizada por teoria musical."
teclado-G7b5-2;teclado;G7b5;;G;Sol;sétima com quinta diminuta;1 3 b5 b7;2;2ª inversão;C#-F-G-B;C#|F|G|B;C#;G;C#-F-G-B;"C4 como dó central; ajustar conforme tessitura";Voicing teórico fechado. O desenvolvedor pode distribuir notas entre oitavas e omitir duplicações.;"Dicionário de acordes para teclado anexado; estrutura normalizada por teoria musical."
teclado-G7b5-3;teclado;G7b5;;G;Sol;sétima com quinta diminuta;1 3 b5 b7;3;3ª inversão;F-G-B-C#;F|G|B|C#;F;G;F-G-B-C#;"C4 como dó central; ajustar conforme tessitura";Voicing teórico fechado. O desenvolvedor pode distribuir notas entre oitavas e omitir duplicações.;"Dicionário de acordes para teclado anexado; estrutura normalizada por teoria musical."
teclado-G7#5-0;teclado;G7#5;;G;Sol;sétima com quinta aumentada;1 3 #5 b7;0;posição fundamental;G-B-D#-F;G|B|D#|F;G;G;G-B-D#-F;"C4 como dó central; ajustar conforme tessitura";Voicing teórico fechado. O desenvolvedor pode distribuir notas entre oitavas e omitir duplicações.;"Dicionário de acordes para teclado anexado; estrutura normalizada por teoria musical."
teclado-G7#5-1;teclado;G7#5;;G;Sol;sétima com quinta aumentada;1 3 #5 b7;1;1ª inversão;B-D#-F-G;B|D#|F|G;B;G;B-D#-F-G;"C4 como dó central; ajustar conforme tessitura";Voicing teórico fechado. O desenvolvedor pode distribuir notas entre oitavas e omitir duplicações.;"Dicionário de acordes para teclado anexado; estrutura normalizada por teoria musical."
teclado-G7#5-2;teclado;G7#5;;G;Sol;sétima com quinta aumentada;1 3 #5 b7;2;2ª inversão;D#-F-G-B;D#|F|G|B;D#;G;D#-F-G-B;"C4 como dó central; ajustar conforme tessitura";Voicing teórico fechado. O desenvolvedor pode distribuir notas entre oitavas e omitir duplicações.;"Dicionário de acordes para teclado anexado; estrutura normalizada por teoria musical."
teclado-G7#5-3;teclado;G7#5;;G;Sol;sétima com quinta aumentada;1 3 #5 b7;3;3ª inversão;F-G-B-D#;F|G|B|D#;F;G;F-G-B-D#;"C4 como dó central; ajustar conforme tessitura";Voicing teórico fechado. O desenvolvedor pode distribuir notas entre oitavas e omitir duplicações.;"Dicionário de acordes para teclado anexado; estrutura normalizada por teoria musical."
teclado-G7b9-0;teclado;G7b9;;G;Sol;sétima com nona menor;1 b9 3 5 b7;0;posição fundamental;G-G#-B-D-F;G|G#|B|D|F;G;G;G-G#-B-D-F;"C4 como dó central; ajustar conforme tessitura";Voicing teórico fechado. O desenvolvedor pode distribuir notas entre oitavas e omitir duplicações.;"Dicionário de acordes para teclado anexado; estrutura normalizada por teoria musical."
teclado-G7b9-1;teclado;G7b9;;G;Sol;sétima com nona menor;1 b9 3 5 b7;1;1ª inversão;G#-B-D-F-G;G#|B|D|F|G;G#;G;G#-B-D-F-G;"C4 como dó central; ajustar conforme tessitura";Voicing teórico fechado. O desenvolvedor pode distribuir notas entre oitavas e omitir duplicações.;"Dicionário de acordes para teclado anexado; estrutura normalizada por teoria musical."
teclado-G7b9-2;teclado;G7b9;;G;Sol;sétima com nona menor;1 b9 3 5 b7;2;2ª inversão;B-D-F-G-G#;B|D|F|G|G#;B;G;B-D-F-G-G#;"C4 como dó central; ajustar conforme tessitura";Voicing teórico fechado. O desenvolvedor pode distribuir notas entre oitavas e omitir duplicações.;"Dicionário de acordes para teclado anexado; estrutura normalizada por teoria musical."
teclado-G7b9-3;teclado;G7b9;;G;Sol;sétima com nona menor;1 b9 3 5 b7;3;3ª inversão;D-F-G-G#-B;D|F|G|G#|B;D;G;D-F-G-G#-B;"C4 como dó central; ajustar conforme tessitura";Voicing teórico fechado. O desenvolvedor pode distribuir notas entre oitavas e omitir duplicações.;"Dicionário de acordes para teclado anexado; estrutura normalizada por teoria musical."
teclado-G7b9-4;teclado;G7b9;;G;Sol;sétima com nona menor;1 b9 3 5 b7;4;4ª inversão;F-G-G#-B-D;F|G|G#|B|D;F;G;F-G-G#-B-D;"C4 como dó central; ajustar conforme tessitura";Voicing teórico fechado. O desenvolvedor pode distribuir notas entre oitavas e omitir duplicações.;"Dicionário de acordes para teclado anexado; estrutura normalizada por teoria musical."
teclado-G7#9-0;teclado;G7#9;;G;Sol;sétima com nona aumentada;1 #9 3 5 b7;0;posição fundamental;G-A#-B-D-F;G|A#|B|D|F;G;G;G-A#-B-D-F;"C4 como dó central; ajustar conforme tessitura";Voicing teórico fechado. O desenvolvedor pode distribuir notas entre oitavas e omitir duplicações.;"Dicionário de acordes para teclado anexado; estrutura normalizada por teoria musical."
teclado-G7#9-1;teclado;G7#9;;G;Sol;sétima com nona aumentada;1 #9 3 5 b7;1;1ª inversão;A#-B-D-F-G;A#|B|D|F|G;A#;G;A#-B-D-F-G;"C4 como dó central; ajustar conforme tessitura";Voicing teórico fechado. O desenvolvedor pode distribuir notas entre oitavas e omitir duplicações.;"Dicionário de acordes para teclado anexado; estrutura normalizada por teoria musical."
teclado-G7#9-2;teclado;G7#9;;G;Sol;sétima com nona aumentada;1 #9 3 5 b7;2;2ª inversão;B-D-F-G-A#;B|D|F|G|A#;B;G;B-D-F-G-A#;"C4 como dó central; ajustar conforme tessitura";Voicing teórico fechado. O desenvolvedor pode distribuir notas entre oitavas e omitir duplicações.;"Dicionário de acordes para teclado anexado; estrutura normalizada por teoria musical."
teclado-G7#9-3;teclado;G7#9;;G;Sol;sétima com nona aumentada;1 #9 3 5 b7;3;3ª inversão;D-F-G-A#-B;D|F|G|A#|B;D;G;D-F-G-A#-B;"C4 como dó central; ajustar conforme tessitura";Voicing teórico fechado. O desenvolvedor pode distribuir notas entre oitavas e omitir duplicações.;"Dicionário de acordes para teclado anexado; estrutura normalizada por teoria musical."
teclado-G7#9-4;teclado;G7#9;;G;Sol;sétima com nona aumentada;1 #9 3 5 b7;4;4ª inversão;F-G-A#-B-D;F|G|A#|B|D;F;G;F-G-A#-B-D;"C4 como dó central; ajustar conforme tessitura";Voicing teórico fechado. O desenvolvedor pode distribuir notas entre oitavas e omitir duplicações.;"Dicionário de acordes para teclado anexado; estrutura normalizada por teoria musical."
teclado-G5-0;teclado;G5;;G;Sol;quinta (power chord);1 5;0;posição fundamental;G-D;G|D;G;G;G-D;"C4 como dó central; ajustar conforme tessitura";Voicing teórico fechado. O desenvolvedor pode distribuir notas entre oitavas e omitir duplicações.;"Dicionário de acordes para teclado anexado; estrutura normalizada por teoria musical."
teclado-G5-1;teclado;G5;;G;Sol;quinta (power chord);1 5;1;1ª inversão;D-G;D|G;D;G;D-G;"C4 como dó central; ajustar conforme tessitura";Voicing teórico fechado. O desenvolvedor pode distribuir notas entre oitavas e omitir duplicações.;"Dicionário de acordes para teclado anexado; estrutura normalizada por teoria musical."
teclado-G#-0;teclado;G#;Ab;G#;Sol sustenido;maior;1 3 5;0;posição fundamental;G#-C-D#;G#|C|D#;G#;G#;G#-C-D#;"C4 como dó central; ajustar conforme tessitura";Voicing teórico fechado. O desenvolvedor pode distribuir notas entre oitavas e omitir duplicações.;"Dicionário de acordes para teclado anexado; estrutura normalizada por teoria musical."
teclado-G#-1;teclado;G#;Ab;G#;Sol sustenido;maior;1 3 5;1;1ª inversão;C-D#-G#;C|D#|G#;C;G#;C-D#-G#;"C4 como dó central; ajustar conforme tessitura";Voicing teórico fechado. O desenvolvedor pode distribuir notas entre oitavas e omitir duplicações.;"Dicionário de acordes para teclado anexado; estrutura normalizada por teoria musical."
teclado-G#-2;teclado;G#;Ab;G#;Sol sustenido;maior;1 3 5;2;2ª inversão;D#-G#-C;D#|G#|C;D#;G#;D#-G#-C;"C4 como dó central; ajustar conforme tessitura";Voicing teórico fechado. O desenvolvedor pode distribuir notas entre oitavas e omitir duplicações.;"Dicionário de acordes para teclado anexado; estrutura normalizada por teoria musical."
teclado-G#m-0;teclado;G#m;Abm;G#;Sol sustenido;menor;1 b3 5;0;posição fundamental;G#-B-D#;G#|B|D#;G#;G#;G#-B-D#;"C4 como dó central; ajustar conforme tessitura";Voicing teórico fechado. O desenvolvedor pode distribuir notas entre oitavas e omitir duplicações.;"Dicionário de acordes para teclado anexado; estrutura normalizada por teoria musical."
teclado-G#m-1;teclado;G#m;Abm;G#;Sol sustenido;menor;1 b3 5;1;1ª inversão;B-D#-G#;B|D#|G#;B;G#;B-D#-G#;"C4 como dó central; ajustar conforme tessitura";Voicing teórico fechado. O desenvolvedor pode distribuir notas entre oitavas e omitir duplicações.;"Dicionário de acordes para teclado anexado; estrutura normalizada por teoria musical."
teclado-G#m-2;teclado;G#m;Abm;G#;Sol sustenido;menor;1 b3 5;2;2ª inversão;D#-G#-B;D#|G#|B;D#;G#;D#-G#-B;"C4 como dó central; ajustar conforme tessitura";Voicing teórico fechado. O desenvolvedor pode distribuir notas entre oitavas e omitir duplicações.;"Dicionário de acordes para teclado anexado; estrutura normalizada por teoria musical."
teclado-G#7-0;teclado;G#7;Ab7;G#;Sol sustenido;sétima dominante;1 3 5 b7;0;posição fundamental;G#-C-D#-F#;G#|C|D#|F#;G#;G#;G#-C-D#-F#;"C4 como dó central; ajustar conforme tessitura";Voicing teórico fechado. O desenvolvedor pode distribuir notas entre oitavas e omitir duplicações.;"Dicionário de acordes para teclado anexado; estrutura normalizada por teoria musical."
teclado-G#7-1;teclado;G#7;Ab7;G#;Sol sustenido;sétima dominante;1 3 5 b7;1;1ª inversão;C-D#-F#-G#;C|D#|F#|G#;C;G#;C-D#-F#-G#;"C4 como dó central; ajustar conforme tessitura";Voicing teórico fechado. O desenvolvedor pode distribuir notas entre oitavas e omitir duplicações.;"Dicionário de acordes para teclado anexado; estrutura normalizada por teoria musical."
teclado-G#7-2;teclado;G#7;Ab7;G#;Sol sustenido;sétima dominante;1 3 5 b7;2;2ª inversão;D#-F#-G#-C;D#|F#|G#|C;D#;G#;D#-F#-G#-C;"C4 como dó central; ajustar conforme tessitura";Voicing teórico fechado. O desenvolvedor pode distribuir notas entre oitavas e omitir duplicações.;"Dicionário de acordes para teclado anexado; estrutura normalizada por teoria musical."
teclado-G#7-3;teclado;G#7;Ab7;G#;Sol sustenido;sétima dominante;1 3 5 b7;3;3ª inversão;F#-G#-C-D#;F#|G#|C|D#;F#;G#;F#-G#-C-D#;"C4 como dó central; ajustar conforme tessitura";Voicing teórico fechado. O desenvolvedor pode distribuir notas entre oitavas e omitir duplicações.;"Dicionário de acordes para teclado anexado; estrutura normalizada por teoria musical."
teclado-G#maj7-0;teclado;G#maj7;Abmaj7;G#;Sol sustenido;sétima maior;1 3 5 7;0;posição fundamental;G#-C-D#-G;G#|C|D#|G;G#;G#;G#-C-D#-G;"C4 como dó central; ajustar conforme tessitura";Voicing teórico fechado. O desenvolvedor pode distribuir notas entre oitavas e omitir duplicações.;"Dicionário de acordes para teclado anexado; estrutura normalizada por teoria musical."
teclado-G#maj7-1;teclado;G#maj7;Abmaj7;G#;Sol sustenido;sétima maior;1 3 5 7;1;1ª inversão;C-D#-G-G#;C|D#|G|G#;C;G#;C-D#-G-G#;"C4 como dó central; ajustar conforme tessitura";Voicing teórico fechado. O desenvolvedor pode distribuir notas entre oitavas e omitir duplicações.;"Dicionário de acordes para teclado anexado; estrutura normalizada por teoria musical."
teclado-G#maj7-2;teclado;G#maj7;Abmaj7;G#;Sol sustenido;sétima maior;1 3 5 7;2;2ª inversão;D#-G-G#-C;D#|G|G#|C;D#;G#;D#-G-G#-C;"C4 como dó central; ajustar conforme tessitura";Voicing teórico fechado. O desenvolvedor pode distribuir notas entre oitavas e omitir duplicações.;"Dicionário de acordes para teclado anexado; estrutura normalizada por teoria musical."
teclado-G#maj7-3;teclado;G#maj7;Abmaj7;G#;Sol sustenido;sétima maior;1 3 5 7;3;3ª inversão;G-G#-C-D#;G|G#|C|D#;G;G#;G-G#-C-D#;"C4 como dó central; ajustar conforme tessitura";Voicing teórico fechado. O desenvolvedor pode distribuir notas entre oitavas e omitir duplicações.;"Dicionário de acordes para teclado anexado; estrutura normalizada por teoria musical."
teclado-G#m7-0;teclado;G#m7;Abm7;G#;Sol sustenido;menor com sétima;1 b3 5 b7;0;posição fundamental;G#-B-D#-F#;G#|B|D#|F#;G#;G#;G#-B-D#-F#;"C4 como dó central; ajustar conforme tessitura";Voicing teórico fechado. O desenvolvedor pode distribuir notas entre oitavas e omitir duplicações.;"Dicionário de acordes para teclado anexado; estrutura normalizada por teoria musical."
teclado-G#m7-1;teclado;G#m7;Abm7;G#;Sol sustenido;menor com sétima;1 b3 5 b7;1;1ª inversão;B-D#-F#-G#;B|D#|F#|G#;B;G#;B-D#-F#-G#;"C4 como dó central; ajustar conforme tessitura";Voicing teórico fechado. O desenvolvedor pode distribuir notas entre oitavas e omitir duplicações.;"Dicionário de acordes para teclado anexado; estrutura normalizada por teoria musical."
teclado-G#m7-2;teclado;G#m7;Abm7;G#;Sol sustenido;menor com sétima;1 b3 5 b7;2;2ª inversão;D#-F#-G#-B;D#|F#|G#|B;D#;G#;D#-F#-G#-B;"C4 como dó central; ajustar conforme tessitura";Voicing teórico fechado. O desenvolvedor pode distribuir notas entre oitavas e omitir duplicações.;"Dicionário de acordes para teclado anexado; estrutura normalizada por teoria musical."
teclado-G#m7-3;teclado;G#m7;Abm7;G#;Sol sustenido;menor com sétima;1 b3 5 b7;3;3ª inversão;F#-G#-B-D#;F#|G#|B|D#;F#;G#;F#-G#-B-D#;"C4 como dó central; ajustar conforme tessitura";Voicing teórico fechado. O desenvolvedor pode distribuir notas entre oitavas e omitir duplicações.;"Dicionário de acordes para teclado anexado; estrutura normalizada por teoria musical."
teclado-G#6-0;teclado;G#6;Ab6;G#;Sol sustenido;sexta;1 3 5 6;0;posição fundamental;G#-C-D#-F;G#|C|D#|F;G#;G#;G#-C-D#-F;"C4 como dó central; ajustar conforme tessitura";Voicing teórico fechado. O desenvolvedor pode distribuir notas entre oitavas e omitir duplicações.;"Dicionário de acordes para teclado anexado; estrutura normalizada por teoria musical."
teclado-G#6-1;teclado;G#6;Ab6;G#;Sol sustenido;sexta;1 3 5 6;1;1ª inversão;C-D#-F-G#;C|D#|F|G#;C;G#;C-D#-F-G#;"C4 como dó central; ajustar conforme tessitura";Voicing teórico fechado. O desenvolvedor pode distribuir notas entre oitavas e omitir duplicações.;"Dicionário de acordes para teclado anexado; estrutura normalizada por teoria musical."
teclado-G#6-2;teclado;G#6;Ab6;G#;Sol sustenido;sexta;1 3 5 6;2;2ª inversão;D#-F-G#-C;D#|F|G#|C;D#;G#;D#-F-G#-C;"C4 como dó central; ajustar conforme tessitura";Voicing teórico fechado. O desenvolvedor pode distribuir notas entre oitavas e omitir duplicações.;"Dicionário de acordes para teclado anexado; estrutura normalizada por teoria musical."
teclado-G#6-3;teclado;G#6;Ab6;G#;Sol sustenido;sexta;1 3 5 6;3;3ª inversão;F-G#-C-D#;F|G#|C|D#;F;G#;F-G#-C-D#;"C4 como dó central; ajustar conforme tessitura";Voicing teórico fechado. O desenvolvedor pode distribuir notas entre oitavas e omitir duplicações.;"Dicionário de acordes para teclado anexado; estrutura normalizada por teoria musical."
teclado-G#m6-0;teclado;G#m6;Abm6;G#;Sol sustenido;menor com sexta;1 b3 5 6;0;posição fundamental;G#-B-D#-F;G#|B|D#|F;G#;G#;G#-B-D#-F;"C4 como dó central; ajustar conforme tessitura";Voicing teórico fechado. O desenvolvedor pode distribuir notas entre oitavas e omitir duplicações.;"Dicionário de acordes para teclado anexado; estrutura normalizada por teoria musical."
teclado-G#m6-1;teclado;G#m6;Abm6;G#;Sol sustenido;menor com sexta;1 b3 5 6;1;1ª inversão;B-D#-F-G#;B|D#|F|G#;B;G#;B-D#-F-G#;"C4 como dó central; ajustar conforme tessitura";Voicing teórico fechado. O desenvolvedor pode distribuir notas entre oitavas e omitir duplicações.;"Dicionário de acordes para teclado anexado; estrutura normalizada por teoria musical."
teclado-G#m6-2;teclado;G#m6;Abm6;G#;Sol sustenido;menor com sexta;1 b3 5 6;2;2ª inversão;D#-F-G#-B;D#|F|G#|B;D#;G#;D#-F-G#-B;"C4 como dó central; ajustar conforme tessitura";Voicing teórico fechado. O desenvolvedor pode distribuir notas entre oitavas e omitir duplicações.;"Dicionário de acordes para teclado anexado; estrutura normalizada por teoria musical."
teclado-G#m6-3;teclado;G#m6;Abm6;G#;Sol sustenido;menor com sexta;1 b3 5 6;3;3ª inversão;F-G#-B-D#;F|G#|B|D#;F;G#;F-G#-B-D#;"C4 como dó central; ajustar conforme tessitura";Voicing teórico fechado. O desenvolvedor pode distribuir notas entre oitavas e omitir duplicações.;"Dicionário de acordes para teclado anexado; estrutura normalizada por teoria musical."
teclado-G#dim-0;teclado;G#dim;Abdim;G#;Sol sustenido;diminuto;1 b3 b5;0;posição fundamental;G#-B-D;G#|B|D;G#;G#;G#-B-D;"C4 como dó central; ajustar conforme tessitura";Voicing teórico fechado. O desenvolvedor pode distribuir notas entre oitavas e omitir duplicações.;"Dicionário de acordes para teclado anexado; estrutura normalizada por teoria musical."
teclado-G#dim-1;teclado;G#dim;Abdim;G#;Sol sustenido;diminuto;1 b3 b5;1;1ª inversão;B-D-G#;B|D|G#;B;G#;B-D-G#;"C4 como dó central; ajustar conforme tessitura";Voicing teórico fechado. O desenvolvedor pode distribuir notas entre oitavas e omitir duplicações.;"Dicionário de acordes para teclado anexado; estrutura normalizada por teoria musical."
teclado-G#dim-2;teclado;G#dim;Abdim;G#;Sol sustenido;diminuto;1 b3 b5;2;2ª inversão;D-G#-B;D|G#|B;D;G#;D-G#-B;"C4 como dó central; ajustar conforme tessitura";Voicing teórico fechado. O desenvolvedor pode distribuir notas entre oitavas e omitir duplicações.;"Dicionário de acordes para teclado anexado; estrutura normalizada por teoria musical."
teclado-G#dim7-0;teclado;G#dim7;Abdim7;G#;Sol sustenido;diminuto com sétima;1 b3 b5 bb7;0;posição fundamental;G#-B-D-F;G#|B|D|F;G#;G#;G#-B-D-F;"C4 como dó central; ajustar conforme tessitura";Voicing teórico fechado. O desenvolvedor pode distribuir notas entre oitavas e omitir duplicações.;"Dicionário de acordes para teclado anexado; estrutura normalizada por teoria musical."
teclado-G#dim7-1;teclado;G#dim7;Abdim7;G#;Sol sustenido;diminuto com sétima;1 b3 b5 bb7;1;1ª inversão;B-D-F-G#;B|D|F|G#;B;G#;B-D-F-G#;"C4 como dó central; ajustar conforme tessitura";Voicing teórico fechado. O desenvolvedor pode distribuir notas entre oitavas e omitir duplicações.;"Dicionário de acordes para teclado anexado; estrutura normalizada por teoria musical."
teclado-G#dim7-2;teclado;G#dim7;Abdim7;G#;Sol sustenido;diminuto com sétima;1 b3 b5 bb7;2;2ª inversão;D-F-G#-B;D|F|G#|B;D;G#;D-F-G#-B;"C4 como dó central; ajustar conforme tessitura";Voicing teórico fechado. O desenvolvedor pode distribuir notas entre oitavas e omitir duplicações.;"Dicionário de acordes para teclado anexado; estrutura normalizada por teoria musical."
teclado-G#dim7-3;teclado;G#dim7;Abdim7;G#;Sol sustenido;diminuto com sétima;1 b3 b5 bb7;3;3ª inversão;F-G#-B-D;F|G#|B|D;F;G#;F-G#-B-D;"C4 como dó central; ajustar conforme tessitura";Voicing teórico fechado. O desenvolvedor pode distribuir notas entre oitavas e omitir duplicações.;"Dicionário de acordes para teclado anexado; estrutura normalizada por teoria musical."
teclado-G#aug-0;teclado;G#aug;Abaug;G#;Sol sustenido;aumentado;1 3 #5;0;posição fundamental;G#-C-E;G#|C|E;G#;G#;G#-C-E;"C4 como dó central; ajustar conforme tessitura";Voicing teórico fechado. O desenvolvedor pode distribuir notas entre oitavas e omitir duplicações.;"Dicionário de acordes para teclado anexado; estrutura normalizada por teoria musical."
teclado-G#aug-1;teclado;G#aug;Abaug;G#;Sol sustenido;aumentado;1 3 #5;1;1ª inversão;C-E-G#;C|E|G#;C;G#;C-E-G#;"C4 como dó central; ajustar conforme tessitura";Voicing teórico fechado. O desenvolvedor pode distribuir notas entre oitavas e omitir duplicações.;"Dicionário de acordes para teclado anexado; estrutura normalizada por teoria musical."
teclado-G#aug-2;teclado;G#aug;Abaug;G#;Sol sustenido;aumentado;1 3 #5;2;2ª inversão;E-G#-C;E|G#|C;E;G#;E-G#-C;"C4 como dó central; ajustar conforme tessitura";Voicing teórico fechado. O desenvolvedor pode distribuir notas entre oitavas e omitir duplicações.;"Dicionário de acordes para teclado anexado; estrutura normalizada por teoria musical."
teclado-G#sus2-0;teclado;G#sus2;Absus2;G#;Sol sustenido;suspenso com segunda;1 2 5;0;posição fundamental;G#-A#-D#;G#|A#|D#;G#;G#;G#-A#-D#;"C4 como dó central; ajustar conforme tessitura";Voicing teórico fechado. O desenvolvedor pode distribuir notas entre oitavas e omitir duplicações.;"Dicionário de acordes para teclado anexado; estrutura normalizada por teoria musical."
teclado-G#sus2-1;teclado;G#sus2;Absus2;G#;Sol sustenido;suspenso com segunda;1 2 5;1;1ª inversão;A#-D#-G#;A#|D#|G#;A#;G#;A#-D#-G#;"C4 como dó central; ajustar conforme tessitura";Voicing teórico fechado. O desenvolvedor pode distribuir notas entre oitavas e omitir duplicações.;"Dicionário de acordes para teclado anexado; estrutura normalizada por teoria musical."
teclado-G#sus2-2;teclado;G#sus2;Absus2;G#;Sol sustenido;suspenso com segunda;1 2 5;2;2ª inversão;D#-G#-A#;D#|G#|A#;D#;G#;D#-G#-A#;"C4 como dó central; ajustar conforme tessitura";Voicing teórico fechado. O desenvolvedor pode distribuir notas entre oitavas e omitir duplicações.;"Dicionário de acordes para teclado anexado; estrutura normalizada por teoria musical."
teclado-G#sus4-0;teclado;G#sus4;Absus4;G#;Sol sustenido;suspenso com quarta;1 4 5;0;posição fundamental;G#-C#-D#;G#|C#|D#;G#;G#;G#-C#-D#;"C4 como dó central; ajustar conforme tessitura";Voicing teórico fechado. O desenvolvedor pode distribuir notas entre oitavas e omitir duplicações.;"Dicionário de acordes para teclado anexado; estrutura normalizada por teoria musical."
teclado-G#sus4-1;teclado;G#sus4;Absus4;G#;Sol sustenido;suspenso com quarta;1 4 5;1;1ª inversão;C#-D#-G#;C#|D#|G#;C#;G#;C#-D#-G#;"C4 como dó central; ajustar conforme tessitura";Voicing teórico fechado. O desenvolvedor pode distribuir notas entre oitavas e omitir duplicações.;"Dicionário de acordes para teclado anexado; estrutura normalizada por teoria musical."
teclado-G#sus4-2;teclado;G#sus4;Absus4;G#;Sol sustenido;suspenso com quarta;1 4 5;2;2ª inversão;D#-G#-C#;D#|G#|C#;D#;G#;D#-G#-C#;"C4 como dó central; ajustar conforme tessitura";Voicing teórico fechado. O desenvolvedor pode distribuir notas entre oitavas e omitir duplicações.;"Dicionário de acordes para teclado anexado; estrutura normalizada por teoria musical."
teclado-G#add9-0;teclado;G#add9;Abadd9;G#;Sol sustenido;com nona adicionada;1 3 5 9;0;posição fundamental;G#-A#-C-D#;G#|A#|C|D#;G#;G#;G#-A#-C-D#;"C4 como dó central; ajustar conforme tessitura";Voicing teórico fechado. O desenvolvedor pode distribuir notas entre oitavas e omitir duplicações.;"Dicionário de acordes para teclado anexado; estrutura normalizada por teoria musical."
teclado-G#add9-1;teclado;G#add9;Abadd9;G#;Sol sustenido;com nona adicionada;1 3 5 9;1;1ª inversão;A#-C-D#-G#;A#|C|D#|G#;A#;G#;A#-C-D#-G#;"C4 como dó central; ajustar conforme tessitura";Voicing teórico fechado. O desenvolvedor pode distribuir notas entre oitavas e omitir duplicações.;"Dicionário de acordes para teclado anexado; estrutura normalizada por teoria musical."
teclado-G#add9-2;teclado;G#add9;Abadd9;G#;Sol sustenido;com nona adicionada;1 3 5 9;2;2ª inversão;C-D#-G#-A#;C|D#|G#|A#;C;G#;C-D#-G#-A#;"C4 como dó central; ajustar conforme tessitura";Voicing teórico fechado. O desenvolvedor pode distribuir notas entre oitavas e omitir duplicações.;"Dicionário de acordes para teclado anexado; estrutura normalizada por teoria musical."
teclado-G#add9-3;teclado;G#add9;Abadd9;G#;Sol sustenido;com nona adicionada;1 3 5 9;3;3ª inversão;D#-G#-A#-C;D#|G#|A#|C;D#;G#;D#-G#-A#-C;"C4 como dó central; ajustar conforme tessitura";Voicing teórico fechado. O desenvolvedor pode distribuir notas entre oitavas e omitir duplicações.;"Dicionário de acordes para teclado anexado; estrutura normalizada por teoria musical."
teclado-G#9-0;teclado;G#9;Ab9;G#;Sol sustenido;nona dominante;1 3 5 b7 9;0;posição fundamental;G#-A#-C-D#-F#;G#|A#|C|D#|F#;G#;G#;G#-A#-C-D#-F#;"C4 como dó central; ajustar conforme tessitura";Voicing teórico fechado. O desenvolvedor pode distribuir notas entre oitavas e omitir duplicações.;"Dicionário de acordes para teclado anexado; estrutura normalizada por teoria musical."
teclado-G#9-1;teclado;G#9;Ab9;G#;Sol sustenido;nona dominante;1 3 5 b7 9;1;1ª inversão;A#-C-D#-F#-G#;A#|C|D#|F#|G#;A#;G#;A#-C-D#-F#-G#;"C4 como dó central; ajustar conforme tessitura";Voicing teórico fechado. O desenvolvedor pode distribuir notas entre oitavas e omitir duplicações.;"Dicionário de acordes para teclado anexado; estrutura normalizada por teoria musical."
teclado-G#9-2;teclado;G#9;Ab9;G#;Sol sustenido;nona dominante;1 3 5 b7 9;2;2ª inversão;C-D#-F#-G#-A#;C|D#|F#|G#|A#;C;G#;C-D#-F#-G#-A#;"C4 como dó central; ajustar conforme tessitura";Voicing teórico fechado. O desenvolvedor pode distribuir notas entre oitavas e omitir duplicações.;"Dicionário de acordes para teclado anexado; estrutura normalizada por teoria musical."
teclado-G#9-3;teclado;G#9;Ab9;G#;Sol sustenido;nona dominante;1 3 5 b7 9;3;3ª inversão;D#-F#-G#-A#-C;D#|F#|G#|A#|C;D#;G#;D#-F#-G#-A#-C;"C4 como dó central; ajustar conforme tessitura";Voicing teórico fechado. O desenvolvedor pode distribuir notas entre oitavas e omitir duplicações.;"Dicionário de acordes para teclado anexado; estrutura normalizada por teoria musical."
teclado-G#9-4;teclado;G#9;Ab9;G#;Sol sustenido;nona dominante;1 3 5 b7 9;4;4ª inversão;F#-G#-A#-C-D#;F#|G#|A#|C|D#;F#;G#;F#-G#-A#-C-D#;"C4 como dó central; ajustar conforme tessitura";Voicing teórico fechado. O desenvolvedor pode distribuir notas entre oitavas e omitir duplicações.;"Dicionário de acordes para teclado anexado; estrutura normalizada por teoria musical."
teclado-G#maj9-0;teclado;G#maj9;Abmaj9;G#;Sol sustenido;nona maior;1 3 5 7 9;0;posição fundamental;G#-A#-C-D#-G;G#|A#|C|D#|G;G#;G#;G#-A#-C-D#-G;"C4 como dó central; ajustar conforme tessitura";Voicing teórico fechado. O desenvolvedor pode distribuir notas entre oitavas e omitir duplicações.;"Dicionário de acordes para teclado anexado; estrutura normalizada por teoria musical."
teclado-G#maj9-1;teclado;G#maj9;Abmaj9;G#;Sol sustenido;nona maior;1 3 5 7 9;1;1ª inversão;A#-C-D#-G-G#;A#|C|D#|G|G#;A#;G#;A#-C-D#-G-G#;"C4 como dó central; ajustar conforme tessitura";Voicing teórico fechado. O desenvolvedor pode distribuir notas entre oitavas e omitir duplicações.;"Dicionário de acordes para teclado anexado; estrutura normalizada por teoria musical."
teclado-G#maj9-2;teclado;G#maj9;Abmaj9;G#;Sol sustenido;nona maior;1 3 5 7 9;2;2ª inversão;C-D#-G-G#-A#;C|D#|G|G#|A#;C;G#;C-D#-G-G#-A#;"C4 como dó central; ajustar conforme tessitura";Voicing teórico fechado. O desenvolvedor pode distribuir notas entre oitavas e omitir duplicações.;"Dicionário de acordes para teclado anexado; estrutura normalizada por teoria musical."
teclado-G#maj9-3;teclado;G#maj9;Abmaj9;G#;Sol sustenido;nona maior;1 3 5 7 9;3;3ª inversão;D#-G-G#-A#-C;D#|G|G#|A#|C;D#;G#;D#-G-G#-A#-C;"C4 como dó central; ajustar conforme tessitura";Voicing teórico fechado. O desenvolvedor pode distribuir notas entre oitavas e omitir duplicações.;"Dicionário de acordes para teclado anexado; estrutura normalizada por teoria musical."
teclado-G#maj9-4;teclado;G#maj9;Abmaj9;G#;Sol sustenido;nona maior;1 3 5 7 9;4;4ª inversão;G-G#-A#-C-D#;G|G#|A#|C|D#;G;G#;G-G#-A#-C-D#;"C4 como dó central; ajustar conforme tessitura";Voicing teórico fechado. O desenvolvedor pode distribuir notas entre oitavas e omitir duplicações.;"Dicionário de acordes para teclado anexado; estrutura normalizada por teoria musical."
teclado-G#m9-0;teclado;G#m9;Abm9;G#;Sol sustenido;menor com nona;1 b3 5 b7 9;0;posição fundamental;G#-A#-B-D#-F#;G#|A#|B|D#|F#;G#;G#;G#-A#-B-D#-F#;"C4 como dó central; ajustar conforme tessitura";Voicing teórico fechado. O desenvolvedor pode distribuir notas entre oitavas e omitir duplicações.;"Dicionário de acordes para teclado anexado; estrutura normalizada por teoria musical."
teclado-G#m9-1;teclado;G#m9;Abm9;G#;Sol sustenido;menor com nona;1 b3 5 b7 9;1;1ª inversão;A#-B-D#-F#-G#;A#|B|D#|F#|G#;A#;G#;A#-B-D#-F#-G#;"C4 como dó central; ajustar conforme tessitura";Voicing teórico fechado. O desenvolvedor pode distribuir notas entre oitavas e omitir duplicações.;"Dicionário de acordes para teclado anexado; estrutura normalizada por teoria musical."
teclado-G#m9-2;teclado;G#m9;Abm9;G#;Sol sustenido;menor com nona;1 b3 5 b7 9;2;2ª inversão;B-D#-F#-G#-A#;B|D#|F#|G#|A#;B;G#;B-D#-F#-G#-A#;"C4 como dó central; ajustar conforme tessitura";Voicing teórico fechado. O desenvolvedor pode distribuir notas entre oitavas e omitir duplicações.;"Dicionário de acordes para teclado anexado; estrutura normalizada por teoria musical."
teclado-G#m9-3;teclado;G#m9;Abm9;G#;Sol sustenido;menor com nona;1 b3 5 b7 9;3;3ª inversão;D#-F#-G#-A#-B;D#|F#|G#|A#|B;D#;G#;D#-F#-G#-A#-B;"C4 como dó central; ajustar conforme tessitura";Voicing teórico fechado. O desenvolvedor pode distribuir notas entre oitavas e omitir duplicações.;"Dicionário de acordes para teclado anexado; estrutura normalizada por teoria musical."
teclado-G#m9-4;teclado;G#m9;Abm9;G#;Sol sustenido;menor com nona;1 b3 5 b7 9;4;4ª inversão;F#-G#-A#-B-D#;F#|G#|A#|B|D#;F#;G#;F#-G#-A#-B-D#;"C4 como dó central; ajustar conforme tessitura";Voicing teórico fechado. O desenvolvedor pode distribuir notas entre oitavas e omitir duplicações.;"Dicionário de acordes para teclado anexado; estrutura normalizada por teoria musical."
teclado-G#11-0;teclado;G#11;Ab11;G#;Sol sustenido;décima primeira;1 3 5 b7 9 11;0;posição fundamental;G#-A#-C-C#-D#-F#;G#|A#|C|C#|D#|F#;G#;G#;G#-A#-C-C#-D#-F#;"C4 como dó central; ajustar conforme tessitura";Voicing teórico fechado. O desenvolvedor pode distribuir notas entre oitavas e omitir duplicações.;"Dicionário de acordes para teclado anexado; estrutura normalizada por teoria musical."
teclado-G#11-1;teclado;G#11;Ab11;G#;Sol sustenido;décima primeira;1 3 5 b7 9 11;1;1ª inversão;A#-C-C#-D#-F#-G#;A#|C|C#|D#|F#|G#;A#;G#;A#-C-C#-D#-F#-G#;"C4 como dó central; ajustar conforme tessitura";Voicing teórico fechado. O desenvolvedor pode distribuir notas entre oitavas e omitir duplicações.;"Dicionário de acordes para teclado anexado; estrutura normalizada por teoria musical."
teclado-G#11-2;teclado;G#11;Ab11;G#;Sol sustenido;décima primeira;1 3 5 b7 9 11;2;2ª inversão;C-C#-D#-F#-G#-A#;C|C#|D#|F#|G#|A#;C;G#;C-C#-D#-F#-G#-A#;"C4 como dó central; ajustar conforme tessitura";Voicing teórico fechado. O desenvolvedor pode distribuir notas entre oitavas e omitir duplicações.;"Dicionário de acordes para teclado anexado; estrutura normalizada por teoria musical."
teclado-G#11-3;teclado;G#11;Ab11;G#;Sol sustenido;décima primeira;1 3 5 b7 9 11;3;3ª inversão;C#-D#-F#-G#-A#-C;C#|D#|F#|G#|A#|C;C#;G#;C#-D#-F#-G#-A#-C;"C4 como dó central; ajustar conforme tessitura";Voicing teórico fechado. O desenvolvedor pode distribuir notas entre oitavas e omitir duplicações.;"Dicionário de acordes para teclado anexado; estrutura normalizada por teoria musical."
teclado-G#11-4;teclado;G#11;Ab11;G#;Sol sustenido;décima primeira;1 3 5 b7 9 11;4;4ª inversão;D#-F#-G#-A#-C-C#;D#|F#|G#|A#|C|C#;D#;G#;D#-F#-G#-A#-C-C#;"C4 como dó central; ajustar conforme tessitura";Voicing teórico fechado. O desenvolvedor pode distribuir notas entre oitavas e omitir duplicações.;"Dicionário de acordes para teclado anexado; estrutura normalizada por teoria musical."
teclado-G#11-5;teclado;G#11;Ab11;G#;Sol sustenido;décima primeira;1 3 5 b7 9 11;5;5ª inversão;F#-G#-A#-C-C#-D#;F#|G#|A#|C|C#|D#;F#;G#;F#-G#-A#-C-C#-D#;"C4 como dó central; ajustar conforme tessitura";Voicing teórico fechado. O desenvolvedor pode distribuir notas entre oitavas e omitir duplicações.;"Dicionário de acordes para teclado anexado; estrutura normalizada por teoria musical."
teclado-G#m11-0;teclado;G#m11;Abm11;G#;Sol sustenido;menor com décima primeira;1 b3 5 b7 9 11;0;posição fundamental;G#-A#-B-C#-D#-F#;G#|A#|B|C#|D#|F#;G#;G#;G#-A#-B-C#-D#-F#;"C4 como dó central; ajustar conforme tessitura";Voicing teórico fechado. O desenvolvedor pode distribuir notas entre oitavas e omitir duplicações.;"Dicionário de acordes para teclado anexado; estrutura normalizada por teoria musical."
teclado-G#m11-1;teclado;G#m11;Abm11;G#;Sol sustenido;menor com décima primeira;1 b3 5 b7 9 11;1;1ª inversão;A#-B-C#-D#-F#-G#;A#|B|C#|D#|F#|G#;A#;G#;A#-B-C#-D#-F#-G#;"C4 como dó central; ajustar conforme tessitura";Voicing teórico fechado. O desenvolvedor pode distribuir notas entre oitavas e omitir duplicações.;"Dicionário de acordes para teclado anexado; estrutura normalizada por teoria musical."
teclado-G#m11-2;teclado;G#m11;Abm11;G#;Sol sustenido;menor com décima primeira;1 b3 5 b7 9 11;2;2ª inversão;B-C#-D#-F#-G#-A#;B|C#|D#|F#|G#|A#;B;G#;B-C#-D#-F#-G#-A#;"C4 como dó central; ajustar conforme tessitura";Voicing teórico fechado. O desenvolvedor pode distribuir notas entre oitavas e omitir duplicações.;"Dicionário de acordes para teclado anexado; estrutura normalizada por teoria musical."
teclado-G#m11-3;teclado;G#m11;Abm11;G#;Sol sustenido;menor com décima primeira;1 b3 5 b7 9 11;3;3ª inversão;C#-D#-F#-G#-A#-B;C#|D#|F#|G#|A#|B;C#;G#;C#-D#-F#-G#-A#-B;"C4 como dó central; ajustar conforme tessitura";Voicing teórico fechado. O desenvolvedor pode distribuir notas entre oitavas e omitir duplicações.;"Dicionário de acordes para teclado anexado; estrutura normalizada por teoria musical."
teclado-G#m11-4;teclado;G#m11;Abm11;G#;Sol sustenido;menor com décima primeira;1 b3 5 b7 9 11;4;4ª inversão;D#-F#-G#-A#-B-C#;D#|F#|G#|A#|B|C#;D#;G#;D#-F#-G#-A#-B-C#;"C4 como dó central; ajustar conforme tessitura";Voicing teórico fechado. O desenvolvedor pode distribuir notas entre oitavas e omitir duplicações.;"Dicionário de acordes para teclado anexado; estrutura normalizada por teoria musical."
teclado-G#m11-5;teclado;G#m11;Abm11;G#;Sol sustenido;menor com décima primeira;1 b3 5 b7 9 11;5;5ª inversão;F#-G#-A#-B-C#-D#;F#|G#|A#|B|C#|D#;F#;G#;F#-G#-A#-B-C#-D#;"C4 como dó central; ajustar conforme tessitura";Voicing teórico fechado. O desenvolvedor pode distribuir notas entre oitavas e omitir duplicações.;"Dicionário de acordes para teclado anexado; estrutura normalizada por teoria musical."
teclado-G#13-0;teclado;G#13;Ab13;G#;Sol sustenido;décima terceira;1 3 5 b7 9 13;0;posição fundamental;G#-A#-C-D#-F-F#;G#|A#|C|D#|F|F#;G#;G#;G#-A#-C-D#-F-F#;"C4 como dó central; ajustar conforme tessitura";Voicing teórico fechado. O desenvolvedor pode distribuir notas entre oitavas e omitir duplicações.;"Dicionário de acordes para teclado anexado; estrutura normalizada por teoria musical."
teclado-G#13-1;teclado;G#13;Ab13;G#;Sol sustenido;décima terceira;1 3 5 b7 9 13;1;1ª inversão;A#-C-D#-F-F#-G#;A#|C|D#|F|F#|G#;A#;G#;A#-C-D#-F-F#-G#;"C4 como dó central; ajustar conforme tessitura";Voicing teórico fechado. O desenvolvedor pode distribuir notas entre oitavas e omitir duplicações.;"Dicionário de acordes para teclado anexado; estrutura normalizada por teoria musical."
teclado-G#13-2;teclado;G#13;Ab13;G#;Sol sustenido;décima terceira;1 3 5 b7 9 13;2;2ª inversão;C-D#-F-F#-G#-A#;C|D#|F|F#|G#|A#;C;G#;C-D#-F-F#-G#-A#;"C4 como dó central; ajustar conforme tessitura";Voicing teórico fechado. O desenvolvedor pode distribuir notas entre oitavas e omitir duplicações.;"Dicionário de acordes para teclado anexado; estrutura normalizada por teoria musical."
teclado-G#13-3;teclado;G#13;Ab13;G#;Sol sustenido;décima terceira;1 3 5 b7 9 13;3;3ª inversão;D#-F-F#-G#-A#-C;D#|F|F#|G#|A#|C;D#;G#;D#-F-F#-G#-A#-C;"C4 como dó central; ajustar conforme tessitura";Voicing teórico fechado. O desenvolvedor pode distribuir notas entre oitavas e omitir duplicações.;"Dicionário de acordes para teclado anexado; estrutura normalizada por teoria musical."
teclado-G#13-4;teclado;G#13;Ab13;G#;Sol sustenido;décima terceira;1 3 5 b7 9 13;4;4ª inversão;F-F#-G#-A#-C-D#;F|F#|G#|A#|C|D#;F;G#;F-F#-G#-A#-C-D#;"C4 como dó central; ajustar conforme tessitura";Voicing teórico fechado. O desenvolvedor pode distribuir notas entre oitavas e omitir duplicações.;"Dicionário de acordes para teclado anexado; estrutura normalizada por teoria musical."
teclado-G#13-5;teclado;G#13;Ab13;G#;Sol sustenido;décima terceira;1 3 5 b7 9 13;5;5ª inversão;F#-G#-A#-C-D#-F;F#|G#|A#|C|D#|F;F#;G#;F#-G#-A#-C-D#-F;"C4 como dó central; ajustar conforme tessitura";Voicing teórico fechado. O desenvolvedor pode distribuir notas entre oitavas e omitir duplicações.;"Dicionário de acordes para teclado anexado; estrutura normalizada por teoria musical."
teclado-G#m13-0;teclado;G#m13;Abm13;G#;Sol sustenido;menor com décima terceira;1 b3 5 b7 9 13;0;posição fundamental;G#-A#-B-D#-F-F#;G#|A#|B|D#|F|F#;G#;G#;G#-A#-B-D#-F-F#;"C4 como dó central; ajustar conforme tessitura";Voicing teórico fechado. O desenvolvedor pode distribuir notas entre oitavas e omitir duplicações.;"Dicionário de acordes para teclado anexado; estrutura normalizada por teoria musical."
teclado-G#m13-1;teclado;G#m13;Abm13;G#;Sol sustenido;menor com décima terceira;1 b3 5 b7 9 13;1;1ª inversão;A#-B-D#-F-F#-G#;A#|B|D#|F|F#|G#;A#;G#;A#-B-D#-F-F#-G#;"C4 como dó central; ajustar conforme tessitura";Voicing teórico fechado. O desenvolvedor pode distribuir notas entre oitavas e omitir duplicações.;"Dicionário de acordes para teclado anexado; estrutura normalizada por teoria musical."
teclado-G#m13-2;teclado;G#m13;Abm13;G#;Sol sustenido;menor com décima terceira;1 b3 5 b7 9 13;2;2ª inversão;B-D#-F-F#-G#-A#;B|D#|F|F#|G#|A#;B;G#;B-D#-F-F#-G#-A#;"C4 como dó central; ajustar conforme tessitura";Voicing teórico fechado. O desenvolvedor pode distribuir notas entre oitavas e omitir duplicações.;"Dicionário de acordes para teclado anexado; estrutura normalizada por teoria musical."
teclado-G#m13-3;teclado;G#m13;Abm13;G#;Sol sustenido;menor com décima terceira;1 b3 5 b7 9 13;3;3ª inversão;D#-F-F#-G#-A#-B;D#|F|F#|G#|A#|B;D#;G#;D#-F-F#-G#-A#-B;"C4 como dó central; ajustar conforme tessitura";Voicing teórico fechado. O desenvolvedor pode distribuir notas entre oitavas e omitir duplicações.;"Dicionário de acordes para teclado anexado; estrutura normalizada por teoria musical."
teclado-G#m13-4;teclado;G#m13;Abm13;G#;Sol sustenido;menor com décima terceira;1 b3 5 b7 9 13;4;4ª inversão;F-F#-G#-A#-B-D#;F|F#|G#|A#|B|D#;F;G#;F-F#-G#-A#-B-D#;"C4 como dó central; ajustar conforme tessitura";Voicing teórico fechado. O desenvolvedor pode distribuir notas entre oitavas e omitir duplicações.;"Dicionário de acordes para teclado anexado; estrutura normalizada por teoria musical."
teclado-G#m13-5;teclado;G#m13;Abm13;G#;Sol sustenido;menor com décima terceira;1 b3 5 b7 9 13;5;5ª inversão;F#-G#-A#-B-D#-F;F#|G#|A#|B|D#|F;F#;G#;F#-G#-A#-B-D#-F;"C4 como dó central; ajustar conforme tessitura";Voicing teórico fechado. O desenvolvedor pode distribuir notas entre oitavas e omitir duplicações.;"Dicionário de acordes para teclado anexado; estrutura normalizada por teoria musical."
teclado-G#7b5-0;teclado;G#7b5;Ab7b5;G#;Sol sustenido;sétima com quinta diminuta;1 3 b5 b7;0;posição fundamental;G#-C-D-F#;G#|C|D|F#;G#;G#;G#-C-D-F#;"C4 como dó central; ajustar conforme tessitura";Voicing teórico fechado. O desenvolvedor pode distribuir notas entre oitavas e omitir duplicações.;"Dicionário de acordes para teclado anexado; estrutura normalizada por teoria musical."
teclado-G#7b5-1;teclado;G#7b5;Ab7b5;G#;Sol sustenido;sétima com quinta diminuta;1 3 b5 b7;1;1ª inversão;C-D-F#-G#;C|D|F#|G#;C;G#;C-D-F#-G#;"C4 como dó central; ajustar conforme tessitura";Voicing teórico fechado. O desenvolvedor pode distribuir notas entre oitavas e omitir duplicações.;"Dicionário de acordes para teclado anexado; estrutura normalizada por teoria musical."
teclado-G#7b5-2;teclado;G#7b5;Ab7b5;G#;Sol sustenido;sétima com quinta diminuta;1 3 b5 b7;2;2ª inversão;D-F#-G#-C;D|F#|G#|C;D;G#;D-F#-G#-C;"C4 como dó central; ajustar conforme tessitura";Voicing teórico fechado. O desenvolvedor pode distribuir notas entre oitavas e omitir duplicações.;"Dicionário de acordes para teclado anexado; estrutura normalizada por teoria musical."
teclado-G#7b5-3;teclado;G#7b5;Ab7b5;G#;Sol sustenido;sétima com quinta diminuta;1 3 b5 b7;3;3ª inversão;F#-G#-C-D;F#|G#|C|D;F#;G#;F#-G#-C-D;"C4 como dó central; ajustar conforme tessitura";Voicing teórico fechado. O desenvolvedor pode distribuir notas entre oitavas e omitir duplicações.;"Dicionário de acordes para teclado anexado; estrutura normalizada por teoria musical."
teclado-G#7#5-0;teclado;G#7#5;Ab7#5;G#;Sol sustenido;sétima com quinta aumentada;1 3 #5 b7;0;posição fundamental;G#-C-E-F#;G#|C|E|F#;G#;G#;G#-C-E-F#;"C4 como dó central; ajustar conforme tessitura";Voicing teórico fechado. O desenvolvedor pode distribuir notas entre oitavas e omitir duplicações.;"Dicionário de acordes para teclado anexado; estrutura normalizada por teoria musical."
teclado-G#7#5-1;teclado;G#7#5;Ab7#5;G#;Sol sustenido;sétima com quinta aumentada;1 3 #5 b7;1;1ª inversão;C-E-F#-G#;C|E|F#|G#;C;G#;C-E-F#-G#;"C4 como dó central; ajustar conforme tessitura";Voicing teórico fechado. O desenvolvedor pode distribuir notas entre oitavas e omitir duplicações.;"Dicionário de acordes para teclado anexado; estrutura normalizada por teoria musical."
teclado-G#7#5-2;teclado;G#7#5;Ab7#5;G#;Sol sustenido;sétima com quinta aumentada;1 3 #5 b7;2;2ª inversão;E-F#-G#-C;E|F#|G#|C;E;G#;E-F#-G#-C;"C4 como dó central; ajustar conforme tessitura";Voicing teórico fechado. O desenvolvedor pode distribuir notas entre oitavas e omitir duplicações.;"Dicionário de acordes para teclado anexado; estrutura normalizada por teoria musical."
teclado-G#7#5-3;teclado;G#7#5;Ab7#5;G#;Sol sustenido;sétima com quinta aumentada;1 3 #5 b7;3;3ª inversão;F#-G#-C-E;F#|G#|C|E;F#;G#;F#-G#-C-E;"C4 como dó central; ajustar conforme tessitura";Voicing teórico fechado. O desenvolvedor pode distribuir notas entre oitavas e omitir duplicações.;"Dicionário de acordes para teclado anexado; estrutura normalizada por teoria musical."
teclado-G#7b9-0;teclado;G#7b9;Ab7b9;G#;Sol sustenido;sétima com nona menor;1 b9 3 5 b7;0;posição fundamental;G#-A-C-D#-F#;G#|A|C|D#|F#;G#;G#;G#-A-C-D#-F#;"C4 como dó central; ajustar conforme tessitura";Voicing teórico fechado. O desenvolvedor pode distribuir notas entre oitavas e omitir duplicações.;"Dicionário de acordes para teclado anexado; estrutura normalizada por teoria musical."
teclado-G#7b9-1;teclado;G#7b9;Ab7b9;G#;Sol sustenido;sétima com nona menor;1 b9 3 5 b7;1;1ª inversão;A-C-D#-F#-G#;A|C|D#|F#|G#;A;G#;A-C-D#-F#-G#;"C4 como dó central; ajustar conforme tessitura";Voicing teórico fechado. O desenvolvedor pode distribuir notas entre oitavas e omitir duplicações.;"Dicionário de acordes para teclado anexado; estrutura normalizada por teoria musical."
teclado-G#7b9-2;teclado;G#7b9;Ab7b9;G#;Sol sustenido;sétima com nona menor;1 b9 3 5 b7;2;2ª inversão;C-D#-F#-G#-A;C|D#|F#|G#|A;C;G#;C-D#-F#-G#-A;"C4 como dó central; ajustar conforme tessitura";Voicing teórico fechado. O desenvolvedor pode distribuir notas entre oitavas e omitir duplicações.;"Dicionário de acordes para teclado anexado; estrutura normalizada por teoria musical."
teclado-G#7b9-3;teclado;G#7b9;Ab7b9;G#;Sol sustenido;sétima com nona menor;1 b9 3 5 b7;3;3ª inversão;D#-F#-G#-A-C;D#|F#|G#|A|C;D#;G#;D#-F#-G#-A-C;"C4 como dó central; ajustar conforme tessitura";Voicing teórico fechado. O desenvolvedor pode distribuir notas entre oitavas e omitir duplicações.;"Dicionário de acordes para teclado anexado; estrutura normalizada por teoria musical."
teclado-G#7b9-4;teclado;G#7b9;Ab7b9;G#;Sol sustenido;sétima com nona menor;1 b9 3 5 b7;4;4ª inversão;F#-G#-A-C-D#;F#|G#|A|C|D#;F#;G#;F#-G#-A-C-D#;"C4 como dó central; ajustar conforme tessitura";Voicing teórico fechado. O desenvolvedor pode distribuir notas entre oitavas e omitir duplicações.;"Dicionário de acordes para teclado anexado; estrutura normalizada por teoria musical."
teclado-G#7#9-0;teclado;G#7#9;Ab7#9;G#;Sol sustenido;sétima com nona aumentada;1 #9 3 5 b7;0;posição fundamental;G#-B-C-D#-F#;G#|B|C|D#|F#;G#;G#;G#-B-C-D#-F#;"C4 como dó central; ajustar conforme tessitura";Voicing teórico fechado. O desenvolvedor pode distribuir notas entre oitavas e omitir duplicações.;"Dicionário de acordes para teclado anexado; estrutura normalizada por teoria musical."
teclado-G#7#9-1;teclado;G#7#9;Ab7#9;G#;Sol sustenido;sétima com nona aumentada;1 #9 3 5 b7;1;1ª inversão;B-C-D#-F#-G#;B|C|D#|F#|G#;B;G#;B-C-D#-F#-G#;"C4 como dó central; ajustar conforme tessitura";Voicing teórico fechado. O desenvolvedor pode distribuir notas entre oitavas e omitir duplicações.;"Dicionário de acordes para teclado anexado; estrutura normalizada por teoria musical."
teclado-G#7#9-2;teclado;G#7#9;Ab7#9;G#;Sol sustenido;sétima com nona aumentada;1 #9 3 5 b7;2;2ª inversão;C-D#-F#-G#-B;C|D#|F#|G#|B;C;G#;C-D#-F#-G#-B;"C4 como dó central; ajustar conforme tessitura";Voicing teórico fechado. O desenvolvedor pode distribuir notas entre oitavas e omitir duplicações.;"Dicionário de acordes para teclado anexado; estrutura normalizada por teoria musical."
teclado-G#7#9-3;teclado;G#7#9;Ab7#9;G#;Sol sustenido;sétima com nona aumentada;1 #9 3 5 b7;3;3ª inversão;D#-F#-G#-B-C;D#|F#|G#|B|C;D#;G#;D#-F#-G#-B-C;"C4 como dó central; ajustar conforme tessitura";Voicing teórico fechado. O desenvolvedor pode distribuir notas entre oitavas e omitir duplicações.;"Dicionário de acordes para teclado anexado; estrutura normalizada por teoria musical."
teclado-G#7#9-4;teclado;G#7#9;Ab7#9;G#;Sol sustenido;sétima com nona aumentada;1 #9 3 5 b7;4;4ª inversão;F#-G#-B-C-D#;F#|G#|B|C|D#;F#;G#;F#-G#-B-C-D#;"C4 como dó central; ajustar conforme tessitura";Voicing teórico fechado. O desenvolvedor pode distribuir notas entre oitavas e omitir duplicações.;"Dicionário de acordes para teclado anexado; estrutura normalizada por teoria musical."
teclado-G#5-0;teclado;G#5;Ab5;G#;Sol sustenido;quinta (power chord);1 5;0;posição fundamental;G#-D#;G#|D#;G#;G#;G#-D#;"C4 como dó central; ajustar conforme tessitura";Voicing teórico fechado. O desenvolvedor pode distribuir notas entre oitavas e omitir duplicações.;"Dicionário de acordes para teclado anexado; estrutura normalizada por teoria musical."
teclado-G#5-1;teclado;G#5;Ab5;G#;Sol sustenido;quinta (power chord);1 5;1;1ª inversão;D#-G#;D#|G#;D#;G#;D#-G#;"C4 como dó central; ajustar conforme tessitura";Voicing teórico fechado. O desenvolvedor pode distribuir notas entre oitavas e omitir duplicações.;"Dicionário de acordes para teclado anexado; estrutura normalizada por teoria musical."
teclado-A-0;teclado;A;;A;Lá;maior;1 3 5;0;posição fundamental;A-C#-E;A|C#|E;A;A;A-C#-E;"C4 como dó central; ajustar conforme tessitura";Voicing teórico fechado. O desenvolvedor pode distribuir notas entre oitavas e omitir duplicações.;"Dicionário de acordes para teclado anexado; estrutura normalizada por teoria musical."
teclado-A-1;teclado;A;;A;Lá;maior;1 3 5;1;1ª inversão;C#-E-A;C#|E|A;C#;A;C#-E-A;"C4 como dó central; ajustar conforme tessitura";Voicing teórico fechado. O desenvolvedor pode distribuir notas entre oitavas e omitir duplicações.;"Dicionário de acordes para teclado anexado; estrutura normalizada por teoria musical."
teclado-A-2;teclado;A;;A;Lá;maior;1 3 5;2;2ª inversão;E-A-C#;E|A|C#;E;A;E-A-C#;"C4 como dó central; ajustar conforme tessitura";Voicing teórico fechado. O desenvolvedor pode distribuir notas entre oitavas e omitir duplicações.;"Dicionário de acordes para teclado anexado; estrutura normalizada por teoria musical."
teclado-Am-0;teclado;Am;;A;Lá;menor;1 b3 5;0;posição fundamental;A-C-E;A|C|E;A;A;A-C-E;"C4 como dó central; ajustar conforme tessitura";Voicing teórico fechado. O desenvolvedor pode distribuir notas entre oitavas e omitir duplicações.;"Dicionário de acordes para teclado anexado; estrutura normalizada por teoria musical."
teclado-Am-1;teclado;Am;;A;Lá;menor;1 b3 5;1;1ª inversão;C-E-A;C|E|A;C;A;C-E-A;"C4 como dó central; ajustar conforme tessitura";Voicing teórico fechado. O desenvolvedor pode distribuir notas entre oitavas e omitir duplicações.;"Dicionário de acordes para teclado anexado; estrutura normalizada por teoria musical."
teclado-Am-2;teclado;Am;;A;Lá;menor;1 b3 5;2;2ª inversão;E-A-C;E|A|C;E;A;E-A-C;"C4 como dó central; ajustar conforme tessitura";Voicing teórico fechado. O desenvolvedor pode distribuir notas entre oitavas e omitir duplicações.;"Dicionário de acordes para teclado anexado; estrutura normalizada por teoria musical."
teclado-A7-0;teclado;A7;;A;Lá;sétima dominante;1 3 5 b7;0;posição fundamental;A-C#-E-G;A|C#|E|G;A;A;A-C#-E-G;"C4 como dó central; ajustar conforme tessitura";Voicing teórico fechado. O desenvolvedor pode distribuir notas entre oitavas e omitir duplicações.;"Dicionário de acordes para teclado anexado; estrutura normalizada por teoria musical."
teclado-A7-1;teclado;A7;;A;Lá;sétima dominante;1 3 5 b7;1;1ª inversão;C#-E-G-A;C#|E|G|A;C#;A;C#-E-G-A;"C4 como dó central; ajustar conforme tessitura";Voicing teórico fechado. O desenvolvedor pode distribuir notas entre oitavas e omitir duplicações.;"Dicionário de acordes para teclado anexado; estrutura normalizada por teoria musical."
teclado-A7-2;teclado;A7;;A;Lá;sétima dominante;1 3 5 b7;2;2ª inversão;E-G-A-C#;E|G|A|C#;E;A;E-G-A-C#;"C4 como dó central; ajustar conforme tessitura";Voicing teórico fechado. O desenvolvedor pode distribuir notas entre oitavas e omitir duplicações.;"Dicionário de acordes para teclado anexado; estrutura normalizada por teoria musical."
teclado-A7-3;teclado;A7;;A;Lá;sétima dominante;1 3 5 b7;3;3ª inversão;G-A-C#-E;G|A|C#|E;G;A;G-A-C#-E;"C4 como dó central; ajustar conforme tessitura";Voicing teórico fechado. O desenvolvedor pode distribuir notas entre oitavas e omitir duplicações.;"Dicionário de acordes para teclado anexado; estrutura normalizada por teoria musical."
teclado-Amaj7-0;teclado;Amaj7;;A;Lá;sétima maior;1 3 5 7;0;posição fundamental;A-C#-E-G#;A|C#|E|G#;A;A;A-C#-E-G#;"C4 como dó central; ajustar conforme tessitura";Voicing teórico fechado. O desenvolvedor pode distribuir notas entre oitavas e omitir duplicações.;"Dicionário de acordes para teclado anexado; estrutura normalizada por teoria musical."
teclado-Amaj7-1;teclado;Amaj7;;A;Lá;sétima maior;1 3 5 7;1;1ª inversão;C#-E-G#-A;C#|E|G#|A;C#;A;C#-E-G#-A;"C4 como dó central; ajustar conforme tessitura";Voicing teórico fechado. O desenvolvedor pode distribuir notas entre oitavas e omitir duplicações.;"Dicionário de acordes para teclado anexado; estrutura normalizada por teoria musical."
teclado-Amaj7-2;teclado;Amaj7;;A;Lá;sétima maior;1 3 5 7;2;2ª inversão;E-G#-A-C#;E|G#|A|C#;E;A;E-G#-A-C#;"C4 como dó central; ajustar conforme tessitura";Voicing teórico fechado. O desenvolvedor pode distribuir notas entre oitavas e omitir duplicações.;"Dicionário de acordes para teclado anexado; estrutura normalizada por teoria musical."
teclado-Amaj7-3;teclado;Amaj7;;A;Lá;sétima maior;1 3 5 7;3;3ª inversão;G#-A-C#-E;G#|A|C#|E;G#;A;G#-A-C#-E;"C4 como dó central; ajustar conforme tessitura";Voicing teórico fechado. O desenvolvedor pode distribuir notas entre oitavas e omitir duplicações.;"Dicionário de acordes para teclado anexado; estrutura normalizada por teoria musical."
teclado-Am7-0;teclado;Am7;;A;Lá;menor com sétima;1 b3 5 b7;0;posição fundamental;A-C-E-G;A|C|E|G;A;A;A-C-E-G;"C4 como dó central; ajustar conforme tessitura";Voicing teórico fechado. O desenvolvedor pode distribuir notas entre oitavas e omitir duplicações.;"Dicionário de acordes para teclado anexado; estrutura normalizada por teoria musical."
teclado-Am7-1;teclado;Am7;;A;Lá;menor com sétima;1 b3 5 b7;1;1ª inversão;C-E-G-A;C|E|G|A;C;A;C-E-G-A;"C4 como dó central; ajustar conforme tessitura";Voicing teórico fechado. O desenvolvedor pode distribuir notas entre oitavas e omitir duplicações.;"Dicionário de acordes para teclado anexado; estrutura normalizada por teoria musical."
teclado-Am7-2;teclado;Am7;;A;Lá;menor com sétima;1 b3 5 b7;2;2ª inversão;E-G-A-C;E|G|A|C;E;A;E-G-A-C;"C4 como dó central; ajustar conforme tessitura";Voicing teórico fechado. O desenvolvedor pode distribuir notas entre oitavas e omitir duplicações.;"Dicionário de acordes para teclado anexado; estrutura normalizada por teoria musical."
teclado-Am7-3;teclado;Am7;;A;Lá;menor com sétima;1 b3 5 b7;3;3ª inversão;G-A-C-E;G|A|C|E;G;A;G-A-C-E;"C4 como dó central; ajustar conforme tessitura";Voicing teórico fechado. O desenvolvedor pode distribuir notas entre oitavas e omitir duplicações.;"Dicionário de acordes para teclado anexado; estrutura normalizada por teoria musical."
teclado-A6-0;teclado;A6;;A;Lá;sexta;1 3 5 6;0;posição fundamental;A-C#-E-F#;A|C#|E|F#;A;A;A-C#-E-F#;"C4 como dó central; ajustar conforme tessitura";Voicing teórico fechado. O desenvolvedor pode distribuir notas entre oitavas e omitir duplicações.;"Dicionário de acordes para teclado anexado; estrutura normalizada por teoria musical."
teclado-A6-1;teclado;A6;;A;Lá;sexta;1 3 5 6;1;1ª inversão;C#-E-F#-A;C#|E|F#|A;C#;A;C#-E-F#-A;"C4 como dó central; ajustar conforme tessitura";Voicing teórico fechado. O desenvolvedor pode distribuir notas entre oitavas e omitir duplicações.;"Dicionário de acordes para teclado anexado; estrutura normalizada por teoria musical."
teclado-A6-2;teclado;A6;;A;Lá;sexta;1 3 5 6;2;2ª inversão;E-F#-A-C#;E|F#|A|C#;E;A;E-F#-A-C#;"C4 como dó central; ajustar conforme tessitura";Voicing teórico fechado. O desenvolvedor pode distribuir notas entre oitavas e omitir duplicações.;"Dicionário de acordes para teclado anexado; estrutura normalizada por teoria musical."
teclado-A6-3;teclado;A6;;A;Lá;sexta;1 3 5 6;3;3ª inversão;F#-A-C#-E;F#|A|C#|E;F#;A;F#-A-C#-E;"C4 como dó central; ajustar conforme tessitura";Voicing teórico fechado. O desenvolvedor pode distribuir notas entre oitavas e omitir duplicações.;"Dicionário de acordes para teclado anexado; estrutura normalizada por teoria musical."
teclado-Am6-0;teclado;Am6;;A;Lá;menor com sexta;1 b3 5 6;0;posição fundamental;A-C-E-F#;A|C|E|F#;A;A;A-C-E-F#;"C4 como dó central; ajustar conforme tessitura";Voicing teórico fechado. O desenvolvedor pode distribuir notas entre oitavas e omitir duplicações.;"Dicionário de acordes para teclado anexado; estrutura normalizada por teoria musical."
teclado-Am6-1;teclado;Am6;;A;Lá;menor com sexta;1 b3 5 6;1;1ª inversão;C-E-F#-A;C|E|F#|A;C;A;C-E-F#-A;"C4 como dó central; ajustar conforme tessitura";Voicing teórico fechado. O desenvolvedor pode distribuir notas entre oitavas e omitir duplicações.;"Dicionário de acordes para teclado anexado; estrutura normalizada por teoria musical."
teclado-Am6-2;teclado;Am6;;A;Lá;menor com sexta;1 b3 5 6;2;2ª inversão;E-F#-A-C;E|F#|A|C;E;A;E-F#-A-C;"C4 como dó central; ajustar conforme tessitura";Voicing teórico fechado. O desenvolvedor pode distribuir notas entre oitavas e omitir duplicações.;"Dicionário de acordes para teclado anexado; estrutura normalizada por teoria musical."
teclado-Am6-3;teclado;Am6;;A;Lá;menor com sexta;1 b3 5 6;3;3ª inversão;F#-A-C-E;F#|A|C|E;F#;A;F#-A-C-E;"C4 como dó central; ajustar conforme tessitura";Voicing teórico fechado. O desenvolvedor pode distribuir notas entre oitavas e omitir duplicações.;"Dicionário de acordes para teclado anexado; estrutura normalizada por teoria musical."
teclado-Adim-0;teclado;Adim;;A;Lá;diminuto;1 b3 b5;0;posição fundamental;A-C-D#;A|C|D#;A;A;A-C-D#;"C4 como dó central; ajustar conforme tessitura";Voicing teórico fechado. O desenvolvedor pode distribuir notas entre oitavas e omitir duplicações.;"Dicionário de acordes para teclado anexado; estrutura normalizada por teoria musical."
teclado-Adim-1;teclado;Adim;;A;Lá;diminuto;1 b3 b5;1;1ª inversão;C-D#-A;C|D#|A;C;A;C-D#-A;"C4 como dó central; ajustar conforme tessitura";Voicing teórico fechado. O desenvolvedor pode distribuir notas entre oitavas e omitir duplicações.;"Dicionário de acordes para teclado anexado; estrutura normalizada por teoria musical."
teclado-Adim-2;teclado;Adim;;A;Lá;diminuto;1 b3 b5;2;2ª inversão;D#-A-C;D#|A|C;D#;A;D#-A-C;"C4 como dó central; ajustar conforme tessitura";Voicing teórico fechado. O desenvolvedor pode distribuir notas entre oitavas e omitir duplicações.;"Dicionário de acordes para teclado anexado; estrutura normalizada por teoria musical."
teclado-Adim7-0;teclado;Adim7;;A;Lá;diminuto com sétima;1 b3 b5 bb7;0;posição fundamental;A-C-D#-F#;A|C|D#|F#;A;A;A-C-D#-F#;"C4 como dó central; ajustar conforme tessitura";Voicing teórico fechado. O desenvolvedor pode distribuir notas entre oitavas e omitir duplicações.;"Dicionário de acordes para teclado anexado; estrutura normalizada por teoria musical."
teclado-Adim7-1;teclado;Adim7;;A;Lá;diminuto com sétima;1 b3 b5 bb7;1;1ª inversão;C-D#-F#-A;C|D#|F#|A;C;A;C-D#-F#-A;"C4 como dó central; ajustar conforme tessitura";Voicing teórico fechado. O desenvolvedor pode distribuir notas entre oitavas e omitir duplicações.;"Dicionário de acordes para teclado anexado; estrutura normalizada por teoria musical."
teclado-Adim7-2;teclado;Adim7;;A;Lá;diminuto com sétima;1 b3 b5 bb7;2;2ª inversão;D#-F#-A-C;D#|F#|A|C;D#;A;D#-F#-A-C;"C4 como dó central; ajustar conforme tessitura";Voicing teórico fechado. O desenvolvedor pode distribuir notas entre oitavas e omitir duplicações.;"Dicionário de acordes para teclado anexado; estrutura normalizada por teoria musical."
teclado-Adim7-3;teclado;Adim7;;A;Lá;diminuto com sétima;1 b3 b5 bb7;3;3ª inversão;F#-A-C-D#;F#|A|C|D#;F#;A;F#-A-C-D#;"C4 como dó central; ajustar conforme tessitura";Voicing teórico fechado. O desenvolvedor pode distribuir notas entre oitavas e omitir duplicações.;"Dicionário de acordes para teclado anexado; estrutura normalizada por teoria musical."
teclado-Aaug-0;teclado;Aaug;;A;Lá;aumentado;1 3 #5;0;posição fundamental;A-C#-F;A|C#|F;A;A;A-C#-F;"C4 como dó central; ajustar conforme tessitura";Voicing teórico fechado. O desenvolvedor pode distribuir notas entre oitavas e omitir duplicações.;"Dicionário de acordes para teclado anexado; estrutura normalizada por teoria musical."
teclado-Aaug-1;teclado;Aaug;;A;Lá;aumentado;1 3 #5;1;1ª inversão;C#-F-A;C#|F|A;C#;A;C#-F-A;"C4 como dó central; ajustar conforme tessitura";Voicing teórico fechado. O desenvolvedor pode distribuir notas entre oitavas e omitir duplicações.;"Dicionário de acordes para teclado anexado; estrutura normalizada por teoria musical."
teclado-Aaug-2;teclado;Aaug;;A;Lá;aumentado;1 3 #5;2;2ª inversão;F-A-C#;F|A|C#;F;A;F-A-C#;"C4 como dó central; ajustar conforme tessitura";Voicing teórico fechado. O desenvolvedor pode distribuir notas entre oitavas e omitir duplicações.;"Dicionário de acordes para teclado anexado; estrutura normalizada por teoria musical."
teclado-Asus2-0;teclado;Asus2;;A;Lá;suspenso com segunda;1 2 5;0;posição fundamental;A-B-E;A|B|E;A;A;A-B-E;"C4 como dó central; ajustar conforme tessitura";Voicing teórico fechado. O desenvolvedor pode distribuir notas entre oitavas e omitir duplicações.;"Dicionário de acordes para teclado anexado; estrutura normalizada por teoria musical."
teclado-Asus2-1;teclado;Asus2;;A;Lá;suspenso com segunda;1 2 5;1;1ª inversão;B-E-A;B|E|A;B;A;B-E-A;"C4 como dó central; ajustar conforme tessitura";Voicing teórico fechado. O desenvolvedor pode distribuir notas entre oitavas e omitir duplicações.;"Dicionário de acordes para teclado anexado; estrutura normalizada por teoria musical."
teclado-Asus2-2;teclado;Asus2;;A;Lá;suspenso com segunda;1 2 5;2;2ª inversão;E-A-B;E|A|B;E;A;E-A-B;"C4 como dó central; ajustar conforme tessitura";Voicing teórico fechado. O desenvolvedor pode distribuir notas entre oitavas e omitir duplicações.;"Dicionário de acordes para teclado anexado; estrutura normalizada por teoria musical."
teclado-Asus4-0;teclado;Asus4;;A;Lá;suspenso com quarta;1 4 5;0;posição fundamental;A-D-E;A|D|E;A;A;A-D-E;"C4 como dó central; ajustar conforme tessitura";Voicing teórico fechado. O desenvolvedor pode distribuir notas entre oitavas e omitir duplicações.;"Dicionário de acordes para teclado anexado; estrutura normalizada por teoria musical."
teclado-Asus4-1;teclado;Asus4;;A;Lá;suspenso com quarta;1 4 5;1;1ª inversão;D-E-A;D|E|A;D;A;D-E-A;"C4 como dó central; ajustar conforme tessitura";Voicing teórico fechado. O desenvolvedor pode distribuir notas entre oitavas e omitir duplicações.;"Dicionário de acordes para teclado anexado; estrutura normalizada por teoria musical."
teclado-Asus4-2;teclado;Asus4;;A;Lá;suspenso com quarta;1 4 5;2;2ª inversão;E-A-D;E|A|D;E;A;E-A-D;"C4 como dó central; ajustar conforme tessitura";Voicing teórico fechado. O desenvolvedor pode distribuir notas entre oitavas e omitir duplicações.;"Dicionário de acordes para teclado anexado; estrutura normalizada por teoria musical."
teclado-Aadd9-0;teclado;Aadd9;;A;Lá;com nona adicionada;1 3 5 9;0;posição fundamental;A-B-C#-E;A|B|C#|E;A;A;A-B-C#-E;"C4 como dó central; ajustar conforme tessitura";Voicing teórico fechado. O desenvolvedor pode distribuir notas entre oitavas e omitir duplicações.;"Dicionário de acordes para teclado anexado; estrutura normalizada por teoria musical."
teclado-Aadd9-1;teclado;Aadd9;;A;Lá;com nona adicionada;1 3 5 9;1;1ª inversão;B-C#-E-A;B|C#|E|A;B;A;B-C#-E-A;"C4 como dó central; ajustar conforme tessitura";Voicing teórico fechado. O desenvolvedor pode distribuir notas entre oitavas e omitir duplicações.;"Dicionário de acordes para teclado anexado; estrutura normalizada por teoria musical."
teclado-Aadd9-2;teclado;Aadd9;;A;Lá;com nona adicionada;1 3 5 9;2;2ª inversão;C#-E-A-B;C#|E|A|B;C#;A;C#-E-A-B;"C4 como dó central; ajustar conforme tessitura";Voicing teórico fechado. O desenvolvedor pode distribuir notas entre oitavas e omitir duplicações.;"Dicionário de acordes para teclado anexado; estrutura normalizada por teoria musical."
teclado-Aadd9-3;teclado;Aadd9;;A;Lá;com nona adicionada;1 3 5 9;3;3ª inversão;E-A-B-C#;E|A|B|C#;E;A;E-A-B-C#;"C4 como dó central; ajustar conforme tessitura";Voicing teórico fechado. O desenvolvedor pode distribuir notas entre oitavas e omitir duplicações.;"Dicionário de acordes para teclado anexado; estrutura normalizada por teoria musical."
teclado-A9-0;teclado;A9;;A;Lá;nona dominante;1 3 5 b7 9;0;posição fundamental;A-B-C#-E-G;A|B|C#|E|G;A;A;A-B-C#-E-G;"C4 como dó central; ajustar conforme tessitura";Voicing teórico fechado. O desenvolvedor pode distribuir notas entre oitavas e omitir duplicações.;"Dicionário de acordes para teclado anexado; estrutura normalizada por teoria musical."
teclado-A9-1;teclado;A9;;A;Lá;nona dominante;1 3 5 b7 9;1;1ª inversão;B-C#-E-G-A;B|C#|E|G|A;B;A;B-C#-E-G-A;"C4 como dó central; ajustar conforme tessitura";Voicing teórico fechado. O desenvolvedor pode distribuir notas entre oitavas e omitir duplicações.;"Dicionário de acordes para teclado anexado; estrutura normalizada por teoria musical."
teclado-A9-2;teclado;A9;;A;Lá;nona dominante;1 3 5 b7 9;2;2ª inversão;C#-E-G-A-B;C#|E|G|A|B;C#;A;C#-E-G-A-B;"C4 como dó central; ajustar conforme tessitura";Voicing teórico fechado. O desenvolvedor pode distribuir notas entre oitavas e omitir duplicações.;"Dicionário de acordes para teclado anexado; estrutura normalizada por teoria musical."
teclado-A9-3;teclado;A9;;A;Lá;nona dominante;1 3 5 b7 9;3;3ª inversão;E-G-A-B-C#;E|G|A|B|C#;E;A;E-G-A-B-C#;"C4 como dó central; ajustar conforme tessitura";Voicing teórico fechado. O desenvolvedor pode distribuir notas entre oitavas e omitir duplicações.;"Dicionário de acordes para teclado anexado; estrutura normalizada por teoria musical."
teclado-A9-4;teclado;A9;;A;Lá;nona dominante;1 3 5 b7 9;4;4ª inversão;G-A-B-C#-E;G|A|B|C#|E;G;A;G-A-B-C#-E;"C4 como dó central; ajustar conforme tessitura";Voicing teórico fechado. O desenvolvedor pode distribuir notas entre oitavas e omitir duplicações.;"Dicionário de acordes para teclado anexado; estrutura normalizada por teoria musical."
teclado-Amaj9-0;teclado;Amaj9;;A;Lá;nona maior;1 3 5 7 9;0;posição fundamental;A-B-C#-E-G#;A|B|C#|E|G#;A;A;A-B-C#-E-G#;"C4 como dó central; ajustar conforme tessitura";Voicing teórico fechado. O desenvolvedor pode distribuir notas entre oitavas e omitir duplicações.;"Dicionário de acordes para teclado anexado; estrutura normalizada por teoria musical."
teclado-Amaj9-1;teclado;Amaj9;;A;Lá;nona maior;1 3 5 7 9;1;1ª inversão;B-C#-E-G#-A;B|C#|E|G#|A;B;A;B-C#-E-G#-A;"C4 como dó central; ajustar conforme tessitura";Voicing teórico fechado. O desenvolvedor pode distribuir notas entre oitavas e omitir duplicações.;"Dicionário de acordes para teclado anexado; estrutura normalizada por teoria musical."
teclado-Amaj9-2;teclado;Amaj9;;A;Lá;nona maior;1 3 5 7 9;2;2ª inversão;C#-E-G#-A-B;C#|E|G#|A|B;C#;A;C#-E-G#-A-B;"C4 como dó central; ajustar conforme tessitura";Voicing teórico fechado. O desenvolvedor pode distribuir notas entre oitavas e omitir duplicações.;"Dicionário de acordes para teclado anexado; estrutura normalizada por teoria musical."
teclado-Amaj9-3;teclado;Amaj9;;A;Lá;nona maior;1 3 5 7 9;3;3ª inversão;E-G#-A-B-C#;E|G#|A|B|C#;E;A;E-G#-A-B-C#;"C4 como dó central; ajustar conforme tessitura";Voicing teórico fechado. O desenvolvedor pode distribuir notas entre oitavas e omitir duplicações.;"Dicionário de acordes para teclado anexado; estrutura normalizada por teoria musical."
teclado-Amaj9-4;teclado;Amaj9;;A;Lá;nona maior;1 3 5 7 9;4;4ª inversão;G#-A-B-C#-E;G#|A|B|C#|E;G#;A;G#-A-B-C#-E;"C4 como dó central; ajustar conforme tessitura";Voicing teórico fechado. O desenvolvedor pode distribuir notas entre oitavas e omitir duplicações.;"Dicionário de acordes para teclado anexado; estrutura normalizada por teoria musical."
teclado-Am9-0;teclado;Am9;;A;Lá;menor com nona;1 b3 5 b7 9;0;posição fundamental;A-B-C-E-G;A|B|C|E|G;A;A;A-B-C-E-G;"C4 como dó central; ajustar conforme tessitura";Voicing teórico fechado. O desenvolvedor pode distribuir notas entre oitavas e omitir duplicações.;"Dicionário de acordes para teclado anexado; estrutura normalizada por teoria musical."
teclado-Am9-1;teclado;Am9;;A;Lá;menor com nona;1 b3 5 b7 9;1;1ª inversão;B-C-E-G-A;B|C|E|G|A;B;A;B-C-E-G-A;"C4 como dó central; ajustar conforme tessitura";Voicing teórico fechado. O desenvolvedor pode distribuir notas entre oitavas e omitir duplicações.;"Dicionário de acordes para teclado anexado; estrutura normalizada por teoria musical."
teclado-Am9-2;teclado;Am9;;A;Lá;menor com nona;1 b3 5 b7 9;2;2ª inversão;C-E-G-A-B;C|E|G|A|B;C;A;C-E-G-A-B;"C4 como dó central; ajustar conforme tessitura";Voicing teórico fechado. O desenvolvedor pode distribuir notas entre oitavas e omitir duplicações.;"Dicionário de acordes para teclado anexado; estrutura normalizada por teoria musical."
teclado-Am9-3;teclado;Am9;;A;Lá;menor com nona;1 b3 5 b7 9;3;3ª inversão;E-G-A-B-C;E|G|A|B|C;E;A;E-G-A-B-C;"C4 como dó central; ajustar conforme tessitura";Voicing teórico fechado. O desenvolvedor pode distribuir notas entre oitavas e omitir duplicações.;"Dicionário de acordes para teclado anexado; estrutura normalizada por teoria musical."
teclado-Am9-4;teclado;Am9;;A;Lá;menor com nona;1 b3 5 b7 9;4;4ª inversão;G-A-B-C-E;G|A|B|C|E;G;A;G-A-B-C-E;"C4 como dó central; ajustar conforme tessitura";Voicing teórico fechado. O desenvolvedor pode distribuir notas entre oitavas e omitir duplicações.;"Dicionário de acordes para teclado anexado; estrutura normalizada por teoria musical."
teclado-A11-0;teclado;A11;;A;Lá;décima primeira;1 3 5 b7 9 11;0;posição fundamental;A-B-C#-D-E-G;A|B|C#|D|E|G;A;A;A-B-C#-D-E-G;"C4 como dó central; ajustar conforme tessitura";Voicing teórico fechado. O desenvolvedor pode distribuir notas entre oitavas e omitir duplicações.;"Dicionário de acordes para teclado anexado; estrutura normalizada por teoria musical."
teclado-A11-1;teclado;A11;;A;Lá;décima primeira;1 3 5 b7 9 11;1;1ª inversão;B-C#-D-E-G-A;B|C#|D|E|G|A;B;A;B-C#-D-E-G-A;"C4 como dó central; ajustar conforme tessitura";Voicing teórico fechado. O desenvolvedor pode distribuir notas entre oitavas e omitir duplicações.;"Dicionário de acordes para teclado anexado; estrutura normalizada por teoria musical."
teclado-A11-2;teclado;A11;;A;Lá;décima primeira;1 3 5 b7 9 11;2;2ª inversão;C#-D-E-G-A-B;C#|D|E|G|A|B;C#;A;C#-D-E-G-A-B;"C4 como dó central; ajustar conforme tessitura";Voicing teórico fechado. O desenvolvedor pode distribuir notas entre oitavas e omitir duplicações.;"Dicionário de acordes para teclado anexado; estrutura normalizada por teoria musical."
teclado-A11-3;teclado;A11;;A;Lá;décima primeira;1 3 5 b7 9 11;3;3ª inversão;D-E-G-A-B-C#;D|E|G|A|B|C#;D;A;D-E-G-A-B-C#;"C4 como dó central; ajustar conforme tessitura";Voicing teórico fechado. O desenvolvedor pode distribuir notas entre oitavas e omitir duplicações.;"Dicionário de acordes para teclado anexado; estrutura normalizada por teoria musical."
teclado-A11-4;teclado;A11;;A;Lá;décima primeira;1 3 5 b7 9 11;4;4ª inversão;E-G-A-B-C#-D;E|G|A|B|C#|D;E;A;E-G-A-B-C#-D;"C4 como dó central; ajustar conforme tessitura";Voicing teórico fechado. O desenvolvedor pode distribuir notas entre oitavas e omitir duplicações.;"Dicionário de acordes para teclado anexado; estrutura normalizada por teoria musical."
teclado-A11-5;teclado;A11;;A;Lá;décima primeira;1 3 5 b7 9 11;5;5ª inversão;G-A-B-C#-D-E;G|A|B|C#|D|E;G;A;G-A-B-C#-D-E;"C4 como dó central; ajustar conforme tessitura";Voicing teórico fechado. O desenvolvedor pode distribuir notas entre oitavas e omitir duplicações.;"Dicionário de acordes para teclado anexado; estrutura normalizada por teoria musical."
teclado-Am11-0;teclado;Am11;;A;Lá;menor com décima primeira;1 b3 5 b7 9 11;0;posição fundamental;A-B-C-D-E-G;A|B|C|D|E|G;A;A;A-B-C-D-E-G;"C4 como dó central; ajustar conforme tessitura";Voicing teórico fechado. O desenvolvedor pode distribuir notas entre oitavas e omitir duplicações.;"Dicionário de acordes para teclado anexado; estrutura normalizada por teoria musical."
teclado-Am11-1;teclado;Am11;;A;Lá;menor com décima primeira;1 b3 5 b7 9 11;1;1ª inversão;B-C-D-E-G-A;B|C|D|E|G|A;B;A;B-C-D-E-G-A;"C4 como dó central; ajustar conforme tessitura";Voicing teórico fechado. O desenvolvedor pode distribuir notas entre oitavas e omitir duplicações.;"Dicionário de acordes para teclado anexado; estrutura normalizada por teoria musical."
teclado-Am11-2;teclado;Am11;;A;Lá;menor com décima primeira;1 b3 5 b7 9 11;2;2ª inversão;C-D-E-G-A-B;C|D|E|G|A|B;C;A;C-D-E-G-A-B;"C4 como dó central; ajustar conforme tessitura";Voicing teórico fechado. O desenvolvedor pode distribuir notas entre oitavas e omitir duplicações.;"Dicionário de acordes para teclado anexado; estrutura normalizada por teoria musical."
teclado-Am11-3;teclado;Am11;;A;Lá;menor com décima primeira;1 b3 5 b7 9 11;3;3ª inversão;D-E-G-A-B-C;D|E|G|A|B|C;D;A;D-E-G-A-B-C;"C4 como dó central; ajustar conforme tessitura";Voicing teórico fechado. O desenvolvedor pode distribuir notas entre oitavas e omitir duplicações.;"Dicionário de acordes para teclado anexado; estrutura normalizada por teoria musical."
teclado-Am11-4;teclado;Am11;;A;Lá;menor com décima primeira;1 b3 5 b7 9 11;4;4ª inversão;E-G-A-B-C-D;E|G|A|B|C|D;E;A;E-G-A-B-C-D;"C4 como dó central; ajustar conforme tessitura";Voicing teórico fechado. O desenvolvedor pode distribuir notas entre oitavas e omitir duplicações.;"Dicionário de acordes para teclado anexado; estrutura normalizada por teoria musical."
teclado-Am11-5;teclado;Am11;;A;Lá;menor com décima primeira;1 b3 5 b7 9 11;5;5ª inversão;G-A-B-C-D-E;G|A|B|C|D|E;G;A;G-A-B-C-D-E;"C4 como dó central; ajustar conforme tessitura";Voicing teórico fechado. O desenvolvedor pode distribuir notas entre oitavas e omitir duplicações.;"Dicionário de acordes para teclado anexado; estrutura normalizada por teoria musical."
teclado-A13-0;teclado;A13;;A;Lá;décima terceira;1 3 5 b7 9 13;0;posição fundamental;A-B-C#-E-F#-G;A|B|C#|E|F#|G;A;A;A-B-C#-E-F#-G;"C4 como dó central; ajustar conforme tessitura";Voicing teórico fechado. O desenvolvedor pode distribuir notas entre oitavas e omitir duplicações.;"Dicionário de acordes para teclado anexado; estrutura normalizada por teoria musical."
teclado-A13-1;teclado;A13;;A;Lá;décima terceira;1 3 5 b7 9 13;1;1ª inversão;B-C#-E-F#-G-A;B|C#|E|F#|G|A;B;A;B-C#-E-F#-G-A;"C4 como dó central; ajustar conforme tessitura";Voicing teórico fechado. O desenvolvedor pode distribuir notas entre oitavas e omitir duplicações.;"Dicionário de acordes para teclado anexado; estrutura normalizada por teoria musical."
teclado-A13-2;teclado;A13;;A;Lá;décima terceira;1 3 5 b7 9 13;2;2ª inversão;C#-E-F#-G-A-B;C#|E|F#|G|A|B;C#;A;C#-E-F#-G-A-B;"C4 como dó central; ajustar conforme tessitura";Voicing teórico fechado. O desenvolvedor pode distribuir notas entre oitavas e omitir duplicações.;"Dicionário de acordes para teclado anexado; estrutura normalizada por teoria musical."
teclado-A13-3;teclado;A13;;A;Lá;décima terceira;1 3 5 b7 9 13;3;3ª inversão;E-F#-G-A-B-C#;E|F#|G|A|B|C#;E;A;E-F#-G-A-B-C#;"C4 como dó central; ajustar conforme tessitura";Voicing teórico fechado. O desenvolvedor pode distribuir notas entre oitavas e omitir duplicações.;"Dicionário de acordes para teclado anexado; estrutura normalizada por teoria musical."
teclado-A13-4;teclado;A13;;A;Lá;décima terceira;1 3 5 b7 9 13;4;4ª inversão;F#-G-A-B-C#-E;F#|G|A|B|C#|E;F#;A;F#-G-A-B-C#-E;"C4 como dó central; ajustar conforme tessitura";Voicing teórico fechado. O desenvolvedor pode distribuir notas entre oitavas e omitir duplicações.;"Dicionário de acordes para teclado anexado; estrutura normalizada por teoria musical."
teclado-A13-5;teclado;A13;;A;Lá;décima terceira;1 3 5 b7 9 13;5;5ª inversão;G-A-B-C#-E-F#;G|A|B|C#|E|F#;G;A;G-A-B-C#-E-F#;"C4 como dó central; ajustar conforme tessitura";Voicing teórico fechado. O desenvolvedor pode distribuir notas entre oitavas e omitir duplicações.;"Dicionário de acordes para teclado anexado; estrutura normalizada por teoria musical."
teclado-Am13-0;teclado;Am13;;A;Lá;menor com décima terceira;1 b3 5 b7 9 13;0;posição fundamental;A-B-C-E-F#-G;A|B|C|E|F#|G;A;A;A-B-C-E-F#-G;"C4 como dó central; ajustar conforme tessitura";Voicing teórico fechado. O desenvolvedor pode distribuir notas entre oitavas e omitir duplicações.;"Dicionário de acordes para teclado anexado; estrutura normalizada por teoria musical."
teclado-Am13-1;teclado;Am13;;A;Lá;menor com décima terceira;1 b3 5 b7 9 13;1;1ª inversão;B-C-E-F#-G-A;B|C|E|F#|G|A;B;A;B-C-E-F#-G-A;"C4 como dó central; ajustar conforme tessitura";Voicing teórico fechado. O desenvolvedor pode distribuir notas entre oitavas e omitir duplicações.;"Dicionário de acordes para teclado anexado; estrutura normalizada por teoria musical."
teclado-Am13-2;teclado;Am13;;A;Lá;menor com décima terceira;1 b3 5 b7 9 13;2;2ª inversão;C-E-F#-G-A-B;C|E|F#|G|A|B;C;A;C-E-F#-G-A-B;"C4 como dó central; ajustar conforme tessitura";Voicing teórico fechado. O desenvolvedor pode distribuir notas entre oitavas e omitir duplicações.;"Dicionário de acordes para teclado anexado; estrutura normalizada por teoria musical."
teclado-Am13-3;teclado;Am13;;A;Lá;menor com décima terceira;1 b3 5 b7 9 13;3;3ª inversão;E-F#-G-A-B-C;E|F#|G|A|B|C;E;A;E-F#-G-A-B-C;"C4 como dó central; ajustar conforme tessitura";Voicing teórico fechado. O desenvolvedor pode distribuir notas entre oitavas e omitir duplicações.;"Dicionário de acordes para teclado anexado; estrutura normalizada por teoria musical."
teclado-Am13-4;teclado;Am13;;A;Lá;menor com décima terceira;1 b3 5 b7 9 13;4;4ª inversão;F#-G-A-B-C-E;F#|G|A|B|C|E;F#;A;F#-G-A-B-C-E;"C4 como dó central; ajustar conforme tessitura";Voicing teórico fechado. O desenvolvedor pode distribuir notas entre oitavas e omitir duplicações.;"Dicionário de acordes para teclado anexado; estrutura normalizada por teoria musical."
teclado-Am13-5;teclado;Am13;;A;Lá;menor com décima terceira;1 b3 5 b7 9 13;5;5ª inversão;G-A-B-C-E-F#;G|A|B|C|E|F#;G;A;G-A-B-C-E-F#;"C4 como dó central; ajustar conforme tessitura";Voicing teórico fechado. O desenvolvedor pode distribuir notas entre oitavas e omitir duplicações.;"Dicionário de acordes para teclado anexado; estrutura normalizada por teoria musical."
teclado-A7b5-0;teclado;A7b5;;A;Lá;sétima com quinta diminuta;1 3 b5 b7;0;posição fundamental;A-C#-D#-G;A|C#|D#|G;A;A;A-C#-D#-G;"C4 como dó central; ajustar conforme tessitura";Voicing teórico fechado. O desenvolvedor pode distribuir notas entre oitavas e omitir duplicações.;"Dicionário de acordes para teclado anexado; estrutura normalizada por teoria musical."
teclado-A7b5-1;teclado;A7b5;;A;Lá;sétima com quinta diminuta;1 3 b5 b7;1;1ª inversão;C#-D#-G-A;C#|D#|G|A;C#;A;C#-D#-G-A;"C4 como dó central; ajustar conforme tessitura";Voicing teórico fechado. O desenvolvedor pode distribuir notas entre oitavas e omitir duplicações.;"Dicionário de acordes para teclado anexado; estrutura normalizada por teoria musical."
teclado-A7b5-2;teclado;A7b5;;A;Lá;sétima com quinta diminuta;1 3 b5 b7;2;2ª inversão;D#-G-A-C#;D#|G|A|C#;D#;A;D#-G-A-C#;"C4 como dó central; ajustar conforme tessitura";Voicing teórico fechado. O desenvolvedor pode distribuir notas entre oitavas e omitir duplicações.;"Dicionário de acordes para teclado anexado; estrutura normalizada por teoria musical."
teclado-A7b5-3;teclado;A7b5;;A;Lá;sétima com quinta diminuta;1 3 b5 b7;3;3ª inversão;G-A-C#-D#;G|A|C#|D#;G;A;G-A-C#-D#;"C4 como dó central; ajustar conforme tessitura";Voicing teórico fechado. O desenvolvedor pode distribuir notas entre oitavas e omitir duplicações.;"Dicionário de acordes para teclado anexado; estrutura normalizada por teoria musical."
teclado-A7#5-0;teclado;A7#5;;A;Lá;sétima com quinta aumentada;1 3 #5 b7;0;posição fundamental;A-C#-F-G;A|C#|F|G;A;A;A-C#-F-G;"C4 como dó central; ajustar conforme tessitura";Voicing teórico fechado. O desenvolvedor pode distribuir notas entre oitavas e omitir duplicações.;"Dicionário de acordes para teclado anexado; estrutura normalizada por teoria musical."
teclado-A7#5-1;teclado;A7#5;;A;Lá;sétima com quinta aumentada;1 3 #5 b7;1;1ª inversão;C#-F-G-A;C#|F|G|A;C#;A;C#-F-G-A;"C4 como dó central; ajustar conforme tessitura";Voicing teórico fechado. O desenvolvedor pode distribuir notas entre oitavas e omitir duplicações.;"Dicionário de acordes para teclado anexado; estrutura normalizada por teoria musical."
teclado-A7#5-2;teclado;A7#5;;A;Lá;sétima com quinta aumentada;1 3 #5 b7;2;2ª inversão;F-G-A-C#;F|G|A|C#;F;A;F-G-A-C#;"C4 como dó central; ajustar conforme tessitura";Voicing teórico fechado. O desenvolvedor pode distribuir notas entre oitavas e omitir duplicações.;"Dicionário de acordes para teclado anexado; estrutura normalizada por teoria musical."
teclado-A7#5-3;teclado;A7#5;;A;Lá;sétima com quinta aumentada;1 3 #5 b7;3;3ª inversão;G-A-C#-F;G|A|C#|F;G;A;G-A-C#-F;"C4 como dó central; ajustar conforme tessitura";Voicing teórico fechado. O desenvolvedor pode distribuir notas entre oitavas e omitir duplicações.;"Dicionário de acordes para teclado anexado; estrutura normalizada por teoria musical."
teclado-A7b9-0;teclado;A7b9;;A;Lá;sétima com nona menor;1 b9 3 5 b7;0;posição fundamental;A-A#-C#-E-G;A|A#|C#|E|G;A;A;A-A#-C#-E-G;"C4 como dó central; ajustar conforme tessitura";Voicing teórico fechado. O desenvolvedor pode distribuir notas entre oitavas e omitir duplicações.;"Dicionário de acordes para teclado anexado; estrutura normalizada por teoria musical."
teclado-A7b9-1;teclado;A7b9;;A;Lá;sétima com nona menor;1 b9 3 5 b7;1;1ª inversão;A#-C#-E-G-A;A#|C#|E|G|A;A#;A;A#-C#-E-G-A;"C4 como dó central; ajustar conforme tessitura";Voicing teórico fechado. O desenvolvedor pode distribuir notas entre oitavas e omitir duplicações.;"Dicionário de acordes para teclado anexado; estrutura normalizada por teoria musical."
teclado-A7b9-2;teclado;A7b9;;A;Lá;sétima com nona menor;1 b9 3 5 b7;2;2ª inversão;C#-E-G-A-A#;C#|E|G|A|A#;C#;A;C#-E-G-A-A#;"C4 como dó central; ajustar conforme tessitura";Voicing teórico fechado. O desenvolvedor pode distribuir notas entre oitavas e omitir duplicações.;"Dicionário de acordes para teclado anexado; estrutura normalizada por teoria musical."
teclado-A7b9-3;teclado;A7b9;;A;Lá;sétima com nona menor;1 b9 3 5 b7;3;3ª inversão;E-G-A-A#-C#;E|G|A|A#|C#;E;A;E-G-A-A#-C#;"C4 como dó central; ajustar conforme tessitura";Voicing teórico fechado. O desenvolvedor pode distribuir notas entre oitavas e omitir duplicações.;"Dicionário de acordes para teclado anexado; estrutura normalizada por teoria musical."
teclado-A7b9-4;teclado;A7b9;;A;Lá;sétima com nona menor;1 b9 3 5 b7;4;4ª inversão;G-A-A#-C#-E;G|A|A#|C#|E;G;A;G-A-A#-C#-E;"C4 como dó central; ajustar conforme tessitura";Voicing teórico fechado. O desenvolvedor pode distribuir notas entre oitavas e omitir duplicações.;"Dicionário de acordes para teclado anexado; estrutura normalizada por teoria musical."
teclado-A7#9-0;teclado;A7#9;;A;Lá;sétima com nona aumentada;1 #9 3 5 b7;0;posição fundamental;A-C-C#-E-G;A|C|C#|E|G;A;A;A-C-C#-E-G;"C4 como dó central; ajustar conforme tessitura";Voicing teórico fechado. O desenvolvedor pode distribuir notas entre oitavas e omitir duplicações.;"Dicionário de acordes para teclado anexado; estrutura normalizada por teoria musical."
teclado-A7#9-1;teclado;A7#9;;A;Lá;sétima com nona aumentada;1 #9 3 5 b7;1;1ª inversão;C-C#-E-G-A;C|C#|E|G|A;C;A;C-C#-E-G-A;"C4 como dó central; ajustar conforme tessitura";Voicing teórico fechado. O desenvolvedor pode distribuir notas entre oitavas e omitir duplicações.;"Dicionário de acordes para teclado anexado; estrutura normalizada por teoria musical."
teclado-A7#9-2;teclado;A7#9;;A;Lá;sétima com nona aumentada;1 #9 3 5 b7;2;2ª inversão;C#-E-G-A-C;C#|E|G|A|C;C#;A;C#-E-G-A-C;"C4 como dó central; ajustar conforme tessitura";Voicing teórico fechado. O desenvolvedor pode distribuir notas entre oitavas e omitir duplicações.;"Dicionário de acordes para teclado anexado; estrutura normalizada por teoria musical."
teclado-A7#9-3;teclado;A7#9;;A;Lá;sétima com nona aumentada;1 #9 3 5 b7;3;3ª inversão;E-G-A-C-C#;E|G|A|C|C#;E;A;E-G-A-C-C#;"C4 como dó central; ajustar conforme tessitura";Voicing teórico fechado. O desenvolvedor pode distribuir notas entre oitavas e omitir duplicações.;"Dicionário de acordes para teclado anexado; estrutura normalizada por teoria musical."
teclado-A7#9-4;teclado;A7#9;;A;Lá;sétima com nona aumentada;1 #9 3 5 b7;4;4ª inversão;G-A-C-C#-E;G|A|C|C#|E;G;A;G-A-C-C#-E;"C4 como dó central; ajustar conforme tessitura";Voicing teórico fechado. O desenvolvedor pode distribuir notas entre oitavas e omitir duplicações.;"Dicionário de acordes para teclado anexado; estrutura normalizada por teoria musical."
teclado-A5-0;teclado;A5;;A;Lá;quinta (power chord);1 5;0;posição fundamental;A-E;A|E;A;A;A-E;"C4 como dó central; ajustar conforme tessitura";Voicing teórico fechado. O desenvolvedor pode distribuir notas entre oitavas e omitir duplicações.;"Dicionário de acordes para teclado anexado; estrutura normalizada por teoria musical."
teclado-A5-1;teclado;A5;;A;Lá;quinta (power chord);1 5;1;1ª inversão;E-A;E|A;E;A;E-A;"C4 como dó central; ajustar conforme tessitura";Voicing teórico fechado. O desenvolvedor pode distribuir notas entre oitavas e omitir duplicações.;"Dicionário de acordes para teclado anexado; estrutura normalizada por teoria musical."
teclado-A#-0;teclado;A#;Bb;A#;Lá sustenido;maior;1 3 5;0;posição fundamental;A#-D-F;A#|D|F;A#;A#;A#-D-F;"C4 como dó central; ajustar conforme tessitura";Voicing teórico fechado. O desenvolvedor pode distribuir notas entre oitavas e omitir duplicações.;"Dicionário de acordes para teclado anexado; estrutura normalizada por teoria musical."
teclado-A#-1;teclado;A#;Bb;A#;Lá sustenido;maior;1 3 5;1;1ª inversão;D-F-A#;D|F|A#;D;A#;D-F-A#;"C4 como dó central; ajustar conforme tessitura";Voicing teórico fechado. O desenvolvedor pode distribuir notas entre oitavas e omitir duplicações.;"Dicionário de acordes para teclado anexado; estrutura normalizada por teoria musical."
teclado-A#-2;teclado;A#;Bb;A#;Lá sustenido;maior;1 3 5;2;2ª inversão;F-A#-D;F|A#|D;F;A#;F-A#-D;"C4 como dó central; ajustar conforme tessitura";Voicing teórico fechado. O desenvolvedor pode distribuir notas entre oitavas e omitir duplicações.;"Dicionário de acordes para teclado anexado; estrutura normalizada por teoria musical."
teclado-A#m-0;teclado;A#m;Bbm;A#;Lá sustenido;menor;1 b3 5;0;posição fundamental;A#-C#-F;A#|C#|F;A#;A#;A#-C#-F;"C4 como dó central; ajustar conforme tessitura";Voicing teórico fechado. O desenvolvedor pode distribuir notas entre oitavas e omitir duplicações.;"Dicionário de acordes para teclado anexado; estrutura normalizada por teoria musical."
teclado-A#m-1;teclado;A#m;Bbm;A#;Lá sustenido;menor;1 b3 5;1;1ª inversão;C#-F-A#;C#|F|A#;C#;A#;C#-F-A#;"C4 como dó central; ajustar conforme tessitura";Voicing teórico fechado. O desenvolvedor pode distribuir notas entre oitavas e omitir duplicações.;"Dicionário de acordes para teclado anexado; estrutura normalizada por teoria musical."
teclado-A#m-2;teclado;A#m;Bbm;A#;Lá sustenido;menor;1 b3 5;2;2ª inversão;F-A#-C#;F|A#|C#;F;A#;F-A#-C#;"C4 como dó central; ajustar conforme tessitura";Voicing teórico fechado. O desenvolvedor pode distribuir notas entre oitavas e omitir duplicações.;"Dicionário de acordes para teclado anexado; estrutura normalizada por teoria musical."
teclado-A#7-0;teclado;A#7;Bb7;A#;Lá sustenido;sétima dominante;1 3 5 b7;0;posição fundamental;A#-D-F-G#;A#|D|F|G#;A#;A#;A#-D-F-G#;"C4 como dó central; ajustar conforme tessitura";Voicing teórico fechado. O desenvolvedor pode distribuir notas entre oitavas e omitir duplicações.;"Dicionário de acordes para teclado anexado; estrutura normalizada por teoria musical."
teclado-A#7-1;teclado;A#7;Bb7;A#;Lá sustenido;sétima dominante;1 3 5 b7;1;1ª inversão;D-F-G#-A#;D|F|G#|A#;D;A#;D-F-G#-A#;"C4 como dó central; ajustar conforme tessitura";Voicing teórico fechado. O desenvolvedor pode distribuir notas entre oitavas e omitir duplicações.;"Dicionário de acordes para teclado anexado; estrutura normalizada por teoria musical."
teclado-A#7-2;teclado;A#7;Bb7;A#;Lá sustenido;sétima dominante;1 3 5 b7;2;2ª inversão;F-G#-A#-D;F|G#|A#|D;F;A#;F-G#-A#-D;"C4 como dó central; ajustar conforme tessitura";Voicing teórico fechado. O desenvolvedor pode distribuir notas entre oitavas e omitir duplicações.;"Dicionário de acordes para teclado anexado; estrutura normalizada por teoria musical."
teclado-A#7-3;teclado;A#7;Bb7;A#;Lá sustenido;sétima dominante;1 3 5 b7;3;3ª inversão;G#-A#-D-F;G#|A#|D|F;G#;A#;G#-A#-D-F;"C4 como dó central; ajustar conforme tessitura";Voicing teórico fechado. O desenvolvedor pode distribuir notas entre oitavas e omitir duplicações.;"Dicionário de acordes para teclado anexado; estrutura normalizada por teoria musical."
teclado-A#maj7-0;teclado;A#maj7;Bbmaj7;A#;Lá sustenido;sétima maior;1 3 5 7;0;posição fundamental;A#-D-F-A;A#|D|F|A;A#;A#;A#-D-F-A;"C4 como dó central; ajustar conforme tessitura";Voicing teórico fechado. O desenvolvedor pode distribuir notas entre oitavas e omitir duplicações.;"Dicionário de acordes para teclado anexado; estrutura normalizada por teoria musical."
teclado-A#maj7-1;teclado;A#maj7;Bbmaj7;A#;Lá sustenido;sétima maior;1 3 5 7;1;1ª inversão;D-F-A-A#;D|F|A|A#;D;A#;D-F-A-A#;"C4 como dó central; ajustar conforme tessitura";Voicing teórico fechado. O desenvolvedor pode distribuir notas entre oitavas e omitir duplicações.;"Dicionário de acordes para teclado anexado; estrutura normalizada por teoria musical."
teclado-A#maj7-2;teclado;A#maj7;Bbmaj7;A#;Lá sustenido;sétima maior;1 3 5 7;2;2ª inversão;F-A-A#-D;F|A|A#|D;F;A#;F-A-A#-D;"C4 como dó central; ajustar conforme tessitura";Voicing teórico fechado. O desenvolvedor pode distribuir notas entre oitavas e omitir duplicações.;"Dicionário de acordes para teclado anexado; estrutura normalizada por teoria musical."
teclado-A#maj7-3;teclado;A#maj7;Bbmaj7;A#;Lá sustenido;sétima maior;1 3 5 7;3;3ª inversão;A-A#-D-F;A|A#|D|F;A;A#;A-A#-D-F;"C4 como dó central; ajustar conforme tessitura";Voicing teórico fechado. O desenvolvedor pode distribuir notas entre oitavas e omitir duplicações.;"Dicionário de acordes para teclado anexado; estrutura normalizada por teoria musical."
teclado-A#m7-0;teclado;A#m7;Bbm7;A#;Lá sustenido;menor com sétima;1 b3 5 b7;0;posição fundamental;A#-C#-F-G#;A#|C#|F|G#;A#;A#;A#-C#-F-G#;"C4 como dó central; ajustar conforme tessitura";Voicing teórico fechado. O desenvolvedor pode distribuir notas entre oitavas e omitir duplicações.;"Dicionário de acordes para teclado anexado; estrutura normalizada por teoria musical."
teclado-A#m7-1;teclado;A#m7;Bbm7;A#;Lá sustenido;menor com sétima;1 b3 5 b7;1;1ª inversão;C#-F-G#-A#;C#|F|G#|A#;C#;A#;C#-F-G#-A#;"C4 como dó central; ajustar conforme tessitura";Voicing teórico fechado. O desenvolvedor pode distribuir notas entre oitavas e omitir duplicações.;"Dicionário de acordes para teclado anexado; estrutura normalizada por teoria musical."
teclado-A#m7-2;teclado;A#m7;Bbm7;A#;Lá sustenido;menor com sétima;1 b3 5 b7;2;2ª inversão;F-G#-A#-C#;F|G#|A#|C#;F;A#;F-G#-A#-C#;"C4 como dó central; ajustar conforme tessitura";Voicing teórico fechado. O desenvolvedor pode distribuir notas entre oitavas e omitir duplicações.;"Dicionário de acordes para teclado anexado; estrutura normalizada por teoria musical."
teclado-A#m7-3;teclado;A#m7;Bbm7;A#;Lá sustenido;menor com sétima;1 b3 5 b7;3;3ª inversão;G#-A#-C#-F;G#|A#|C#|F;G#;A#;G#-A#-C#-F;"C4 como dó central; ajustar conforme tessitura";Voicing teórico fechado. O desenvolvedor pode distribuir notas entre oitavas e omitir duplicações.;"Dicionário de acordes para teclado anexado; estrutura normalizada por teoria musical."
teclado-A#6-0;teclado;A#6;Bb6;A#;Lá sustenido;sexta;1 3 5 6;0;posição fundamental;A#-D-F-G;A#|D|F|G;A#;A#;A#-D-F-G;"C4 como dó central; ajustar conforme tessitura";Voicing teórico fechado. O desenvolvedor pode distribuir notas entre oitavas e omitir duplicações.;"Dicionário de acordes para teclado anexado; estrutura normalizada por teoria musical."
teclado-A#6-1;teclado;A#6;Bb6;A#;Lá sustenido;sexta;1 3 5 6;1;1ª inversão;D-F-G-A#;D|F|G|A#;D;A#;D-F-G-A#;"C4 como dó central; ajustar conforme tessitura";Voicing teórico fechado. O desenvolvedor pode distribuir notas entre oitavas e omitir duplicações.;"Dicionário de acordes para teclado anexado; estrutura normalizada por teoria musical."
teclado-A#6-2;teclado;A#6;Bb6;A#;Lá sustenido;sexta;1 3 5 6;2;2ª inversão;F-G-A#-D;F|G|A#|D;F;A#;F-G-A#-D;"C4 como dó central; ajustar conforme tessitura";Voicing teórico fechado. O desenvolvedor pode distribuir notas entre oitavas e omitir duplicações.;"Dicionário de acordes para teclado anexado; estrutura normalizada por teoria musical."
teclado-A#6-3;teclado;A#6;Bb6;A#;Lá sustenido;sexta;1 3 5 6;3;3ª inversão;G-A#-D-F;G|A#|D|F;G;A#;G-A#-D-F;"C4 como dó central; ajustar conforme tessitura";Voicing teórico fechado. O desenvolvedor pode distribuir notas entre oitavas e omitir duplicações.;"Dicionário de acordes para teclado anexado; estrutura normalizada por teoria musical."
teclado-A#m6-0;teclado;A#m6;Bbm6;A#;Lá sustenido;menor com sexta;1 b3 5 6;0;posição fundamental;A#-C#-F-G;A#|C#|F|G;A#;A#;A#-C#-F-G;"C4 como dó central; ajustar conforme tessitura";Voicing teórico fechado. O desenvolvedor pode distribuir notas entre oitavas e omitir duplicações.;"Dicionário de acordes para teclado anexado; estrutura normalizada por teoria musical."
teclado-A#m6-1;teclado;A#m6;Bbm6;A#;Lá sustenido;menor com sexta;1 b3 5 6;1;1ª inversão;C#-F-G-A#;C#|F|G|A#;C#;A#;C#-F-G-A#;"C4 como dó central; ajustar conforme tessitura";Voicing teórico fechado. O desenvolvedor pode distribuir notas entre oitavas e omitir duplicações.;"Dicionário de acordes para teclado anexado; estrutura normalizada por teoria musical."
teclado-A#m6-2;teclado;A#m6;Bbm6;A#;Lá sustenido;menor com sexta;1 b3 5 6;2;2ª inversão;F-G-A#-C#;F|G|A#|C#;F;A#;F-G-A#-C#;"C4 como dó central; ajustar conforme tessitura";Voicing teórico fechado. O desenvolvedor pode distribuir notas entre oitavas e omitir duplicações.;"Dicionário de acordes para teclado anexado; estrutura normalizada por teoria musical."
teclado-A#m6-3;teclado;A#m6;Bbm6;A#;Lá sustenido;menor com sexta;1 b3 5 6;3;3ª inversão;G-A#-C#-F;G|A#|C#|F;G;A#;G-A#-C#-F;"C4 como dó central; ajustar conforme tessitura";Voicing teórico fechado. O desenvolvedor pode distribuir notas entre oitavas e omitir duplicações.;"Dicionário de acordes para teclado anexado; estrutura normalizada por teoria musical."
teclado-A#dim-0;teclado;A#dim;Bbdim;A#;Lá sustenido;diminuto;1 b3 b5;0;posição fundamental;A#-C#-E;A#|C#|E;A#;A#;A#-C#-E;"C4 como dó central; ajustar conforme tessitura";Voicing teórico fechado. O desenvolvedor pode distribuir notas entre oitavas e omitir duplicações.;"Dicionário de acordes para teclado anexado; estrutura normalizada por teoria musical."
teclado-A#dim-1;teclado;A#dim;Bbdim;A#;Lá sustenido;diminuto;1 b3 b5;1;1ª inversão;C#-E-A#;C#|E|A#;C#;A#;C#-E-A#;"C4 como dó central; ajustar conforme tessitura";Voicing teórico fechado. O desenvolvedor pode distribuir notas entre oitavas e omitir duplicações.;"Dicionário de acordes para teclado anexado; estrutura normalizada por teoria musical."
teclado-A#dim-2;teclado;A#dim;Bbdim;A#;Lá sustenido;diminuto;1 b3 b5;2;2ª inversão;E-A#-C#;E|A#|C#;E;A#;E-A#-C#;"C4 como dó central; ajustar conforme tessitura";Voicing teórico fechado. O desenvolvedor pode distribuir notas entre oitavas e omitir duplicações.;"Dicionário de acordes para teclado anexado; estrutura normalizada por teoria musical."
teclado-A#dim7-0;teclado;A#dim7;Bbdim7;A#;Lá sustenido;diminuto com sétima;1 b3 b5 bb7;0;posição fundamental;A#-C#-E-G;A#|C#|E|G;A#;A#;A#-C#-E-G;"C4 como dó central; ajustar conforme tessitura";Voicing teórico fechado. O desenvolvedor pode distribuir notas entre oitavas e omitir duplicações.;"Dicionário de acordes para teclado anexado; estrutura normalizada por teoria musical."
teclado-A#dim7-1;teclado;A#dim7;Bbdim7;A#;Lá sustenido;diminuto com sétima;1 b3 b5 bb7;1;1ª inversão;C#-E-G-A#;C#|E|G|A#;C#;A#;C#-E-G-A#;"C4 como dó central; ajustar conforme tessitura";Voicing teórico fechado. O desenvolvedor pode distribuir notas entre oitavas e omitir duplicações.;"Dicionário de acordes para teclado anexado; estrutura normalizada por teoria musical."
teclado-A#dim7-2;teclado;A#dim7;Bbdim7;A#;Lá sustenido;diminuto com sétima;1 b3 b5 bb7;2;2ª inversão;E-G-A#-C#;E|G|A#|C#;E;A#;E-G-A#-C#;"C4 como dó central; ajustar conforme tessitura";Voicing teórico fechado. O desenvolvedor pode distribuir notas entre oitavas e omitir duplicações.;"Dicionário de acordes para teclado anexado; estrutura normalizada por teoria musical."
teclado-A#dim7-3;teclado;A#dim7;Bbdim7;A#;Lá sustenido;diminuto com sétima;1 b3 b5 bb7;3;3ª inversão;G-A#-C#-E;G|A#|C#|E;G;A#;G-A#-C#-E;"C4 como dó central; ajustar conforme tessitura";Voicing teórico fechado. O desenvolvedor pode distribuir notas entre oitavas e omitir duplicações.;"Dicionário de acordes para teclado anexado; estrutura normalizada por teoria musical."
teclado-A#aug-0;teclado;A#aug;Bbaug;A#;Lá sustenido;aumentado;1 3 #5;0;posição fundamental;A#-D-F#;A#|D|F#;A#;A#;A#-D-F#;"C4 como dó central; ajustar conforme tessitura";Voicing teórico fechado. O desenvolvedor pode distribuir notas entre oitavas e omitir duplicações.;"Dicionário de acordes para teclado anexado; estrutura normalizada por teoria musical."
teclado-A#aug-1;teclado;A#aug;Bbaug;A#;Lá sustenido;aumentado;1 3 #5;1;1ª inversão;D-F#-A#;D|F#|A#;D;A#;D-F#-A#;"C4 como dó central; ajustar conforme tessitura";Voicing teórico fechado. O desenvolvedor pode distribuir notas entre oitavas e omitir duplicações.;"Dicionário de acordes para teclado anexado; estrutura normalizada por teoria musical."
teclado-A#aug-2;teclado;A#aug;Bbaug;A#;Lá sustenido;aumentado;1 3 #5;2;2ª inversão;F#-A#-D;F#|A#|D;F#;A#;F#-A#-D;"C4 como dó central; ajustar conforme tessitura";Voicing teórico fechado. O desenvolvedor pode distribuir notas entre oitavas e omitir duplicações.;"Dicionário de acordes para teclado anexado; estrutura normalizada por teoria musical."
teclado-A#sus2-0;teclado;A#sus2;Bbsus2;A#;Lá sustenido;suspenso com segunda;1 2 5;0;posição fundamental;A#-C-F;A#|C|F;A#;A#;A#-C-F;"C4 como dó central; ajustar conforme tessitura";Voicing teórico fechado. O desenvolvedor pode distribuir notas entre oitavas e omitir duplicações.;"Dicionário de acordes para teclado anexado; estrutura normalizada por teoria musical."
teclado-A#sus2-1;teclado;A#sus2;Bbsus2;A#;Lá sustenido;suspenso com segunda;1 2 5;1;1ª inversão;C-F-A#;C|F|A#;C;A#;C-F-A#;"C4 como dó central; ajustar conforme tessitura";Voicing teórico fechado. O desenvolvedor pode distribuir notas entre oitavas e omitir duplicações.;"Dicionário de acordes para teclado anexado; estrutura normalizada por teoria musical."
teclado-A#sus2-2;teclado;A#sus2;Bbsus2;A#;Lá sustenido;suspenso com segunda;1 2 5;2;2ª inversão;F-A#-C;F|A#|C;F;A#;F-A#-C;"C4 como dó central; ajustar conforme tessitura";Voicing teórico fechado. O desenvolvedor pode distribuir notas entre oitavas e omitir duplicações.;"Dicionário de acordes para teclado anexado; estrutura normalizada por teoria musical."
teclado-A#sus4-0;teclado;A#sus4;Bbsus4;A#;Lá sustenido;suspenso com quarta;1 4 5;0;posição fundamental;A#-D#-F;A#|D#|F;A#;A#;A#-D#-F;"C4 como dó central; ajustar conforme tessitura";Voicing teórico fechado. O desenvolvedor pode distribuir notas entre oitavas e omitir duplicações.;"Dicionário de acordes para teclado anexado; estrutura normalizada por teoria musical."
teclado-A#sus4-1;teclado;A#sus4;Bbsus4;A#;Lá sustenido;suspenso com quarta;1 4 5;1;1ª inversão;D#-F-A#;D#|F|A#;D#;A#;D#-F-A#;"C4 como dó central; ajustar conforme tessitura";Voicing teórico fechado. O desenvolvedor pode distribuir notas entre oitavas e omitir duplicações.;"Dicionário de acordes para teclado anexado; estrutura normalizada por teoria musical."
teclado-A#sus4-2;teclado;A#sus4;Bbsus4;A#;Lá sustenido;suspenso com quarta;1 4 5;2;2ª inversão;F-A#-D#;F|A#|D#;F;A#;F-A#-D#;"C4 como dó central; ajustar conforme tessitura";Voicing teórico fechado. O desenvolvedor pode distribuir notas entre oitavas e omitir duplicações.;"Dicionário de acordes para teclado anexado; estrutura normalizada por teoria musical."
teclado-A#add9-0;teclado;A#add9;Bbadd9;A#;Lá sustenido;com nona adicionada;1 3 5 9;0;posição fundamental;A#-C-D-F;A#|C|D|F;A#;A#;A#-C-D-F;"C4 como dó central; ajustar conforme tessitura";Voicing teórico fechado. O desenvolvedor pode distribuir notas entre oitavas e omitir duplicações.;"Dicionário de acordes para teclado anexado; estrutura normalizada por teoria musical."
teclado-A#add9-1;teclado;A#add9;Bbadd9;A#;Lá sustenido;com nona adicionada;1 3 5 9;1;1ª inversão;C-D-F-A#;C|D|F|A#;C;A#;C-D-F-A#;"C4 como dó central; ajustar conforme tessitura";Voicing teórico fechado. O desenvolvedor pode distribuir notas entre oitavas e omitir duplicações.;"Dicionário de acordes para teclado anexado; estrutura normalizada por teoria musical."
teclado-A#add9-2;teclado;A#add9;Bbadd9;A#;Lá sustenido;com nona adicionada;1 3 5 9;2;2ª inversão;D-F-A#-C;D|F|A#|C;D;A#;D-F-A#-C;"C4 como dó central; ajustar conforme tessitura";Voicing teórico fechado. O desenvolvedor pode distribuir notas entre oitavas e omitir duplicações.;"Dicionário de acordes para teclado anexado; estrutura normalizada por teoria musical."
teclado-A#add9-3;teclado;A#add9;Bbadd9;A#;Lá sustenido;com nona adicionada;1 3 5 9;3;3ª inversão;F-A#-C-D;F|A#|C|D;F;A#;F-A#-C-D;"C4 como dó central; ajustar conforme tessitura";Voicing teórico fechado. O desenvolvedor pode distribuir notas entre oitavas e omitir duplicações.;"Dicionário de acordes para teclado anexado; estrutura normalizada por teoria musical."
teclado-A#9-0;teclado;A#9;Bb9;A#;Lá sustenido;nona dominante;1 3 5 b7 9;0;posição fundamental;A#-C-D-F-G#;A#|C|D|F|G#;A#;A#;A#-C-D-F-G#;"C4 como dó central; ajustar conforme tessitura";Voicing teórico fechado. O desenvolvedor pode distribuir notas entre oitavas e omitir duplicações.;"Dicionário de acordes para teclado anexado; estrutura normalizada por teoria musical."
teclado-A#9-1;teclado;A#9;Bb9;A#;Lá sustenido;nona dominante;1 3 5 b7 9;1;1ª inversão;C-D-F-G#-A#;C|D|F|G#|A#;C;A#;C-D-F-G#-A#;"C4 como dó central; ajustar conforme tessitura";Voicing teórico fechado. O desenvolvedor pode distribuir notas entre oitavas e omitir duplicações.;"Dicionário de acordes para teclado anexado; estrutura normalizada por teoria musical."
teclado-A#9-2;teclado;A#9;Bb9;A#;Lá sustenido;nona dominante;1 3 5 b7 9;2;2ª inversão;D-F-G#-A#-C;D|F|G#|A#|C;D;A#;D-F-G#-A#-C;"C4 como dó central; ajustar conforme tessitura";Voicing teórico fechado. O desenvolvedor pode distribuir notas entre oitavas e omitir duplicações.;"Dicionário de acordes para teclado anexado; estrutura normalizada por teoria musical."
teclado-A#9-3;teclado;A#9;Bb9;A#;Lá sustenido;nona dominante;1 3 5 b7 9;3;3ª inversão;F-G#-A#-C-D;F|G#|A#|C|D;F;A#;F-G#-A#-C-D;"C4 como dó central; ajustar conforme tessitura";Voicing teórico fechado. O desenvolvedor pode distribuir notas entre oitavas e omitir duplicações.;"Dicionário de acordes para teclado anexado; estrutura normalizada por teoria musical."
teclado-A#9-4;teclado;A#9;Bb9;A#;Lá sustenido;nona dominante;1 3 5 b7 9;4;4ª inversão;G#-A#-C-D-F;G#|A#|C|D|F;G#;A#;G#-A#-C-D-F;"C4 como dó central; ajustar conforme tessitura";Voicing teórico fechado. O desenvolvedor pode distribuir notas entre oitavas e omitir duplicações.;"Dicionário de acordes para teclado anexado; estrutura normalizada por teoria musical."
teclado-A#maj9-0;teclado;A#maj9;Bbmaj9;A#;Lá sustenido;nona maior;1 3 5 7 9;0;posição fundamental;A#-C-D-F-A;A#|C|D|F|A;A#;A#;A#-C-D-F-A;"C4 como dó central; ajustar conforme tessitura";Voicing teórico fechado. O desenvolvedor pode distribuir notas entre oitavas e omitir duplicações.;"Dicionário de acordes para teclado anexado; estrutura normalizada por teoria musical."
teclado-A#maj9-1;teclado;A#maj9;Bbmaj9;A#;Lá sustenido;nona maior;1 3 5 7 9;1;1ª inversão;C-D-F-A-A#;C|D|F|A|A#;C;A#;C-D-F-A-A#;"C4 como dó central; ajustar conforme tessitura";Voicing teórico fechado. O desenvolvedor pode distribuir notas entre oitavas e omitir duplicações.;"Dicionário de acordes para teclado anexado; estrutura normalizada por teoria musical."
teclado-A#maj9-2;teclado;A#maj9;Bbmaj9;A#;Lá sustenido;nona maior;1 3 5 7 9;2;2ª inversão;D-F-A-A#-C;D|F|A|A#|C;D;A#;D-F-A-A#-C;"C4 como dó central; ajustar conforme tessitura";Voicing teórico fechado. O desenvolvedor pode distribuir notas entre oitavas e omitir duplicações.;"Dicionário de acordes para teclado anexado; estrutura normalizada por teoria musical."
teclado-A#maj9-3;teclado;A#maj9;Bbmaj9;A#;Lá sustenido;nona maior;1 3 5 7 9;3;3ª inversão;F-A-A#-C-D;F|A|A#|C|D;F;A#;F-A-A#-C-D;"C4 como dó central; ajustar conforme tessitura";Voicing teórico fechado. O desenvolvedor pode distribuir notas entre oitavas e omitir duplicações.;"Dicionário de acordes para teclado anexado; estrutura normalizada por teoria musical."
teclado-A#maj9-4;teclado;A#maj9;Bbmaj9;A#;Lá sustenido;nona maior;1 3 5 7 9;4;4ª inversão;A-A#-C-D-F;A|A#|C|D|F;A;A#;A-A#-C-D-F;"C4 como dó central; ajustar conforme tessitura";Voicing teórico fechado. O desenvolvedor pode distribuir notas entre oitavas e omitir duplicações.;"Dicionário de acordes para teclado anexado; estrutura normalizada por teoria musical."
teclado-A#m9-0;teclado;A#m9;Bbm9;A#;Lá sustenido;menor com nona;1 b3 5 b7 9;0;posição fundamental;A#-C-C#-F-G#;A#|C|C#|F|G#;A#;A#;A#-C-C#-F-G#;"C4 como dó central; ajustar conforme tessitura";Voicing teórico fechado. O desenvolvedor pode distribuir notas entre oitavas e omitir duplicações.;"Dicionário de acordes para teclado anexado; estrutura normalizada por teoria musical."
teclado-A#m9-1;teclado;A#m9;Bbm9;A#;Lá sustenido;menor com nona;1 b3 5 b7 9;1;1ª inversão;C-C#-F-G#-A#;C|C#|F|G#|A#;C;A#;C-C#-F-G#-A#;"C4 como dó central; ajustar conforme tessitura";Voicing teórico fechado. O desenvolvedor pode distribuir notas entre oitavas e omitir duplicações.;"Dicionário de acordes para teclado anexado; estrutura normalizada por teoria musical."
teclado-A#m9-2;teclado;A#m9;Bbm9;A#;Lá sustenido;menor com nona;1 b3 5 b7 9;2;2ª inversão;C#-F-G#-A#-C;C#|F|G#|A#|C;C#;A#;C#-F-G#-A#-C;"C4 como dó central; ajustar conforme tessitura";Voicing teórico fechado. O desenvolvedor pode distribuir notas entre oitavas e omitir duplicações.;"Dicionário de acordes para teclado anexado; estrutura normalizada por teoria musical."
teclado-A#m9-3;teclado;A#m9;Bbm9;A#;Lá sustenido;menor com nona;1 b3 5 b7 9;3;3ª inversão;F-G#-A#-C-C#;F|G#|A#|C|C#;F;A#;F-G#-A#-C-C#;"C4 como dó central; ajustar conforme tessitura";Voicing teórico fechado. O desenvolvedor pode distribuir notas entre oitavas e omitir duplicações.;"Dicionário de acordes para teclado anexado; estrutura normalizada por teoria musical."
teclado-A#m9-4;teclado;A#m9;Bbm9;A#;Lá sustenido;menor com nona;1 b3 5 b7 9;4;4ª inversão;G#-A#-C-C#-F;G#|A#|C|C#|F;G#;A#;G#-A#-C-C#-F;"C4 como dó central; ajustar conforme tessitura";Voicing teórico fechado. O desenvolvedor pode distribuir notas entre oitavas e omitir duplicações.;"Dicionário de acordes para teclado anexado; estrutura normalizada por teoria musical."
teclado-A#11-0;teclado;A#11;Bb11;A#;Lá sustenido;décima primeira;1 3 5 b7 9 11;0;posição fundamental;A#-C-D-D#-F-G#;A#|C|D|D#|F|G#;A#;A#;A#-C-D-D#-F-G#;"C4 como dó central; ajustar conforme tessitura";Voicing teórico fechado. O desenvolvedor pode distribuir notas entre oitavas e omitir duplicações.;"Dicionário de acordes para teclado anexado; estrutura normalizada por teoria musical."
teclado-A#11-1;teclado;A#11;Bb11;A#;Lá sustenido;décima primeira;1 3 5 b7 9 11;1;1ª inversão;C-D-D#-F-G#-A#;C|D|D#|F|G#|A#;C;A#;C-D-D#-F-G#-A#;"C4 como dó central; ajustar conforme tessitura";Voicing teórico fechado. O desenvolvedor pode distribuir notas entre oitavas e omitir duplicações.;"Dicionário de acordes para teclado anexado; estrutura normalizada por teoria musical."
teclado-A#11-2;teclado;A#11;Bb11;A#;Lá sustenido;décima primeira;1 3 5 b7 9 11;2;2ª inversão;D-D#-F-G#-A#-C;D|D#|F|G#|A#|C;D;A#;D-D#-F-G#-A#-C;"C4 como dó central; ajustar conforme tessitura";Voicing teórico fechado. O desenvolvedor pode distribuir notas entre oitavas e omitir duplicações.;"Dicionário de acordes para teclado anexado; estrutura normalizada por teoria musical."
teclado-A#11-3;teclado;A#11;Bb11;A#;Lá sustenido;décima primeira;1 3 5 b7 9 11;3;3ª inversão;D#-F-G#-A#-C-D;D#|F|G#|A#|C|D;D#;A#;D#-F-G#-A#-C-D;"C4 como dó central; ajustar conforme tessitura";Voicing teórico fechado. O desenvolvedor pode distribuir notas entre oitavas e omitir duplicações.;"Dicionário de acordes para teclado anexado; estrutura normalizada por teoria musical."
teclado-A#11-4;teclado;A#11;Bb11;A#;Lá sustenido;décima primeira;1 3 5 b7 9 11;4;4ª inversão;F-G#-A#-C-D-D#;F|G#|A#|C|D|D#;F;A#;F-G#-A#-C-D-D#;"C4 como dó central; ajustar conforme tessitura";Voicing teórico fechado. O desenvolvedor pode distribuir notas entre oitavas e omitir duplicações.;"Dicionário de acordes para teclado anexado; estrutura normalizada por teoria musical."
teclado-A#11-5;teclado;A#11;Bb11;A#;Lá sustenido;décima primeira;1 3 5 b7 9 11;5;5ª inversão;G#-A#-C-D-D#-F;G#|A#|C|D|D#|F;G#;A#;G#-A#-C-D-D#-F;"C4 como dó central; ajustar conforme tessitura";Voicing teórico fechado. O desenvolvedor pode distribuir notas entre oitavas e omitir duplicações.;"Dicionário de acordes para teclado anexado; estrutura normalizada por teoria musical."
teclado-A#m11-0;teclado;A#m11;Bbm11;A#;Lá sustenido;menor com décima primeira;1 b3 5 b7 9 11;0;posição fundamental;A#-C-C#-D#-F-G#;A#|C|C#|D#|F|G#;A#;A#;A#-C-C#-D#-F-G#;"C4 como dó central; ajustar conforme tessitura";Voicing teórico fechado. O desenvolvedor pode distribuir notas entre oitavas e omitir duplicações.;"Dicionário de acordes para teclado anexado; estrutura normalizada por teoria musical."
teclado-A#m11-1;teclado;A#m11;Bbm11;A#;Lá sustenido;menor com décima primeira;1 b3 5 b7 9 11;1;1ª inversão;C-C#-D#-F-G#-A#;C|C#|D#|F|G#|A#;C;A#;C-C#-D#-F-G#-A#;"C4 como dó central; ajustar conforme tessitura";Voicing teórico fechado. O desenvolvedor pode distribuir notas entre oitavas e omitir duplicações.;"Dicionário de acordes para teclado anexado; estrutura normalizada por teoria musical."
teclado-A#m11-2;teclado;A#m11;Bbm11;A#;Lá sustenido;menor com décima primeira;1 b3 5 b7 9 11;2;2ª inversão;C#-D#-F-G#-A#-C;C#|D#|F|G#|A#|C;C#;A#;C#-D#-F-G#-A#-C;"C4 como dó central; ajustar conforme tessitura";Voicing teórico fechado. O desenvolvedor pode distribuir notas entre oitavas e omitir duplicações.;"Dicionário de acordes para teclado anexado; estrutura normalizada por teoria musical."
teclado-A#m11-3;teclado;A#m11;Bbm11;A#;Lá sustenido;menor com décima primeira;1 b3 5 b7 9 11;3;3ª inversão;D#-F-G#-A#-C-C#;D#|F|G#|A#|C|C#;D#;A#;D#-F-G#-A#-C-C#;"C4 como dó central; ajustar conforme tessitura";Voicing teórico fechado. O desenvolvedor pode distribuir notas entre oitavas e omitir duplicações.;"Dicionário de acordes para teclado anexado; estrutura normalizada por teoria musical."
teclado-A#m11-4;teclado;A#m11;Bbm11;A#;Lá sustenido;menor com décima primeira;1 b3 5 b7 9 11;4;4ª inversão;F-G#-A#-C-C#-D#;F|G#|A#|C|C#|D#;F;A#;F-G#-A#-C-C#-D#;"C4 como dó central; ajustar conforme tessitura";Voicing teórico fechado. O desenvolvedor pode distribuir notas entre oitavas e omitir duplicações.;"Dicionário de acordes para teclado anexado; estrutura normalizada por teoria musical."
teclado-A#m11-5;teclado;A#m11;Bbm11;A#;Lá sustenido;menor com décima primeira;1 b3 5 b7 9 11;5;5ª inversão;G#-A#-C-C#-D#-F;G#|A#|C|C#|D#|F;G#;A#;G#-A#-C-C#-D#-F;"C4 como dó central; ajustar conforme tessitura";Voicing teórico fechado. O desenvolvedor pode distribuir notas entre oitavas e omitir duplicações.;"Dicionário de acordes para teclado anexado; estrutura normalizada por teoria musical."
teclado-A#13-0;teclado;A#13;Bb13;A#;Lá sustenido;décima terceira;1 3 5 b7 9 13;0;posição fundamental;A#-C-D-F-G-G#;A#|C|D|F|G|G#;A#;A#;A#-C-D-F-G-G#;"C4 como dó central; ajustar conforme tessitura";Voicing teórico fechado. O desenvolvedor pode distribuir notas entre oitavas e omitir duplicações.;"Dicionário de acordes para teclado anexado; estrutura normalizada por teoria musical."
teclado-A#13-1;teclado;A#13;Bb13;A#;Lá sustenido;décima terceira;1 3 5 b7 9 13;1;1ª inversão;C-D-F-G-G#-A#;C|D|F|G|G#|A#;C;A#;C-D-F-G-G#-A#;"C4 como dó central; ajustar conforme tessitura";Voicing teórico fechado. O desenvolvedor pode distribuir notas entre oitavas e omitir duplicações.;"Dicionário de acordes para teclado anexado; estrutura normalizada por teoria musical."
teclado-A#13-2;teclado;A#13;Bb13;A#;Lá sustenido;décima terceira;1 3 5 b7 9 13;2;2ª inversão;D-F-G-G#-A#-C;D|F|G|G#|A#|C;D;A#;D-F-G-G#-A#-C;"C4 como dó central; ajustar conforme tessitura";Voicing teórico fechado. O desenvolvedor pode distribuir notas entre oitavas e omitir duplicações.;"Dicionário de acordes para teclado anexado; estrutura normalizada por teoria musical."
teclado-A#13-3;teclado;A#13;Bb13;A#;Lá sustenido;décima terceira;1 3 5 b7 9 13;3;3ª inversão;F-G-G#-A#-C-D;F|G|G#|A#|C|D;F;A#;F-G-G#-A#-C-D;"C4 como dó central; ajustar conforme tessitura";Voicing teórico fechado. O desenvolvedor pode distribuir notas entre oitavas e omitir duplicações.;"Dicionário de acordes para teclado anexado; estrutura normalizada por teoria musical."
teclado-A#13-4;teclado;A#13;Bb13;A#;Lá sustenido;décima terceira;1 3 5 b7 9 13;4;4ª inversão;G-G#-A#-C-D-F;G|G#|A#|C|D|F;G;A#;G-G#-A#-C-D-F;"C4 como dó central; ajustar conforme tessitura";Voicing teórico fechado. O desenvolvedor pode distribuir notas entre oitavas e omitir duplicações.;"Dicionário de acordes para teclado anexado; estrutura normalizada por teoria musical."
teclado-A#13-5;teclado;A#13;Bb13;A#;Lá sustenido;décima terceira;1 3 5 b7 9 13;5;5ª inversão;G#-A#-C-D-F-G;G#|A#|C|D|F|G;G#;A#;G#-A#-C-D-F-G;"C4 como dó central; ajustar conforme tessitura";Voicing teórico fechado. O desenvolvedor pode distribuir notas entre oitavas e omitir duplicações.;"Dicionário de acordes para teclado anexado; estrutura normalizada por teoria musical."
teclado-A#m13-0;teclado;A#m13;Bbm13;A#;Lá sustenido;menor com décima terceira;1 b3 5 b7 9 13;0;posição fundamental;A#-C-C#-F-G-G#;A#|C|C#|F|G|G#;A#;A#;A#-C-C#-F-G-G#;"C4 como dó central; ajustar conforme tessitura";Voicing teórico fechado. O desenvolvedor pode distribuir notas entre oitavas e omitir duplicações.;"Dicionário de acordes para teclado anexado; estrutura normalizada por teoria musical."
teclado-A#m13-1;teclado;A#m13;Bbm13;A#;Lá sustenido;menor com décima terceira;1 b3 5 b7 9 13;1;1ª inversão;C-C#-F-G-G#-A#;C|C#|F|G|G#|A#;C;A#;C-C#-F-G-G#-A#;"C4 como dó central; ajustar conforme tessitura";Voicing teórico fechado. O desenvolvedor pode distribuir notas entre oitavas e omitir duplicações.;"Dicionário de acordes para teclado anexado; estrutura normalizada por teoria musical."
teclado-A#m13-2;teclado;A#m13;Bbm13;A#;Lá sustenido;menor com décima terceira;1 b3 5 b7 9 13;2;2ª inversão;C#-F-G-G#-A#-C;C#|F|G|G#|A#|C;C#;A#;C#-F-G-G#-A#-C;"C4 como dó central; ajustar conforme tessitura";Voicing teórico fechado. O desenvolvedor pode distribuir notas entre oitavas e omitir duplicações.;"Dicionário de acordes para teclado anexado; estrutura normalizada por teoria musical."
teclado-A#m13-3;teclado;A#m13;Bbm13;A#;Lá sustenido;menor com décima terceira;1 b3 5 b7 9 13;3;3ª inversão;F-G-G#-A#-C-C#;F|G|G#|A#|C|C#;F;A#;F-G-G#-A#-C-C#;"C4 como dó central; ajustar conforme tessitura";Voicing teórico fechado. O desenvolvedor pode distribuir notas entre oitavas e omitir duplicações.;"Dicionário de acordes para teclado anexado; estrutura normalizada por teoria musical."
teclado-A#m13-4;teclado;A#m13;Bbm13;A#;Lá sustenido;menor com décima terceira;1 b3 5 b7 9 13;4;4ª inversão;G-G#-A#-C-C#-F;G|G#|A#|C|C#|F;G;A#;G-G#-A#-C-C#-F;"C4 como dó central; ajustar conforme tessitura";Voicing teórico fechado. O desenvolvedor pode distribuir notas entre oitavas e omitir duplicações.;"Dicionário de acordes para teclado anexado; estrutura normalizada por teoria musical."
teclado-A#m13-5;teclado;A#m13;Bbm13;A#;Lá sustenido;menor com décima terceira;1 b3 5 b7 9 13;5;5ª inversão;G#-A#-C-C#-F-G;G#|A#|C|C#|F|G;G#;A#;G#-A#-C-C#-F-G;"C4 como dó central; ajustar conforme tessitura";Voicing teórico fechado. O desenvolvedor pode distribuir notas entre oitavas e omitir duplicações.;"Dicionário de acordes para teclado anexado; estrutura normalizada por teoria musical."
teclado-A#7b5-0;teclado;A#7b5;Bb7b5;A#;Lá sustenido;sétima com quinta diminuta;1 3 b5 b7;0;posição fundamental;A#-D-E-G#;A#|D|E|G#;A#;A#;A#-D-E-G#;"C4 como dó central; ajustar conforme tessitura";Voicing teórico fechado. O desenvolvedor pode distribuir notas entre oitavas e omitir duplicações.;"Dicionário de acordes para teclado anexado; estrutura normalizada por teoria musical."
teclado-A#7b5-1;teclado;A#7b5;Bb7b5;A#;Lá sustenido;sétima com quinta diminuta;1 3 b5 b7;1;1ª inversão;D-E-G#-A#;D|E|G#|A#;D;A#;D-E-G#-A#;"C4 como dó central; ajustar conforme tessitura";Voicing teórico fechado. O desenvolvedor pode distribuir notas entre oitavas e omitir duplicações.;"Dicionário de acordes para teclado anexado; estrutura normalizada por teoria musical."
teclado-A#7b5-2;teclado;A#7b5;Bb7b5;A#;Lá sustenido;sétima com quinta diminuta;1 3 b5 b7;2;2ª inversão;E-G#-A#-D;E|G#|A#|D;E;A#;E-G#-A#-D;"C4 como dó central; ajustar conforme tessitura";Voicing teórico fechado. O desenvolvedor pode distribuir notas entre oitavas e omitir duplicações.;"Dicionário de acordes para teclado anexado; estrutura normalizada por teoria musical."
teclado-A#7b5-3;teclado;A#7b5;Bb7b5;A#;Lá sustenido;sétima com quinta diminuta;1 3 b5 b7;3;3ª inversão;G#-A#-D-E;G#|A#|D|E;G#;A#;G#-A#-D-E;"C4 como dó central; ajustar conforme tessitura";Voicing teórico fechado. O desenvolvedor pode distribuir notas entre oitavas e omitir duplicações.;"Dicionário de acordes para teclado anexado; estrutura normalizada por teoria musical."
teclado-A#7#5-0;teclado;A#7#5;Bb7#5;A#;Lá sustenido;sétima com quinta aumentada;1 3 #5 b7;0;posição fundamental;A#-D-F#-G#;A#|D|F#|G#;A#;A#;A#-D-F#-G#;"C4 como dó central; ajustar conforme tessitura";Voicing teórico fechado. O desenvolvedor pode distribuir notas entre oitavas e omitir duplicações.;"Dicionário de acordes para teclado anexado; estrutura normalizada por teoria musical."
teclado-A#7#5-1;teclado;A#7#5;Bb7#5;A#;Lá sustenido;sétima com quinta aumentada;1 3 #5 b7;1;1ª inversão;D-F#-G#-A#;D|F#|G#|A#;D;A#;D-F#-G#-A#;"C4 como dó central; ajustar conforme tessitura";Voicing teórico fechado. O desenvolvedor pode distribuir notas entre oitavas e omitir duplicações.;"Dicionário de acordes para teclado anexado; estrutura normalizada por teoria musical."
teclado-A#7#5-2;teclado;A#7#5;Bb7#5;A#;Lá sustenido;sétima com quinta aumentada;1 3 #5 b7;2;2ª inversão;F#-G#-A#-D;F#|G#|A#|D;F#;A#;F#-G#-A#-D;"C4 como dó central; ajustar conforme tessitura";Voicing teórico fechado. O desenvolvedor pode distribuir notas entre oitavas e omitir duplicações.;"Dicionário de acordes para teclado anexado; estrutura normalizada por teoria musical."
teclado-A#7#5-3;teclado;A#7#5;Bb7#5;A#;Lá sustenido;sétima com quinta aumentada;1 3 #5 b7;3;3ª inversão;G#-A#-D-F#;G#|A#|D|F#;G#;A#;G#-A#-D-F#;"C4 como dó central; ajustar conforme tessitura";Voicing teórico fechado. O desenvolvedor pode distribuir notas entre oitavas e omitir duplicações.;"Dicionário de acordes para teclado anexado; estrutura normalizada por teoria musical."
teclado-A#7b9-0;teclado;A#7b9;Bb7b9;A#;Lá sustenido;sétima com nona menor;1 b9 3 5 b7;0;posição fundamental;A#-B-D-F-G#;A#|B|D|F|G#;A#;A#;A#-B-D-F-G#;"C4 como dó central; ajustar conforme tessitura";Voicing teórico fechado. O desenvolvedor pode distribuir notas entre oitavas e omitir duplicações.;"Dicionário de acordes para teclado anexado; estrutura normalizada por teoria musical."
teclado-A#7b9-1;teclado;A#7b9;Bb7b9;A#;Lá sustenido;sétima com nona menor;1 b9 3 5 b7;1;1ª inversão;B-D-F-G#-A#;B|D|F|G#|A#;B;A#;B-D-F-G#-A#;"C4 como dó central; ajustar conforme tessitura";Voicing teórico fechado. O desenvolvedor pode distribuir notas entre oitavas e omitir duplicações.;"Dicionário de acordes para teclado anexado; estrutura normalizada por teoria musical."
teclado-A#7b9-2;teclado;A#7b9;Bb7b9;A#;Lá sustenido;sétima com nona menor;1 b9 3 5 b7;2;2ª inversão;D-F-G#-A#-B;D|F|G#|A#|B;D;A#;D-F-G#-A#-B;"C4 como dó central; ajustar conforme tessitura";Voicing teórico fechado. O desenvolvedor pode distribuir notas entre oitavas e omitir duplicações.;"Dicionário de acordes para teclado anexado; estrutura normalizada por teoria musical."
teclado-A#7b9-3;teclado;A#7b9;Bb7b9;A#;Lá sustenido;sétima com nona menor;1 b9 3 5 b7;3;3ª inversão;F-G#-A#-B-D;F|G#|A#|B|D;F;A#;F-G#-A#-B-D;"C4 como dó central; ajustar conforme tessitura";Voicing teórico fechado. O desenvolvedor pode distribuir notas entre oitavas e omitir duplicações.;"Dicionário de acordes para teclado anexado; estrutura normalizada por teoria musical."
teclado-A#7b9-4;teclado;A#7b9;Bb7b9;A#;Lá sustenido;sétima com nona menor;1 b9 3 5 b7;4;4ª inversão;G#-A#-B-D-F;G#|A#|B|D|F;G#;A#;G#-A#-B-D-F;"C4 como dó central; ajustar conforme tessitura";Voicing teórico fechado. O desenvolvedor pode distribuir notas entre oitavas e omitir duplicações.;"Dicionário de acordes para teclado anexado; estrutura normalizada por teoria musical."
teclado-A#7#9-0;teclado;A#7#9;Bb7#9;A#;Lá sustenido;sétima com nona aumentada;1 #9 3 5 b7;0;posição fundamental;A#-C#-D-F-G#;A#|C#|D|F|G#;A#;A#;A#-C#-D-F-G#;"C4 como dó central; ajustar conforme tessitura";Voicing teórico fechado. O desenvolvedor pode distribuir notas entre oitavas e omitir duplicações.;"Dicionário de acordes para teclado anexado; estrutura normalizada por teoria musical."
teclado-A#7#9-1;teclado;A#7#9;Bb7#9;A#;Lá sustenido;sétima com nona aumentada;1 #9 3 5 b7;1;1ª inversão;C#-D-F-G#-A#;C#|D|F|G#|A#;C#;A#;C#-D-F-G#-A#;"C4 como dó central; ajustar conforme tessitura";Voicing teórico fechado. O desenvolvedor pode distribuir notas entre oitavas e omitir duplicações.;"Dicionário de acordes para teclado anexado; estrutura normalizada por teoria musical."
teclado-A#7#9-2;teclado;A#7#9;Bb7#9;A#;Lá sustenido;sétima com nona aumentada;1 #9 3 5 b7;2;2ª inversão;D-F-G#-A#-C#;D|F|G#|A#|C#;D;A#;D-F-G#-A#-C#;"C4 como dó central; ajustar conforme tessitura";Voicing teórico fechado. O desenvolvedor pode distribuir notas entre oitavas e omitir duplicações.;"Dicionário de acordes para teclado anexado; estrutura normalizada por teoria musical."
teclado-A#7#9-3;teclado;A#7#9;Bb7#9;A#;Lá sustenido;sétima com nona aumentada;1 #9 3 5 b7;3;3ª inversão;F-G#-A#-C#-D;F|G#|A#|C#|D;F;A#;F-G#-A#-C#-D;"C4 como dó central; ajustar conforme tessitura";Voicing teórico fechado. O desenvolvedor pode distribuir notas entre oitavas e omitir duplicações.;"Dicionário de acordes para teclado anexado; estrutura normalizada por teoria musical."
teclado-A#7#9-4;teclado;A#7#9;Bb7#9;A#;Lá sustenido;sétima com nona aumentada;1 #9 3 5 b7;4;4ª inversão;G#-A#-C#-D-F;G#|A#|C#|D|F;G#;A#;G#-A#-C#-D-F;"C4 como dó central; ajustar conforme tessitura";Voicing teórico fechado. O desenvolvedor pode distribuir notas entre oitavas e omitir duplicações.;"Dicionário de acordes para teclado anexado; estrutura normalizada por teoria musical."
teclado-A#5-0;teclado;A#5;Bb5;A#;Lá sustenido;quinta (power chord);1 5;0;posição fundamental;A#-F;A#|F;A#;A#;A#-F;"C4 como dó central; ajustar conforme tessitura";Voicing teórico fechado. O desenvolvedor pode distribuir notas entre oitavas e omitir duplicações.;"Dicionário de acordes para teclado anexado; estrutura normalizada por teoria musical."
teclado-A#5-1;teclado;A#5;Bb5;A#;Lá sustenido;quinta (power chord);1 5;1;1ª inversão;F-A#;F|A#;F;A#;F-A#;"C4 como dó central; ajustar conforme tessitura";Voicing teórico fechado. O desenvolvedor pode distribuir notas entre oitavas e omitir duplicações.;"Dicionário de acordes para teclado anexado; estrutura normalizada por teoria musical."
teclado-B-0;teclado;B;;B;Si;maior;1 3 5;0;posição fundamental;B-D#-F#;B|D#|F#;B;B;B-D#-F#;"C4 como dó central; ajustar conforme tessitura";Voicing teórico fechado. O desenvolvedor pode distribuir notas entre oitavas e omitir duplicações.;"Dicionário de acordes para teclado anexado; estrutura normalizada por teoria musical."
teclado-B-1;teclado;B;;B;Si;maior;1 3 5;1;1ª inversão;D#-F#-B;D#|F#|B;D#;B;D#-F#-B;"C4 como dó central; ajustar conforme tessitura";Voicing teórico fechado. O desenvolvedor pode distribuir notas entre oitavas e omitir duplicações.;"Dicionário de acordes para teclado anexado; estrutura normalizada por teoria musical."
teclado-B-2;teclado;B;;B;Si;maior;1 3 5;2;2ª inversão;F#-B-D#;F#|B|D#;F#;B;F#-B-D#;"C4 como dó central; ajustar conforme tessitura";Voicing teórico fechado. O desenvolvedor pode distribuir notas entre oitavas e omitir duplicações.;"Dicionário de acordes para teclado anexado; estrutura normalizada por teoria musical."
teclado-Bm-0;teclado;Bm;;B;Si;menor;1 b3 5;0;posição fundamental;B-D-F#;B|D|F#;B;B;B-D-F#;"C4 como dó central; ajustar conforme tessitura";Voicing teórico fechado. O desenvolvedor pode distribuir notas entre oitavas e omitir duplicações.;"Dicionário de acordes para teclado anexado; estrutura normalizada por teoria musical."
teclado-Bm-1;teclado;Bm;;B;Si;menor;1 b3 5;1;1ª inversão;D-F#-B;D|F#|B;D;B;D-F#-B;"C4 como dó central; ajustar conforme tessitura";Voicing teórico fechado. O desenvolvedor pode distribuir notas entre oitavas e omitir duplicações.;"Dicionário de acordes para teclado anexado; estrutura normalizada por teoria musical."
teclado-Bm-2;teclado;Bm;;B;Si;menor;1 b3 5;2;2ª inversão;F#-B-D;F#|B|D;F#;B;F#-B-D;"C4 como dó central; ajustar conforme tessitura";Voicing teórico fechado. O desenvolvedor pode distribuir notas entre oitavas e omitir duplicações.;"Dicionário de acordes para teclado anexado; estrutura normalizada por teoria musical."
teclado-B7-0;teclado;B7;;B;Si;sétima dominante;1 3 5 b7;0;posição fundamental;B-D#-F#-A;B|D#|F#|A;B;B;B-D#-F#-A;"C4 como dó central; ajustar conforme tessitura";Voicing teórico fechado. O desenvolvedor pode distribuir notas entre oitavas e omitir duplicações.;"Dicionário de acordes para teclado anexado; estrutura normalizada por teoria musical."
teclado-B7-1;teclado;B7;;B;Si;sétima dominante;1 3 5 b7;1;1ª inversão;D#-F#-A-B;D#|F#|A|B;D#;B;D#-F#-A-B;"C4 como dó central; ajustar conforme tessitura";Voicing teórico fechado. O desenvolvedor pode distribuir notas entre oitavas e omitir duplicações.;"Dicionário de acordes para teclado anexado; estrutura normalizada por teoria musical."
teclado-B7-2;teclado;B7;;B;Si;sétima dominante;1 3 5 b7;2;2ª inversão;F#-A-B-D#;F#|A|B|D#;F#;B;F#-A-B-D#;"C4 como dó central; ajustar conforme tessitura";Voicing teórico fechado. O desenvolvedor pode distribuir notas entre oitavas e omitir duplicações.;"Dicionário de acordes para teclado anexado; estrutura normalizada por teoria musical."
teclado-B7-3;teclado;B7;;B;Si;sétima dominante;1 3 5 b7;3;3ª inversão;A-B-D#-F#;A|B|D#|F#;A;B;A-B-D#-F#;"C4 como dó central; ajustar conforme tessitura";Voicing teórico fechado. O desenvolvedor pode distribuir notas entre oitavas e omitir duplicações.;"Dicionário de acordes para teclado anexado; estrutura normalizada por teoria musical."
teclado-Bmaj7-0;teclado;Bmaj7;;B;Si;sétima maior;1 3 5 7;0;posição fundamental;B-D#-F#-A#;B|D#|F#|A#;B;B;B-D#-F#-A#;"C4 como dó central; ajustar conforme tessitura";Voicing teórico fechado. O desenvolvedor pode distribuir notas entre oitavas e omitir duplicações.;"Dicionário de acordes para teclado anexado; estrutura normalizada por teoria musical."
teclado-Bmaj7-1;teclado;Bmaj7;;B;Si;sétima maior;1 3 5 7;1;1ª inversão;D#-F#-A#-B;D#|F#|A#|B;D#;B;D#-F#-A#-B;"C4 como dó central; ajustar conforme tessitura";Voicing teórico fechado. O desenvolvedor pode distribuir notas entre oitavas e omitir duplicações.;"Dicionário de acordes para teclado anexado; estrutura normalizada por teoria musical."
teclado-Bmaj7-2;teclado;Bmaj7;;B;Si;sétima maior;1 3 5 7;2;2ª inversão;F#-A#-B-D#;F#|A#|B|D#;F#;B;F#-A#-B-D#;"C4 como dó central; ajustar conforme tessitura";Voicing teórico fechado. O desenvolvedor pode distribuir notas entre oitavas e omitir duplicações.;"Dicionário de acordes para teclado anexado; estrutura normalizada por teoria musical."
teclado-Bmaj7-3;teclado;Bmaj7;;B;Si;sétima maior;1 3 5 7;3;3ª inversão;A#-B-D#-F#;A#|B|D#|F#;A#;B;A#-B-D#-F#;"C4 como dó central; ajustar conforme tessitura";Voicing teórico fechado. O desenvolvedor pode distribuir notas entre oitavas e omitir duplicações.;"Dicionário de acordes para teclado anexado; estrutura normalizada por teoria musical."
teclado-Bm7-0;teclado;Bm7;;B;Si;menor com sétima;1 b3 5 b7;0;posição fundamental;B-D-F#-A;B|D|F#|A;B;B;B-D-F#-A;"C4 como dó central; ajustar conforme tessitura";Voicing teórico fechado. O desenvolvedor pode distribuir notas entre oitavas e omitir duplicações.;"Dicionário de acordes para teclado anexado; estrutura normalizada por teoria musical."
teclado-Bm7-1;teclado;Bm7;;B;Si;menor com sétima;1 b3 5 b7;1;1ª inversão;D-F#-A-B;D|F#|A|B;D;B;D-F#-A-B;"C4 como dó central; ajustar conforme tessitura";Voicing teórico fechado. O desenvolvedor pode distribuir notas entre oitavas e omitir duplicações.;"Dicionário de acordes para teclado anexado; estrutura normalizada por teoria musical."
teclado-Bm7-2;teclado;Bm7;;B;Si;menor com sétima;1 b3 5 b7;2;2ª inversão;F#-A-B-D;F#|A|B|D;F#;B;F#-A-B-D;"C4 como dó central; ajustar conforme tessitura";Voicing teórico fechado. O desenvolvedor pode distribuir notas entre oitavas e omitir duplicações.;"Dicionário de acordes para teclado anexado; estrutura normalizada por teoria musical."
teclado-Bm7-3;teclado;Bm7;;B;Si;menor com sétima;1 b3 5 b7;3;3ª inversão;A-B-D-F#;A|B|D|F#;A;B;A-B-D-F#;"C4 como dó central; ajustar conforme tessitura";Voicing teórico fechado. O desenvolvedor pode distribuir notas entre oitavas e omitir duplicações.;"Dicionário de acordes para teclado anexado; estrutura normalizada por teoria musical."
teclado-B6-0;teclado;B6;;B;Si;sexta;1 3 5 6;0;posição fundamental;B-D#-F#-G#;B|D#|F#|G#;B;B;B-D#-F#-G#;"C4 como dó central; ajustar conforme tessitura";Voicing teórico fechado. O desenvolvedor pode distribuir notas entre oitavas e omitir duplicações.;"Dicionário de acordes para teclado anexado; estrutura normalizada por teoria musical."
teclado-B6-1;teclado;B6;;B;Si;sexta;1 3 5 6;1;1ª inversão;D#-F#-G#-B;D#|F#|G#|B;D#;B;D#-F#-G#-B;"C4 como dó central; ajustar conforme tessitura";Voicing teórico fechado. O desenvolvedor pode distribuir notas entre oitavas e omitir duplicações.;"Dicionário de acordes para teclado anexado; estrutura normalizada por teoria musical."
teclado-B6-2;teclado;B6;;B;Si;sexta;1 3 5 6;2;2ª inversão;F#-G#-B-D#;F#|G#|B|D#;F#;B;F#-G#-B-D#;"C4 como dó central; ajustar conforme tessitura";Voicing teórico fechado. O desenvolvedor pode distribuir notas entre oitavas e omitir duplicações.;"Dicionário de acordes para teclado anexado; estrutura normalizada por teoria musical."
teclado-B6-3;teclado;B6;;B;Si;sexta;1 3 5 6;3;3ª inversão;G#-B-D#-F#;G#|B|D#|F#;G#;B;G#-B-D#-F#;"C4 como dó central; ajustar conforme tessitura";Voicing teórico fechado. O desenvolvedor pode distribuir notas entre oitavas e omitir duplicações.;"Dicionário de acordes para teclado anexado; estrutura normalizada por teoria musical."
teclado-Bm6-0;teclado;Bm6;;B;Si;menor com sexta;1 b3 5 6;0;posição fundamental;B-D-F#-G#;B|D|F#|G#;B;B;B-D-F#-G#;"C4 como dó central; ajustar conforme tessitura";Voicing teórico fechado. O desenvolvedor pode distribuir notas entre oitavas e omitir duplicações.;"Dicionário de acordes para teclado anexado; estrutura normalizada por teoria musical."
teclado-Bm6-1;teclado;Bm6;;B;Si;menor com sexta;1 b3 5 6;1;1ª inversão;D-F#-G#-B;D|F#|G#|B;D;B;D-F#-G#-B;"C4 como dó central; ajustar conforme tessitura";Voicing teórico fechado. O desenvolvedor pode distribuir notas entre oitavas e omitir duplicações.;"Dicionário de acordes para teclado anexado; estrutura normalizada por teoria musical."
teclado-Bm6-2;teclado;Bm6;;B;Si;menor com sexta;1 b3 5 6;2;2ª inversão;F#-G#-B-D;F#|G#|B|D;F#;B;F#-G#-B-D;"C4 como dó central; ajustar conforme tessitura";Voicing teórico fechado. O desenvolvedor pode distribuir notas entre oitavas e omitir duplicações.;"Dicionário de acordes para teclado anexado; estrutura normalizada por teoria musical."
teclado-Bm6-3;teclado;Bm6;;B;Si;menor com sexta;1 b3 5 6;3;3ª inversão;G#-B-D-F#;G#|B|D|F#;G#;B;G#-B-D-F#;"C4 como dó central; ajustar conforme tessitura";Voicing teórico fechado. O desenvolvedor pode distribuir notas entre oitavas e omitir duplicações.;"Dicionário de acordes para teclado anexado; estrutura normalizada por teoria musical."
teclado-Bdim-0;teclado;Bdim;;B;Si;diminuto;1 b3 b5;0;posição fundamental;B-D-F;B|D|F;B;B;B-D-F;"C4 como dó central; ajustar conforme tessitura";Voicing teórico fechado. O desenvolvedor pode distribuir notas entre oitavas e omitir duplicações.;"Dicionário de acordes para teclado anexado; estrutura normalizada por teoria musical."
teclado-Bdim-1;teclado;Bdim;;B;Si;diminuto;1 b3 b5;1;1ª inversão;D-F-B;D|F|B;D;B;D-F-B;"C4 como dó central; ajustar conforme tessitura";Voicing teórico fechado. O desenvolvedor pode distribuir notas entre oitavas e omitir duplicações.;"Dicionário de acordes para teclado anexado; estrutura normalizada por teoria musical."
teclado-Bdim-2;teclado;Bdim;;B;Si;diminuto;1 b3 b5;2;2ª inversão;F-B-D;F|B|D;F;B;F-B-D;"C4 como dó central; ajustar conforme tessitura";Voicing teórico fechado. O desenvolvedor pode distribuir notas entre oitavas e omitir duplicações.;"Dicionário de acordes para teclado anexado; estrutura normalizada por teoria musical."
teclado-Bdim7-0;teclado;Bdim7;;B;Si;diminuto com sétima;1 b3 b5 bb7;0;posição fundamental;B-D-F-G#;B|D|F|G#;B;B;B-D-F-G#;"C4 como dó central; ajustar conforme tessitura";Voicing teórico fechado. O desenvolvedor pode distribuir notas entre oitavas e omitir duplicações.;"Dicionário de acordes para teclado anexado; estrutura normalizada por teoria musical."
teclado-Bdim7-1;teclado;Bdim7;;B;Si;diminuto com sétima;1 b3 b5 bb7;1;1ª inversão;D-F-G#-B;D|F|G#|B;D;B;D-F-G#-B;"C4 como dó central; ajustar conforme tessitura";Voicing teórico fechado. O desenvolvedor pode distribuir notas entre oitavas e omitir duplicações.;"Dicionário de acordes para teclado anexado; estrutura normalizada por teoria musical."
teclado-Bdim7-2;teclado;Bdim7;;B;Si;diminuto com sétima;1 b3 b5 bb7;2;2ª inversão;F-G#-B-D;F|G#|B|D;F;B;F-G#-B-D;"C4 como dó central; ajustar conforme tessitura";Voicing teórico fechado. O desenvolvedor pode distribuir notas entre oitavas e omitir duplicações.;"Dicionário de acordes para teclado anexado; estrutura normalizada por teoria musical."
teclado-Bdim7-3;teclado;Bdim7;;B;Si;diminuto com sétima;1 b3 b5 bb7;3;3ª inversão;G#-B-D-F;G#|B|D|F;G#;B;G#-B-D-F;"C4 como dó central; ajustar conforme tessitura";Voicing teórico fechado. O desenvolvedor pode distribuir notas entre oitavas e omitir duplicações.;"Dicionário de acordes para teclado anexado; estrutura normalizada por teoria musical."
teclado-Baug-0;teclado;Baug;;B;Si;aumentado;1 3 #5;0;posição fundamental;B-D#-G;B|D#|G;B;B;B-D#-G;"C4 como dó central; ajustar conforme tessitura";Voicing teórico fechado. O desenvolvedor pode distribuir notas entre oitavas e omitir duplicações.;"Dicionário de acordes para teclado anexado; estrutura normalizada por teoria musical."
teclado-Baug-1;teclado;Baug;;B;Si;aumentado;1 3 #5;1;1ª inversão;D#-G-B;D#|G|B;D#;B;D#-G-B;"C4 como dó central; ajustar conforme tessitura";Voicing teórico fechado. O desenvolvedor pode distribuir notas entre oitavas e omitir duplicações.;"Dicionário de acordes para teclado anexado; estrutura normalizada por teoria musical."
teclado-Baug-2;teclado;Baug;;B;Si;aumentado;1 3 #5;2;2ª inversão;G-B-D#;G|B|D#;G;B;G-B-D#;"C4 como dó central; ajustar conforme tessitura";Voicing teórico fechado. O desenvolvedor pode distribuir notas entre oitavas e omitir duplicações.;"Dicionário de acordes para teclado anexado; estrutura normalizada por teoria musical."
teclado-Bsus2-0;teclado;Bsus2;;B;Si;suspenso com segunda;1 2 5;0;posição fundamental;B-C#-F#;B|C#|F#;B;B;B-C#-F#;"C4 como dó central; ajustar conforme tessitura";Voicing teórico fechado. O desenvolvedor pode distribuir notas entre oitavas e omitir duplicações.;"Dicionário de acordes para teclado anexado; estrutura normalizada por teoria musical."
teclado-Bsus2-1;teclado;Bsus2;;B;Si;suspenso com segunda;1 2 5;1;1ª inversão;C#-F#-B;C#|F#|B;C#;B;C#-F#-B;"C4 como dó central; ajustar conforme tessitura";Voicing teórico fechado. O desenvolvedor pode distribuir notas entre oitavas e omitir duplicações.;"Dicionário de acordes para teclado anexado; estrutura normalizada por teoria musical."
teclado-Bsus2-2;teclado;Bsus2;;B;Si;suspenso com segunda;1 2 5;2;2ª inversão;F#-B-C#;F#|B|C#;F#;B;F#-B-C#;"C4 como dó central; ajustar conforme tessitura";Voicing teórico fechado. O desenvolvedor pode distribuir notas entre oitavas e omitir duplicações.;"Dicionário de acordes para teclado anexado; estrutura normalizada por teoria musical."
teclado-Bsus4-0;teclado;Bsus4;;B;Si;suspenso com quarta;1 4 5;0;posição fundamental;B-E-F#;B|E|F#;B;B;B-E-F#;"C4 como dó central; ajustar conforme tessitura";Voicing teórico fechado. O desenvolvedor pode distribuir notas entre oitavas e omitir duplicações.;"Dicionário de acordes para teclado anexado; estrutura normalizada por teoria musical."
teclado-Bsus4-1;teclado;Bsus4;;B;Si;suspenso com quarta;1 4 5;1;1ª inversão;E-F#-B;E|F#|B;E;B;E-F#-B;"C4 como dó central; ajustar conforme tessitura";Voicing teórico fechado. O desenvolvedor pode distribuir notas entre oitavas e omitir duplicações.;"Dicionário de acordes para teclado anexado; estrutura normalizada por teoria musical."
teclado-Bsus4-2;teclado;Bsus4;;B;Si;suspenso com quarta;1 4 5;2;2ª inversão;F#-B-E;F#|B|E;F#;B;F#-B-E;"C4 como dó central; ajustar conforme tessitura";Voicing teórico fechado. O desenvolvedor pode distribuir notas entre oitavas e omitir duplicações.;"Dicionário de acordes para teclado anexado; estrutura normalizada por teoria musical."
teclado-Badd9-0;teclado;Badd9;;B;Si;com nona adicionada;1 3 5 9;0;posição fundamental;B-C#-D#-F#;B|C#|D#|F#;B;B;B-C#-D#-F#;"C4 como dó central; ajustar conforme tessitura";Voicing teórico fechado. O desenvolvedor pode distribuir notas entre oitavas e omitir duplicações.;"Dicionário de acordes para teclado anexado; estrutura normalizada por teoria musical."
teclado-Badd9-1;teclado;Badd9;;B;Si;com nona adicionada;1 3 5 9;1;1ª inversão;C#-D#-F#-B;C#|D#|F#|B;C#;B;C#-D#-F#-B;"C4 como dó central; ajustar conforme tessitura";Voicing teórico fechado. O desenvolvedor pode distribuir notas entre oitavas e omitir duplicações.;"Dicionário de acordes para teclado anexado; estrutura normalizada por teoria musical."
teclado-Badd9-2;teclado;Badd9;;B;Si;com nona adicionada;1 3 5 9;2;2ª inversão;D#-F#-B-C#;D#|F#|B|C#;D#;B;D#-F#-B-C#;"C4 como dó central; ajustar conforme tessitura";Voicing teórico fechado. O desenvolvedor pode distribuir notas entre oitavas e omitir duplicações.;"Dicionário de acordes para teclado anexado; estrutura normalizada por teoria musical."
teclado-Badd9-3;teclado;Badd9;;B;Si;com nona adicionada;1 3 5 9;3;3ª inversão;F#-B-C#-D#;F#|B|C#|D#;F#;B;F#-B-C#-D#;"C4 como dó central; ajustar conforme tessitura";Voicing teórico fechado. O desenvolvedor pode distribuir notas entre oitavas e omitir duplicações.;"Dicionário de acordes para teclado anexado; estrutura normalizada por teoria musical."
teclado-B9-0;teclado;B9;;B;Si;nona dominante;1 3 5 b7 9;0;posição fundamental;B-C#-D#-F#-A;B|C#|D#|F#|A;B;B;B-C#-D#-F#-A;"C4 como dó central; ajustar conforme tessitura";Voicing teórico fechado. O desenvolvedor pode distribuir notas entre oitavas e omitir duplicações.;"Dicionário de acordes para teclado anexado; estrutura normalizada por teoria musical."
teclado-B9-1;teclado;B9;;B;Si;nona dominante;1 3 5 b7 9;1;1ª inversão;C#-D#-F#-A-B;C#|D#|F#|A|B;C#;B;C#-D#-F#-A-B;"C4 como dó central; ajustar conforme tessitura";Voicing teórico fechado. O desenvolvedor pode distribuir notas entre oitavas e omitir duplicações.;"Dicionário de acordes para teclado anexado; estrutura normalizada por teoria musical."
teclado-B9-2;teclado;B9;;B;Si;nona dominante;1 3 5 b7 9;2;2ª inversão;D#-F#-A-B-C#;D#|F#|A|B|C#;D#;B;D#-F#-A-B-C#;"C4 como dó central; ajustar conforme tessitura";Voicing teórico fechado. O desenvolvedor pode distribuir notas entre oitavas e omitir duplicações.;"Dicionário de acordes para teclado anexado; estrutura normalizada por teoria musical."
teclado-B9-3;teclado;B9;;B;Si;nona dominante;1 3 5 b7 9;3;3ª inversão;F#-A-B-C#-D#;F#|A|B|C#|D#;F#;B;F#-A-B-C#-D#;"C4 como dó central; ajustar conforme tessitura";Voicing teórico fechado. O desenvolvedor pode distribuir notas entre oitavas e omitir duplicações.;"Dicionário de acordes para teclado anexado; estrutura normalizada por teoria musical."
teclado-B9-4;teclado;B9;;B;Si;nona dominante;1 3 5 b7 9;4;4ª inversão;A-B-C#-D#-F#;A|B|C#|D#|F#;A;B;A-B-C#-D#-F#;"C4 como dó central; ajustar conforme tessitura";Voicing teórico fechado. O desenvolvedor pode distribuir notas entre oitavas e omitir duplicações.;"Dicionário de acordes para teclado anexado; estrutura normalizada por teoria musical."
teclado-Bmaj9-0;teclado;Bmaj9;;B;Si;nona maior;1 3 5 7 9;0;posição fundamental;B-C#-D#-F#-A#;B|C#|D#|F#|A#;B;B;B-C#-D#-F#-A#;"C4 como dó central; ajustar conforme tessitura";Voicing teórico fechado. O desenvolvedor pode distribuir notas entre oitavas e omitir duplicações.;"Dicionário de acordes para teclado anexado; estrutura normalizada por teoria musical."
teclado-Bmaj9-1;teclado;Bmaj9;;B;Si;nona maior;1 3 5 7 9;1;1ª inversão;C#-D#-F#-A#-B;C#|D#|F#|A#|B;C#;B;C#-D#-F#-A#-B;"C4 como dó central; ajustar conforme tessitura";Voicing teórico fechado. O desenvolvedor pode distribuir notas entre oitavas e omitir duplicações.;"Dicionário de acordes para teclado anexado; estrutura normalizada por teoria musical."
teclado-Bmaj9-2;teclado;Bmaj9;;B;Si;nona maior;1 3 5 7 9;2;2ª inversão;D#-F#-A#-B-C#;D#|F#|A#|B|C#;D#;B;D#-F#-A#-B-C#;"C4 como dó central; ajustar conforme tessitura";Voicing teórico fechado. O desenvolvedor pode distribuir notas entre oitavas e omitir duplicações.;"Dicionário de acordes para teclado anexado; estrutura normalizada por teoria musical."
teclado-Bmaj9-3;teclado;Bmaj9;;B;Si;nona maior;1 3 5 7 9;3;3ª inversão;F#-A#-B-C#-D#;F#|A#|B|C#|D#;F#;B;F#-A#-B-C#-D#;"C4 como dó central; ajustar conforme tessitura";Voicing teórico fechado. O desenvolvedor pode distribuir notas entre oitavas e omitir duplicações.;"Dicionário de acordes para teclado anexado; estrutura normalizada por teoria musical."
teclado-Bmaj9-4;teclado;Bmaj9;;B;Si;nona maior;1 3 5 7 9;4;4ª inversão;A#-B-C#-D#-F#;A#|B|C#|D#|F#;A#;B;A#-B-C#-D#-F#;"C4 como dó central; ajustar conforme tessitura";Voicing teórico fechado. O desenvolvedor pode distribuir notas entre oitavas e omitir duplicações.;"Dicionário de acordes para teclado anexado; estrutura normalizada por teoria musical."
teclado-Bm9-0;teclado;Bm9;;B;Si;menor com nona;1 b3 5 b7 9;0;posição fundamental;B-C#-D-F#-A;B|C#|D|F#|A;B;B;B-C#-D-F#-A;"C4 como dó central; ajustar conforme tessitura";Voicing teórico fechado. O desenvolvedor pode distribuir notas entre oitavas e omitir duplicações.;"Dicionário de acordes para teclado anexado; estrutura normalizada por teoria musical."
teclado-Bm9-1;teclado;Bm9;;B;Si;menor com nona;1 b3 5 b7 9;1;1ª inversão;C#-D-F#-A-B;C#|D|F#|A|B;C#;B;C#-D-F#-A-B;"C4 como dó central; ajustar conforme tessitura";Voicing teórico fechado. O desenvolvedor pode distribuir notas entre oitavas e omitir duplicações.;"Dicionário de acordes para teclado anexado; estrutura normalizada por teoria musical."
teclado-Bm9-2;teclado;Bm9;;B;Si;menor com nona;1 b3 5 b7 9;2;2ª inversão;D-F#-A-B-C#;D|F#|A|B|C#;D;B;D-F#-A-B-C#;"C4 como dó central; ajustar conforme tessitura";Voicing teórico fechado. O desenvolvedor pode distribuir notas entre oitavas e omitir duplicações.;"Dicionário de acordes para teclado anexado; estrutura normalizada por teoria musical."
teclado-Bm9-3;teclado;Bm9;;B;Si;menor com nona;1 b3 5 b7 9;3;3ª inversão;F#-A-B-C#-D;F#|A|B|C#|D;F#;B;F#-A-B-C#-D;"C4 como dó central; ajustar conforme tessitura";Voicing teórico fechado. O desenvolvedor pode distribuir notas entre oitavas e omitir duplicações.;"Dicionário de acordes para teclado anexado; estrutura normalizada por teoria musical."
teclado-Bm9-4;teclado;Bm9;;B;Si;menor com nona;1 b3 5 b7 9;4;4ª inversão;A-B-C#-D-F#;A|B|C#|D|F#;A;B;A-B-C#-D-F#;"C4 como dó central; ajustar conforme tessitura";Voicing teórico fechado. O desenvolvedor pode distribuir notas entre oitavas e omitir duplicações.;"Dicionário de acordes para teclado anexado; estrutura normalizada por teoria musical."
teclado-B11-0;teclado;B11;;B;Si;décima primeira;1 3 5 b7 9 11;0;posição fundamental;B-C#-D#-E-F#-A;B|C#|D#|E|F#|A;B;B;B-C#-D#-E-F#-A;"C4 como dó central; ajustar conforme tessitura";Voicing teórico fechado. O desenvolvedor pode distribuir notas entre oitavas e omitir duplicações.;"Dicionário de acordes para teclado anexado; estrutura normalizada por teoria musical."
teclado-B11-1;teclado;B11;;B;Si;décima primeira;1 3 5 b7 9 11;1;1ª inversão;C#-D#-E-F#-A-B;C#|D#|E|F#|A|B;C#;B;C#-D#-E-F#-A-B;"C4 como dó central; ajustar conforme tessitura";Voicing teórico fechado. O desenvolvedor pode distribuir notas entre oitavas e omitir duplicações.;"Dicionário de acordes para teclado anexado; estrutura normalizada por teoria musical."
teclado-B11-2;teclado;B11;;B;Si;décima primeira;1 3 5 b7 9 11;2;2ª inversão;D#-E-F#-A-B-C#;D#|E|F#|A|B|C#;D#;B;D#-E-F#-A-B-C#;"C4 como dó central; ajustar conforme tessitura";Voicing teórico fechado. O desenvolvedor pode distribuir notas entre oitavas e omitir duplicações.;"Dicionário de acordes para teclado anexado; estrutura normalizada por teoria musical."
teclado-B11-3;teclado;B11;;B;Si;décima primeira;1 3 5 b7 9 11;3;3ª inversão;E-F#-A-B-C#-D#;E|F#|A|B|C#|D#;E;B;E-F#-A-B-C#-D#;"C4 como dó central; ajustar conforme tessitura";Voicing teórico fechado. O desenvolvedor pode distribuir notas entre oitavas e omitir duplicações.;"Dicionário de acordes para teclado anexado; estrutura normalizada por teoria musical."
teclado-B11-4;teclado;B11;;B;Si;décima primeira;1 3 5 b7 9 11;4;4ª inversão;F#-A-B-C#-D#-E;F#|A|B|C#|D#|E;F#;B;F#-A-B-C#-D#-E;"C4 como dó central; ajustar conforme tessitura";Voicing teórico fechado. O desenvolvedor pode distribuir notas entre oitavas e omitir duplicações.;"Dicionário de acordes para teclado anexado; estrutura normalizada por teoria musical."
teclado-B11-5;teclado;B11;;B;Si;décima primeira;1 3 5 b7 9 11;5;5ª inversão;A-B-C#-D#-E-F#;A|B|C#|D#|E|F#;A;B;A-B-C#-D#-E-F#;"C4 como dó central; ajustar conforme tessitura";Voicing teórico fechado. O desenvolvedor pode distribuir notas entre oitavas e omitir duplicações.;"Dicionário de acordes para teclado anexado; estrutura normalizada por teoria musical."
teclado-Bm11-0;teclado;Bm11;;B;Si;menor com décima primeira;1 b3 5 b7 9 11;0;posição fundamental;B-C#-D-E-F#-A;B|C#|D|E|F#|A;B;B;B-C#-D-E-F#-A;"C4 como dó central; ajustar conforme tessitura";Voicing teórico fechado. O desenvolvedor pode distribuir notas entre oitavas e omitir duplicações.;"Dicionário de acordes para teclado anexado; estrutura normalizada por teoria musical."
teclado-Bm11-1;teclado;Bm11;;B;Si;menor com décima primeira;1 b3 5 b7 9 11;1;1ª inversão;C#-D-E-F#-A-B;C#|D|E|F#|A|B;C#;B;C#-D-E-F#-A-B;"C4 como dó central; ajustar conforme tessitura";Voicing teórico fechado. O desenvolvedor pode distribuir notas entre oitavas e omitir duplicações.;"Dicionário de acordes para teclado anexado; estrutura normalizada por teoria musical."
teclado-Bm11-2;teclado;Bm11;;B;Si;menor com décima primeira;1 b3 5 b7 9 11;2;2ª inversão;D-E-F#-A-B-C#;D|E|F#|A|B|C#;D;B;D-E-F#-A-B-C#;"C4 como dó central; ajustar conforme tessitura";Voicing teórico fechado. O desenvolvedor pode distribuir notas entre oitavas e omitir duplicações.;"Dicionário de acordes para teclado anexado; estrutura normalizada por teoria musical."
teclado-Bm11-3;teclado;Bm11;;B;Si;menor com décima primeira;1 b3 5 b7 9 11;3;3ª inversão;E-F#-A-B-C#-D;E|F#|A|B|C#|D;E;B;E-F#-A-B-C#-D;"C4 como dó central; ajustar conforme tessitura";Voicing teórico fechado. O desenvolvedor pode distribuir notas entre oitavas e omitir duplicações.;"Dicionário de acordes para teclado anexado; estrutura normalizada por teoria musical."
teclado-Bm11-4;teclado;Bm11;;B;Si;menor com décima primeira;1 b3 5 b7 9 11;4;4ª inversão;F#-A-B-C#-D-E;F#|A|B|C#|D|E;F#;B;F#-A-B-C#-D-E;"C4 como dó central; ajustar conforme tessitura";Voicing teórico fechado. O desenvolvedor pode distribuir notas entre oitavas e omitir duplicações.;"Dicionário de acordes para teclado anexado; estrutura normalizada por teoria musical."
teclado-Bm11-5;teclado;Bm11;;B;Si;menor com décima primeira;1 b3 5 b7 9 11;5;5ª inversão;A-B-C#-D-E-F#;A|B|C#|D|E|F#;A;B;A-B-C#-D-E-F#;"C4 como dó central; ajustar conforme tessitura";Voicing teórico fechado. O desenvolvedor pode distribuir notas entre oitavas e omitir duplicações.;"Dicionário de acordes para teclado anexado; estrutura normalizada por teoria musical."
teclado-B13-0;teclado;B13;;B;Si;décima terceira;1 3 5 b7 9 13;0;posição fundamental;B-C#-D#-F#-G#-A;B|C#|D#|F#|G#|A;B;B;B-C#-D#-F#-G#-A;"C4 como dó central; ajustar conforme tessitura";Voicing teórico fechado. O desenvolvedor pode distribuir notas entre oitavas e omitir duplicações.;"Dicionário de acordes para teclado anexado; estrutura normalizada por teoria musical."
teclado-B13-1;teclado;B13;;B;Si;décima terceira;1 3 5 b7 9 13;1;1ª inversão;C#-D#-F#-G#-A-B;C#|D#|F#|G#|A|B;C#;B;C#-D#-F#-G#-A-B;"C4 como dó central; ajustar conforme tessitura";Voicing teórico fechado. O desenvolvedor pode distribuir notas entre oitavas e omitir duplicações.;"Dicionário de acordes para teclado anexado; estrutura normalizada por teoria musical."
teclado-B13-2;teclado;B13;;B;Si;décima terceira;1 3 5 b7 9 13;2;2ª inversão;D#-F#-G#-A-B-C#;D#|F#|G#|A|B|C#;D#;B;D#-F#-G#-A-B-C#;"C4 como dó central; ajustar conforme tessitura";Voicing teórico fechado. O desenvolvedor pode distribuir notas entre oitavas e omitir duplicações.;"Dicionário de acordes para teclado anexado; estrutura normalizada por teoria musical."
teclado-B13-3;teclado;B13;;B;Si;décima terceira;1 3 5 b7 9 13;3;3ª inversão;F#-G#-A-B-C#-D#;F#|G#|A|B|C#|D#;F#;B;F#-G#-A-B-C#-D#;"C4 como dó central; ajustar conforme tessitura";Voicing teórico fechado. O desenvolvedor pode distribuir notas entre oitavas e omitir duplicações.;"Dicionário de acordes para teclado anexado; estrutura normalizada por teoria musical."
teclado-B13-4;teclado;B13;;B;Si;décima terceira;1 3 5 b7 9 13;4;4ª inversão;G#-A-B-C#-D#-F#;G#|A|B|C#|D#|F#;G#;B;G#-A-B-C#-D#-F#;"C4 como dó central; ajustar conforme tessitura";Voicing teórico fechado. O desenvolvedor pode distribuir notas entre oitavas e omitir duplicações.;"Dicionário de acordes para teclado anexado; estrutura normalizada por teoria musical."
teclado-B13-5;teclado;B13;;B;Si;décima terceira;1 3 5 b7 9 13;5;5ª inversão;A-B-C#-D#-F#-G#;A|B|C#|D#|F#|G#;A;B;A-B-C#-D#-F#-G#;"C4 como dó central; ajustar conforme tessitura";Voicing teórico fechado. O desenvolvedor pode distribuir notas entre oitavas e omitir duplicações.;"Dicionário de acordes para teclado anexado; estrutura normalizada por teoria musical."
teclado-Bm13-0;teclado;Bm13;;B;Si;menor com décima terceira;1 b3 5 b7 9 13;0;posição fundamental;B-C#-D-F#-G#-A;B|C#|D|F#|G#|A;B;B;B-C#-D-F#-G#-A;"C4 como dó central; ajustar conforme tessitura";Voicing teórico fechado. O desenvolvedor pode distribuir notas entre oitavas e omitir duplicações.;"Dicionário de acordes para teclado anexado; estrutura normalizada por teoria musical."
teclado-Bm13-1;teclado;Bm13;;B;Si;menor com décima terceira;1 b3 5 b7 9 13;1;1ª inversão;C#-D-F#-G#-A-B;C#|D|F#|G#|A|B;C#;B;C#-D-F#-G#-A-B;"C4 como dó central; ajustar conforme tessitura";Voicing teórico fechado. O desenvolvedor pode distribuir notas entre oitavas e omitir duplicações.;"Dicionário de acordes para teclado anexado; estrutura normalizada por teoria musical."
teclado-Bm13-2;teclado;Bm13;;B;Si;menor com décima terceira;1 b3 5 b7 9 13;2;2ª inversão;D-F#-G#-A-B-C#;D|F#|G#|A|B|C#;D;B;D-F#-G#-A-B-C#;"C4 como dó central; ajustar conforme tessitura";Voicing teórico fechado. O desenvolvedor pode distribuir notas entre oitavas e omitir duplicações.;"Dicionário de acordes para teclado anexado; estrutura normalizada por teoria musical."
teclado-Bm13-3;teclado;Bm13;;B;Si;menor com décima terceira;1 b3 5 b7 9 13;3;3ª inversão;F#-G#-A-B-C#-D;F#|G#|A|B|C#|D;F#;B;F#-G#-A-B-C#-D;"C4 como dó central; ajustar conforme tessitura";Voicing teórico fechado. O desenvolvedor pode distribuir notas entre oitavas e omitir duplicações.;"Dicionário de acordes para teclado anexado; estrutura normalizada por teoria musical."
teclado-Bm13-4;teclado;Bm13;;B;Si;menor com décima terceira;1 b3 5 b7 9 13;4;4ª inversão;G#-A-B-C#-D-F#;G#|A|B|C#|D|F#;G#;B;G#-A-B-C#-D-F#;"C4 como dó central; ajustar conforme tessitura";Voicing teórico fechado. O desenvolvedor pode distribuir notas entre oitavas e omitir duplicações.;"Dicionário de acordes para teclado anexado; estrutura normalizada por teoria musical."
teclado-Bm13-5;teclado;Bm13;;B;Si;menor com décima terceira;1 b3 5 b7 9 13;5;5ª inversão;A-B-C#-D-F#-G#;A|B|C#|D|F#|G#;A;B;A-B-C#-D-F#-G#;"C4 como dó central; ajustar conforme tessitura";Voicing teórico fechado. O desenvolvedor pode distribuir notas entre oitavas e omitir duplicações.;"Dicionário de acordes para teclado anexado; estrutura normalizada por teoria musical."
teclado-B7b5-0;teclado;B7b5;;B;Si;sétima com quinta diminuta;1 3 b5 b7;0;posição fundamental;B-D#-F-A;B|D#|F|A;B;B;B-D#-F-A;"C4 como dó central; ajustar conforme tessitura";Voicing teórico fechado. O desenvolvedor pode distribuir notas entre oitavas e omitir duplicações.;"Dicionário de acordes para teclado anexado; estrutura normalizada por teoria musical."
teclado-B7b5-1;teclado;B7b5;;B;Si;sétima com quinta diminuta;1 3 b5 b7;1;1ª inversão;D#-F-A-B;D#|F|A|B;D#;B;D#-F-A-B;"C4 como dó central; ajustar conforme tessitura";Voicing teórico fechado. O desenvolvedor pode distribuir notas entre oitavas e omitir duplicações.;"Dicionário de acordes para teclado anexado; estrutura normalizada por teoria musical."
teclado-B7b5-2;teclado;B7b5;;B;Si;sétima com quinta diminuta;1 3 b5 b7;2;2ª inversão;F-A-B-D#;F|A|B|D#;F;B;F-A-B-D#;"C4 como dó central; ajustar conforme tessitura";Voicing teórico fechado. O desenvolvedor pode distribuir notas entre oitavas e omitir duplicações.;"Dicionário de acordes para teclado anexado; estrutura normalizada por teoria musical."
teclado-B7b5-3;teclado;B7b5;;B;Si;sétima com quinta diminuta;1 3 b5 b7;3;3ª inversão;A-B-D#-F;A|B|D#|F;A;B;A-B-D#-F;"C4 como dó central; ajustar conforme tessitura";Voicing teórico fechado. O desenvolvedor pode distribuir notas entre oitavas e omitir duplicações.;"Dicionário de acordes para teclado anexado; estrutura normalizada por teoria musical."
teclado-B7#5-0;teclado;B7#5;;B;Si;sétima com quinta aumentada;1 3 #5 b7;0;posição fundamental;B-D#-G-A;B|D#|G|A;B;B;B-D#-G-A;"C4 como dó central; ajustar conforme tessitura";Voicing teórico fechado. O desenvolvedor pode distribuir notas entre oitavas e omitir duplicações.;"Dicionário de acordes para teclado anexado; estrutura normalizada por teoria musical."
teclado-B7#5-1;teclado;B7#5;;B;Si;sétima com quinta aumentada;1 3 #5 b7;1;1ª inversão;D#-G-A-B;D#|G|A|B;D#;B;D#-G-A-B;"C4 como dó central; ajustar conforme tessitura";Voicing teórico fechado. O desenvolvedor pode distribuir notas entre oitavas e omitir duplicações.;"Dicionário de acordes para teclado anexado; estrutura normalizada por teoria musical."
teclado-B7#5-2;teclado;B7#5;;B;Si;sétima com quinta aumentada;1 3 #5 b7;2;2ª inversão;G-A-B-D#;G|A|B|D#;G;B;G-A-B-D#;"C4 como dó central; ajustar conforme tessitura";Voicing teórico fechado. O desenvolvedor pode distribuir notas entre oitavas e omitir duplicações.;"Dicionário de acordes para teclado anexado; estrutura normalizada por teoria musical."
teclado-B7#5-3;teclado;B7#5;;B;Si;sétima com quinta aumentada;1 3 #5 b7;3;3ª inversão;A-B-D#-G;A|B|D#|G;A;B;A-B-D#-G;"C4 como dó central; ajustar conforme tessitura";Voicing teórico fechado. O desenvolvedor pode distribuir notas entre oitavas e omitir duplicações.;"Dicionário de acordes para teclado anexado; estrutura normalizada por teoria musical."
teclado-B7b9-0;teclado;B7b9;;B;Si;sétima com nona menor;1 b9 3 5 b7;0;posição fundamental;B-C-D#-F#-A;B|C|D#|F#|A;B;B;B-C-D#-F#-A;"C4 como dó central; ajustar conforme tessitura";Voicing teórico fechado. O desenvolvedor pode distribuir notas entre oitavas e omitir duplicações.;"Dicionário de acordes para teclado anexado; estrutura normalizada por teoria musical."
teclado-B7b9-1;teclado;B7b9;;B;Si;sétima com nona menor;1 b9 3 5 b7;1;1ª inversão;C-D#-F#-A-B;C|D#|F#|A|B;C;B;C-D#-F#-A-B;"C4 como dó central; ajustar conforme tessitura";Voicing teórico fechado. O desenvolvedor pode distribuir notas entre oitavas e omitir duplicações.;"Dicionário de acordes para teclado anexado; estrutura normalizada por teoria musical."
teclado-B7b9-2;teclado;B7b9;;B;Si;sétima com nona menor;1 b9 3 5 b7;2;2ª inversão;D#-F#-A-B-C;D#|F#|A|B|C;D#;B;D#-F#-A-B-C;"C4 como dó central; ajustar conforme tessitura";Voicing teórico fechado. O desenvolvedor pode distribuir notas entre oitavas e omitir duplicações.;"Dicionário de acordes para teclado anexado; estrutura normalizada por teoria musical."
teclado-B7b9-3;teclado;B7b9;;B;Si;sétima com nona menor;1 b9 3 5 b7;3;3ª inversão;F#-A-B-C-D#;F#|A|B|C|D#;F#;B;F#-A-B-C-D#;"C4 como dó central; ajustar conforme tessitura";Voicing teórico fechado. O desenvolvedor pode distribuir notas entre oitavas e omitir duplicações.;"Dicionário de acordes para teclado anexado; estrutura normalizada por teoria musical."
teclado-B7b9-4;teclado;B7b9;;B;Si;sétima com nona menor;1 b9 3 5 b7;4;4ª inversão;A-B-C-D#-F#;A|B|C|D#|F#;A;B;A-B-C-D#-F#;"C4 como dó central; ajustar conforme tessitura";Voicing teórico fechado. O desenvolvedor pode distribuir notas entre oitavas e omitir duplicações.;"Dicionário de acordes para teclado anexado; estrutura normalizada por teoria musical."
teclado-B7#9-0;teclado;B7#9;;B;Si;sétima com nona aumentada;1 #9 3 5 b7;0;posição fundamental;B-D-D#-F#-A;B|D|D#|F#|A;B;B;B-D-D#-F#-A;"C4 como dó central; ajustar conforme tessitura";Voicing teórico fechado. O desenvolvedor pode distribuir notas entre oitavas e omitir duplicações.;"Dicionário de acordes para teclado anexado; estrutura normalizada por teoria musical."
teclado-B7#9-1;teclado;B7#9;;B;Si;sétima com nona aumentada;1 #9 3 5 b7;1;1ª inversão;D-D#-F#-A-B;D|D#|F#|A|B;D;B;D-D#-F#-A-B;"C4 como dó central; ajustar conforme tessitura";Voicing teórico fechado. O desenvolvedor pode distribuir notas entre oitavas e omitir duplicações.;"Dicionário de acordes para teclado anexado; estrutura normalizada por teoria musical."
teclado-B7#9-2;teclado;B7#9;;B;Si;sétima com nona aumentada;1 #9 3 5 b7;2;2ª inversão;D#-F#-A-B-D;D#|F#|A|B|D;D#;B;D#-F#-A-B-D;"C4 como dó central; ajustar conforme tessitura";Voicing teórico fechado. O desenvolvedor pode distribuir notas entre oitavas e omitir duplicações.;"Dicionário de acordes para teclado anexado; estrutura normalizada por teoria musical."
teclado-B7#9-3;teclado;B7#9;;B;Si;sétima com nona aumentada;1 #9 3 5 b7;3;3ª inversão;F#-A-B-D-D#;F#|A|B|D|D#;F#;B;F#-A-B-D-D#;"C4 como dó central; ajustar conforme tessitura";Voicing teórico fechado. O desenvolvedor pode distribuir notas entre oitavas e omitir duplicações.;"Dicionário de acordes para teclado anexado; estrutura normalizada por teoria musical."
teclado-B7#9-4;teclado;B7#9;;B;Si;sétima com nona aumentada;1 #9 3 5 b7;4;4ª inversão;A-B-D-D#-F#;A|B|D|D#|F#;A;B;A-B-D-D#-F#;"C4 como dó central; ajustar conforme tessitura";Voicing teórico fechado. O desenvolvedor pode distribuir notas entre oitavas e omitir duplicações.;"Dicionário de acordes para teclado anexado; estrutura normalizada por teoria musical."
teclado-B5-0;teclado;B5;;B;Si;quinta (power chord);1 5;0;posição fundamental;B-F#;B|F#;B;B;B-F#;"C4 como dó central; ajustar conforme tessitura";Voicing teórico fechado. O desenvolvedor pode distribuir notas entre oitavas e omitir duplicações.;"Dicionário de acordes para teclado anexado; estrutura normalizada por teoria musical."
teclado-B5-1;teclado;B5;;B;Si;quinta (power chord);1 5;1;1ª inversão;F#-B;F#|B;F#;B;F#-B;"C4 como dó central; ajustar conforme tessitura";Voicing teórico fechado. O desenvolvedor pode distribuir notas entre oitavas e omitir duplicações.;"Dicionário de acordes para teclado anexado; estrutura normalizada por teoria musical."
